lesson_id,schedule_id,student_id,teacher_id,lesson_date,duration,feedback
L000001,SCH0001,STU0094,T019,2025-10-04,1.67,
L000002,SCH0001,STU0094,T019,2025-10-11,1.0,语法掌握一般
L000003,SCH0001,STU0094,T019,2025-10-18,1.67,完成本节内容
L000004,SCH0001,STU0094,T019,2025-10-25,1.5,课堂参与积极
L000005,SCH0001,STU0094,T019,2025-11-01,1.67,完成本节内容
L000006,SCH0001,STU0094,T019,2025-11-08,1.0,语法掌握一般
L000007,SCH0001,STU0094,T019,2025-11-15,1.5,完成本节内容
L000008,SCH0001,STU0094,T019,2025-11-22,1.0,完成本节内容
L000009,SCH0001,STU0094,T019,2025-11-29,1.0,完成本节内容
L000010,SCH0001,STU0094,T019,2025-12-06,1.0,课堂参与积极
L000011,SCH0001,STU0094,T019,2025-12-13,1.0,
L000012,SCH0001,STU0094,T019,2025-12-20,1.0,需要加强口语练习
L000013,SCH0001,STU0094,T019,2025-12-27,2.0,完成本节内容
L000014,SCH0001,STU0094,T019,2026-01-03,2.0,课堂参与积极
L000015,SCH0001,STU0094,T019,2026-01-10,1.0,语法掌握一般
L000016,SCH0001,STU0094,T019,2026-01-17,1.0,完成本节内容
L000017,SCH0001,STU0094,T019,2026-01-24,1.0,课堂参与积极
L000018,SCH0001,STU0094,T019,2026-01-31,1.67,语法掌握一般
L000019,SCH0001,STU0094,T019,2026-02-07,1.0,完成本节内容
L000020,SCH0001,STU0094,T019,2026-02-14,1.67,完成本节内容
L000021,SCH0001,STU0094,T019,2026-02-21,1.0,需要加强口语练习
L000022,SCH0001,STU0094,T019,2026-02-28,1.5,
L000023,SCH0001,STU0094,T019,2026-03-07,1.67,完成本节内容
L000024,SCH0001,STU0094,T019,2026-03-14,2.0,课堂参与积极
L000025,SCH0001,STU0094,T019,2026-03-21,1.0,语法掌握一般
L000026,SCH0001,STU0094,T019,2026-03-28,1.0,完成本节内容
L000027,SCH0001,STU0094,T019,2026-04-04,1.0,课堂参与积极
L000028,SCH0001,STU0094,T019,2026-04-11,1.67,语法掌握一般
L000029,SCH0001,STU0094,T019,2026-04-18,1.67,语法掌握一般
L000030,SCH0001,STU0094,T019,2026-04-25,1.0,课堂参与积极
L000031,SCH0001,STU0094,T019,2026-05-02,1.67,语法掌握一般
L000032,SCH0001,STU0094,T019,2026-05-09,2.0,需要加强口语练习
L000033,SCH0001,STU0094,T019,2026-05-16,1.5,需要加强口语练习
L000034,SCH0001,STU0094,T019,2026-05-23,1.67,需要加强口语练习
L000035,SCH0001,STU0094,T019,2026-05-30,1.5,需要加强口语练习
L000036,SCH0001,STU0094,T019,2026-06-06,1.0,语法掌握一般
L000037,SCH0001,STU0094,T019,2026-06-13,1.0,语法掌握一般
L000038,SCH0001,STU0094,T019,2026-06-20,1.67,需要加强口语练习
L000039,SCH0001,STU0094,T019,2026-06-27,1.0,语法掌握一般
L000040,SCH0001,STU0094,T019,2026-07-04,1.67,完成本节内容
L000041,SCH0001,STU0094,T019,2026-07-11,1.0,课堂参与积极
L000042,SCH0001,STU0094,T019,2026-07-18,1.0,完成本节内容
L000043,SCH0001,STU0094,T019,2026-07-25,1.0,完成本节内容
L000044,SCH0001,STU0094,T019,2026-08-01,2.0,课堂参与积极
L000045,SCH0001,STU0094,T019,2026-08-08,1.0,语法掌握一般
L000046,SCH0001,STU0094,T019,2026-08-15,1.0,语法掌握一般
L000047,SCH0001,STU0094,T019,2026-08-22,1.0,课堂参与积极
L000048,SCH0001,STU0094,T019,2026-08-29,1.5,完成本节内容
L000049,SCH0002,,T017,2025-11-15,1.67,语法掌握一般
L000050,SCH0002,,T017,2025-11-22,1.0,语法掌握一般
L000051,SCH0002,,T017,2025-11-29,1.67,完成本节内容
L000052,SCH0002,,T017,2025-12-06,1.0,语法掌握一般
L000053,SCH0002,,T017,2025-12-13,1.0,完成本节内容
L000054,SCH0002,,T017,2025-12-20,2.0,课堂参与积极
L000055,SCH0002,,T017,2025-12-27,1.67,需要加强口语练习
L000056,SCH0002,,T017,2026-01-03,1.0,完成本节内容
L000057,SCH0002,,T017,2026-01-10,2.0,完成本节内容
L000058,SCH0002,,T017,2026-01-17,1.67,
L000059,SCH0002,,T017,2026-01-24,1.67,完成本节内容
L000060,SCH0002,,T017,2026-01-31,1.0,课堂参与积极
L000061,SCH0002,,T017,2026-02-07,1.0,需要加强口语练习
L000062,SCH0002,,T017,2026-02-14,1.0,需要加强口语练习
L000063,SCH0002,,T017,2026-02-21,1.67,课堂参与积极
L000064,SCH0002,,T017,2026-02-28,1.0,完成本节内容
L000065,SCH0002,,T017,2026-03-07,2.0,需要加强口语练习
L000066,SCH0002,,T017,2026-03-14,1.0,需要加强口语练习
L000067,SCH0002,,T017,2026-03-21,1.67,语法掌握一般
L000068,SCH0002,,T017,2026-03-28,1.0,完成本节内容
L000069,SCH0002,,T017,2026-04-04,1.0,需要加强口语练习
L000070,SCH0002,,T017,2026-04-11,2.0,完成本节内容
L000071,SCH0002,,T017,2026-04-18,1.5,完成本节内容
L000072,SCH0002,,T017,2026-04-25,1.0,课堂参与积极
L000073,SCH0002,,T017,2026-05-02,1.5,课堂参与积极
L000074,SCH0002,,T017,2026-05-09,1.0,完成本节内容
L000075,SCH0002,,T017,2026-05-16,2.0,完成本节内容
L000076,SCH0002,,T017,2026-05-23,1.0,完成本节内容
L000077,SCH0002,,T017,2026-05-30,1.67,语法掌握一般
L000078,SCH0002,,T017,2026-06-06,1.67,需要加强口语练习
L000079,SCH0002,,T017,2026-06-13,1.0,语法掌握一般
L000080,SCH0002,,T017,2026-06-20,1.67,课堂参与积极
L000081,SCH0002,,T017,2026-06-27,1.0,完成本节内容
L000082,SCH0002,,T017,2026-07-04,1.0,
L000083,SCH0002,,T017,2026-07-11,1.5,
L000084,SCH0002,,T017,2026-07-18,2.0,需要加强口语练习
L000085,SCH0002,,T017,2026-07-25,1.0,课堂参与积极
L000086,SCH0002,,T017,2026-08-01,1.67,完成本节内容
L000087,SCH0002,,T017,2026-08-08,2.0,需要加强口语练习
L000088,SCH0002,,T017,2026-08-15,1.5,完成本节内容
L000089,SCH0002,,T017,2026-08-22,1.67,需要加强口语练习
L000090,SCH0002,,T017,2026-08-29,1.67,完成本节内容
L000091,SCH0003,,T018,2025-05-01,1.5,语法掌握一般
L000092,SCH0003,,T018,2025-05-08,1.67,课堂参与积极
L000093,SCH0003,,T018,2025-05-15,1.67,完成本节内容
L000094,SCH0003,,T018,2025-05-22,1.67,需要加强口语练习
L000095,SCH0003,,T018,2025-05-29,2.0,语法掌握一般
L000096,SCH0003,,T018,2025-06-05,1.0,需要加强口语练习
L000097,SCH0003,,T018,2025-06-12,1.67,完成本节内容
L000098,SCH0003,,T018,2025-06-19,1.0,完成本节内容
L000099,SCH0003,,T018,2025-06-26,1.5,完成本节内容
L000100,SCH0003,,T018,2025-07-03,1.67,完成本节内容
L000101,SCH0003,,T018,2025-07-10,1.5,完成本节内容
L000102,SCH0003,,T018,2025-07-17,2.0,需要加强口语练习
L000103,SCH0003,,T018,2025-07-24,1.67,需要加强口语练习
L000104,SCH0003,,T018,2025-07-31,1.0,课堂参与积极
L000105,SCH0003,,T018,2025-08-07,1.67,语法掌握一般
L000106,SCH0003,,T018,2025-08-14,1.0,需要加强口语练习
L000107,SCH0003,,T018,2025-08-21,1.0,语法掌握一般
L000108,SCH0003,,T018,2025-08-28,1.0,课堂参与积极
L000109,SCH0003,,T018,2025-09-04,1.0,完成本节内容
L000110,SCH0003,,T018,2025-09-11,1.0,课堂参与积极
L000111,SCH0003,,T018,2025-09-18,1.0,完成本节内容
L000112,SCH0003,,T018,2025-09-25,1.67,课堂参与积极
L000113,SCH0003,,T018,2025-10-02,1.67,完成本节内容
L000114,SCH0003,,T018,2025-10-09,1.0,课堂参与积极
L000115,SCH0003,,T018,2025-10-16,2.0,语法掌握一般
L000116,SCH0003,,T018,2025-10-23,1.0,完成本节内容
L000117,SCH0003,,T018,2025-10-30,1.67,完成本节内容
L000118,SCH0003,,T018,2025-11-06,2.0,需要加强口语练习
L000119,SCH0003,,T018,2025-11-13,1.0,
L000120,SCH0003,,T018,2025-11-20,1.0,需要加强口语练习
L000121,SCH0003,,T018,2025-11-27,1.0,需要加强口语练习
L000122,SCH0003,,T018,2025-12-04,1.67,需要加强口语练习
L000123,SCH0003,,T018,2025-12-11,1.67,语法掌握一般
L000124,SCH0003,,T018,2025-12-18,1.67,需要加强口语练习
L000125,SCH0003,,T018,2025-12-25,1.67,语法掌握一般
L000126,SCH0003,,T018,2026-01-01,1.0,需要加强口语练习
L000127,SCH0003,,T018,2026-01-08,1.0,需要加强口语练习
L000128,SCH0003,,T018,2026-01-15,1.67,语法掌握一般
L000129,SCH0003,,T018,2026-01-22,2.0,需要加强口语练习
L000130,SCH0003,,T018,2026-01-29,1.5,
L000131,SCH0003,,T018,2026-02-05,1.0,课堂参与积极
L000132,SCH0003,,T018,2026-02-12,2.0,语法掌握一般
L000133,SCH0003,,T018,2026-02-19,1.0,课堂参与积极
L000134,SCH0003,,T018,2026-02-26,2.0,课堂参与积极
L000135,SCH0003,,T018,2026-03-05,1.67,
L000136,SCH0003,,T018,2026-03-12,1.5,课堂参与积极
L000137,SCH0003,,T018,2026-03-19,1.0,语法掌握一般
L000138,SCH0003,,T018,2026-03-26,1.67,课堂参与积极
L000139,SCH0003,,T018,2026-04-02,1.5,需要加强口语练习
L000140,SCH0003,,T018,2026-04-09,1.0,完成本节内容
L000141,SCH0003,,T018,2026-04-16,1.0,语法掌握一般
L000142,SCH0003,,T018,2026-04-23,1.0,
L000143,SCH0003,,T018,2026-04-30,2.0,需要加强口语练习
L000144,SCH0003,,T018,2026-05-07,1.0,课堂参与积极
L000145,SCH0003,,T018,2026-05-14,1.0,完成本节内容
L000146,SCH0003,,T018,2026-05-21,1.0,课堂参与积极
L000147,SCH0003,,T018,2026-05-28,1.0,需要加强口语练习
L000148,SCH0003,,T018,2026-06-04,1.0,课堂参与积极
L000149,SCH0003,,T018,2026-06-11,2.0,需要加强口语练习
L000150,SCH0003,,T018,2026-06-18,1.0,语法掌握一般
L000151,SCH0003,,T018,2026-06-25,2.0,
L000152,SCH0003,,T018,2026-07-02,1.5,完成本节内容
L000153,SCH0003,,T018,2026-07-09,1.67,课堂参与积极
L000154,SCH0003,,T018,2026-07-16,1.0,课堂参与积极
L000155,SCH0003,,T018,2026-07-23,1.5,课堂参与积极
L000156,SCH0003,,T018,2026-07-30,2.0,完成本节内容
L000157,SCH0003,,T018,2026-08-06,1.5,完成本节内容
L000158,SCH0003,,T018,2026-08-13,1.0,
L000159,SCH0003,,T018,2026-08-20,1.67,语法掌握一般
L000160,SCH0003,,T018,2026-08-27,1.0,完成本节内容
L000161,SCH0004,,T019,2026-02-09,2.0,语法掌握一般
L000162,SCH0004,,T019,2026-02-16,1.0,课堂参与积极
L000163,SCH0004,,T019,2026-02-23,1.67,语法掌握一般
L000164,SCH0004,,T019,2026-03-02,1.0,需要加强口语练习
L000165,SCH0004,,T019,2026-03-09,1.0,需要加强口语练习
L000166,SCH0004,,T019,2026-03-16,1.5,语法掌握一般
L000167,SCH0004,,T019,2026-03-23,2.0,语法掌握一般
L000168,SCH0004,,T019,2026-03-30,1.67,完成本节内容
L000169,SCH0004,,T019,2026-04-06,1.67,
L000170,SCH0004,,T019,2026-04-13,1.5,完成本节内容
L000171,SCH0004,,T019,2026-04-20,1.5,需要加强口语练习
L000172,SCH0004,,T019,2026-04-27,2.0,课堂参与积极
L000173,SCH0004,,T019,2026-05-04,1.0,完成本节内容
L000174,SCH0004,,T019,2026-05-11,1.5,需要加强口语练习
L000175,SCH0004,,T019,2026-05-18,1.0,完成本节内容
L000176,SCH0004,,T019,2026-05-25,1.0,完成本节内容
L000177,SCH0004,,T019,2026-06-01,1.0,
L000178,SCH0004,,T019,2026-06-08,1.67,
L000179,SCH0004,,T019,2026-06-15,2.0,需要加强口语练习
L000180,SCH0004,,T019,2026-06-22,1.67,课堂参与积极
L000181,SCH0004,,T019,2026-06-29,1.0,语法掌握一般
L000182,SCH0004,,T019,2026-07-06,1.67,课堂参与积极
L000183,SCH0004,,T019,2026-07-13,2.0,语法掌握一般
L000184,SCH0004,,T019,2026-07-20,1.0,课堂参与积极
L000185,SCH0004,,T019,2026-07-27,1.67,
L000186,SCH0004,,T019,2026-08-03,1.5,需要加强口语练习
L000187,SCH0004,,T019,2026-08-10,1.67,需要加强口语练习
L000188,SCH0004,,T019,2026-08-17,1.0,课堂参与积极
L000189,SCH0004,,T019,2026-08-24,1.67,
L000190,SCH0005,STU0003,T003,2026-04-28,1.0,完成本节内容
L000191,SCH0005,STU0003,T003,2026-05-05,1.0,语法掌握一般
L000192,SCH0005,STU0003,T003,2026-05-12,1.0,语法掌握一般
L000193,SCH0005,STU0003,T003,2026-05-19,1.67,完成本节内容
L000194,SCH0005,STU0003,T003,2026-05-26,1.67,课堂参与积极
L000195,SCH0005,STU0003,T003,2026-06-02,1.5,语法掌握一般
L000196,SCH0005,STU0003,T003,2026-06-09,1.67,完成本节内容
L000197,SCH0005,STU0003,T003,2026-06-16,1.0,完成本节内容
L000198,SCH0005,STU0003,T003,2026-06-23,1.5,语法掌握一般
L000199,SCH0005,STU0003,T003,2026-06-30,1.5,
L000200,SCH0005,STU0003,T003,2026-07-07,1.0,需要加强口语练习
L000201,SCH0005,STU0003,T003,2026-07-14,1.67,完成本节内容
L000202,SCH0005,STU0003,T003,2026-07-21,1.67,课堂参与积极
L000203,SCH0005,STU0003,T003,2026-07-28,1.0,完成本节内容
L000204,SCH0005,STU0003,T003,2026-08-04,2.0,
L000205,SCH0005,STU0003,T003,2026-08-11,1.67,课堂参与积极
L000206,SCH0005,STU0003,T003,2026-08-18,1.0,
L000207,SCH0005,STU0003,T003,2026-08-25,2.0,语法掌握一般
L000208,SCH0006,STU0018,T017,2026-04-11,1.0,课堂参与积极
L000209,SCH0006,STU0018,T017,2026-04-18,1.0,课堂参与积极
L000210,SCH0006,STU0018,T017,2026-04-25,1.5,完成本节内容
L000211,SCH0006,STU0018,T017,2026-05-02,1.0,课堂参与积极
L000212,SCH0006,STU0018,T017,2026-05-09,1.67,完成本节内容
L000213,SCH0006,STU0018,T017,2026-05-16,1.0,完成本节内容
L000214,SCH0006,STU0018,T017,2026-05-23,1.0,完成本节内容
L000215,SCH0006,STU0018,T017,2026-05-30,1.5,需要加强口语练习
L000216,SCH0006,STU0018,T017,2026-06-06,2.0,语法掌握一般
L000217,SCH0006,STU0018,T017,2026-06-13,1.0,
L000218,SCH0006,STU0018,T017,2026-06-20,2.0,完成本节内容
L000219,SCH0006,STU0018,T017,2026-06-27,1.0,需要加强口语练习
L000220,SCH0006,STU0018,T017,2026-07-04,1.0,完成本节内容
L000221,SCH0006,STU0018,T017,2026-07-11,1.0,完成本节内容
L000222,SCH0006,STU0018,T017,2026-07-18,1.0,完成本节内容
L000223,SCH0006,STU0018,T017,2026-07-25,1.67,完成本节内容
L000224,SCH0006,STU0018,T017,2026-08-01,1.0,
L000225,SCH0006,STU0018,T017,2026-08-08,1.0,语法掌握一般
L000226,SCH0006,STU0018,T017,2026-08-15,1.67,语法掌握一般
L000227,SCH0006,STU0018,T017,2026-08-22,2.0,
L000228,SCH0006,STU0018,T017,2026-08-29,1.67,课堂参与积极
L000229,SCH0007,STU0023,T017,2025-04-01,1.0,需要加强口语练习
L000230,SCH0007,STU0023,T017,2025-04-08,1.0,需要加强口语练习
L000231,SCH0007,STU0023,T017,2025-04-15,1.67,语法掌握一般
L000232,SCH0007,STU0023,T017,2025-04-22,1.67,课堂参与积极
L000233,SCH0007,STU0023,T017,2025-04-29,1.0,需要加强口语练习
L000234,SCH0007,STU0023,T017,2025-05-06,1.67,完成本节内容
L000235,SCH0007,STU0023,T017,2025-05-13,1.0,语法掌握一般
L000236,SCH0007,STU0023,T017,2025-05-20,1.0,
L000237,SCH0007,STU0023,T017,2025-05-27,1.67,完成本节内容
L000238,SCH0007,STU0023,T017,2025-06-03,2.0,课堂参与积极
L000239,SCH0007,STU0023,T017,2025-06-10,1.5,完成本节内容
L000240,SCH0007,STU0023,T017,2025-06-17,1.0,需要加强口语练习
L000241,SCH0007,STU0023,T017,2025-06-24,1.5,需要加强口语练习
L000242,SCH0007,STU0023,T017,2025-07-01,1.0,语法掌握一般
L000243,SCH0007,STU0023,T017,2025-07-08,1.0,
L000244,SCH0007,STU0023,T017,2025-07-15,1.0,需要加强口语练习
L000245,SCH0007,STU0023,T017,2025-07-22,1.0,语法掌握一般
L000246,SCH0007,STU0023,T017,2025-07-29,1.5,语法掌握一般
L000247,SCH0007,STU0023,T017,2025-08-05,1.0,需要加强口语练习
L000248,SCH0007,STU0023,T017,2025-08-12,1.0,完成本节内容
L000249,SCH0007,STU0023,T017,2025-08-19,1.0,
L000250,SCH0007,STU0023,T017,2025-08-26,1.0,语法掌握一般
L000251,SCH0007,STU0023,T017,2025-09-02,1.0,完成本节内容
L000252,SCH0007,STU0023,T017,2025-09-09,1.0,完成本节内容
L000253,SCH0007,STU0023,T017,2025-09-16,1.0,课堂参与积极
L000254,SCH0007,STU0023,T017,2025-09-23,1.0,需要加强口语练习
L000255,SCH0007,STU0023,T017,2025-09-30,1.5,完成本节内容
L000256,SCH0007,STU0023,T017,2025-10-07,1.0,语法掌握一般
L000257,SCH0007,STU0023,T017,2025-10-14,1.0,需要加强口语练习
L000258,SCH0007,STU0023,T017,2025-10-21,1.67,需要加强口语练习
L000259,SCH0007,STU0023,T017,2025-10-28,1.0,完成本节内容
L000260,SCH0007,STU0023,T017,2025-11-04,1.67,语法掌握一般
L000261,SCH0007,STU0023,T017,2025-11-11,2.0,需要加强口语练习
L000262,SCH0007,STU0023,T017,2025-11-18,1.0,完成本节内容
L000263,SCH0007,STU0023,T017,2025-11-25,1.5,语法掌握一般
L000264,SCH0007,STU0023,T017,2025-12-02,1.67,课堂参与积极
L000265,SCH0007,STU0023,T017,2025-12-09,1.0,完成本节内容
L000266,SCH0007,STU0023,T017,2025-12-16,1.0,完成本节内容
L000267,SCH0007,STU0023,T017,2025-12-23,1.67,完成本节内容
L000268,SCH0007,STU0023,T017,2025-12-30,1.0,语法掌握一般
L000269,SCH0007,STU0023,T017,2026-01-06,1.0,需要加强口语练习
L000270,SCH0007,STU0023,T017,2026-01-13,1.0,完成本节内容
L000271,SCH0007,STU0023,T017,2026-01-20,1.67,需要加强口语练习
L000272,SCH0007,STU0023,T017,2026-01-27,1.0,需要加强口语练习
L000273,SCH0007,STU0023,T017,2026-02-03,1.67,需要加强口语练习
L000274,SCH0007,STU0023,T017,2026-02-10,1.0,完成本节内容
L000275,SCH0007,STU0023,T017,2026-02-17,1.5,完成本节内容
L000276,SCH0007,STU0023,T017,2026-02-24,1.5,需要加强口语练习
L000277,SCH0007,STU0023,T017,2026-03-03,2.0,课堂参与积极
L000278,SCH0007,STU0023,T017,2026-03-10,1.0,课堂参与积极
L000279,SCH0007,STU0023,T017,2026-03-17,1.67,完成本节内容
L000280,SCH0007,STU0023,T017,2026-03-24,1.67,课堂参与积极
L000281,SCH0007,STU0023,T017,2026-03-31,1.0,语法掌握一般
L000282,SCH0007,STU0023,T017,2026-04-07,1.67,
L000283,SCH0007,STU0023,T017,2026-04-14,1.67,完成本节内容
L000284,SCH0007,STU0023,T017,2026-04-21,1.0,完成本节内容
L000285,SCH0007,STU0023,T017,2026-04-28,1.5,完成本节内容
L000286,SCH0007,STU0023,T017,2026-05-05,1.0,需要加强口语练习
L000287,SCH0007,STU0023,T017,2026-05-12,1.0,完成本节内容
L000288,SCH0007,STU0023,T017,2026-05-19,1.0,课堂参与积极
L000289,SCH0007,STU0023,T017,2026-05-26,1.67,语法掌握一般
L000290,SCH0007,STU0023,T017,2026-06-02,1.0,需要加强口语练习
L000291,SCH0007,STU0023,T017,2026-06-09,2.0,
L000292,SCH0007,STU0023,T017,2026-06-16,2.0,
L000293,SCH0007,STU0023,T017,2026-06-23,1.67,语法掌握一般
L000294,SCH0007,STU0023,T017,2026-06-30,1.0,需要加强口语练习
L000295,SCH0007,STU0023,T017,2026-07-07,1.67,需要加强口语练习
L000296,SCH0007,STU0023,T017,2026-07-14,1.5,语法掌握一般
L000297,SCH0007,STU0023,T017,2026-07-21,1.0,需要加强口语练习
L000298,SCH0007,STU0023,T017,2026-07-28,1.67,需要加强口语练习
L000299,SCH0007,STU0023,T017,2026-08-04,1.67,课堂参与积极
L000300,SCH0007,STU0023,T017,2026-08-11,1.67,需要加强口语练习
L000301,SCH0007,STU0023,T017,2026-08-18,2.0,课堂参与积极
L000302,SCH0007,STU0023,T017,2026-08-25,1.0,课堂参与积极
L000303,SCH0008,STU0120,T010,2026-05-16,1.0,
L000304,SCH0008,STU0120,T010,2026-05-23,1.5,需要加强口语练习
L000305,SCH0008,STU0120,T010,2026-05-30,1.0,课堂参与积极
L000306,SCH0008,STU0120,T010,2026-06-06,1.0,完成本节内容
L000307,SCH0008,STU0120,T010,2026-06-13,1.5,语法掌握一般
L000308,SCH0008,STU0120,T010,2026-06-20,1.67,完成本节内容
L000309,SCH0008,STU0120,T010,2026-06-27,1.0,需要加强口语练习
L000310,SCH0008,STU0120,T010,2026-07-04,1.0,语法掌握一般
L000311,SCH0008,STU0120,T010,2026-07-11,1.0,完成本节内容
L000312,SCH0008,STU0120,T010,2026-07-18,1.0,课堂参与积极
L000313,SCH0008,STU0120,T010,2026-07-25,1.0,完成本节内容
L000314,SCH0008,STU0120,T010,2026-08-01,1.0,课堂参与积极
L000315,SCH0008,STU0120,T010,2026-08-08,1.0,课堂参与积极
L000316,SCH0008,STU0120,T010,2026-08-15,1.0,需要加强口语练习
L000317,SCH0008,STU0120,T010,2026-08-22,1.0,完成本节内容
L000318,SCH0008,STU0120,T010,2026-08-29,1.67,完成本节内容
L000319,SCH0009,,T010,2025-09-05,1.0,需要加强口语练习
L000320,SCH0009,,T010,2025-09-12,1.67,需要加强口语练习
L000321,SCH0009,,T010,2025-09-19,1.0,课堂参与积极
L000322,SCH0009,,T010,2025-09-26,1.67,完成本节内容
L000323,SCH0009,,T010,2025-10-03,1.67,完成本节内容
L000324,SCH0009,,T010,2025-10-10,1.67,需要加强口语练习
L000325,SCH0009,,T010,2025-10-17,2.0,语法掌握一般
L000326,SCH0009,,T010,2025-10-24,1.0,课堂参与积极
L000327,SCH0009,,T010,2025-10-31,1.0,课堂参与积极
L000328,SCH0009,,T010,2025-11-07,1.67,课堂参与积极
L000329,SCH0009,,T010,2025-11-14,1.0,课堂参与积极
L000330,SCH0009,,T010,2025-11-21,1.0,语法掌握一般
L000331,SCH0009,,T010,2025-11-28,2.0,完成本节内容
L000332,SCH0009,,T010,2025-12-05,1.0,课堂参与积极
L000333,SCH0009,,T010,2025-12-12,1.0,需要加强口语练习
L000334,SCH0009,,T010,2025-12-19,1.0,语法掌握一般
L000335,SCH0009,,T010,2025-12-26,1.67,语法掌握一般
L000336,SCH0009,,T010,2026-01-02,1.0,课堂参与积极
L000337,SCH0009,,T010,2026-01-09,1.0,完成本节内容
L000338,SCH0009,,T010,2026-01-16,2.0,课堂参与积极
L000339,SCH0009,,T010,2026-01-23,1.0,课堂参与积极
L000340,SCH0009,,T010,2026-01-30,1.0,完成本节内容
L000341,SCH0009,,T010,2026-02-06,2.0,完成本节内容
L000342,SCH0009,,T010,2026-02-13,1.67,
L000343,SCH0009,,T010,2026-02-20,1.0,完成本节内容
L000344,SCH0009,,T010,2026-02-27,1.0,语法掌握一般
L000345,SCH0009,,T010,2026-03-06,1.67,完成本节内容
L000346,SCH0009,,T010,2026-03-13,1.5,语法掌握一般
L000347,SCH0009,,T010,2026-03-20,1.0,语法掌握一般
L000348,SCH0009,,T010,2026-03-27,1.0,完成本节内容
L000349,SCH0009,,T010,2026-04-03,1.67,需要加强口语练习
L000350,SCH0009,,T010,2026-04-10,1.0,课堂参与积极
L000351,SCH0009,,T010,2026-04-17,1.5,完成本节内容
L000352,SCH0009,,T010,2026-04-24,1.0,需要加强口语练习
L000353,SCH0009,,T010,2026-05-01,1.0,完成本节内容
L000354,SCH0009,,T010,2026-05-08,1.5,需要加强口语练习
L000355,SCH0009,,T010,2026-05-15,1.67,完成本节内容
L000356,SCH0009,,T010,2026-05-22,1.0,语法掌握一般
L000357,SCH0009,,T010,2026-05-29,2.0,语法掌握一般
L000358,SCH0009,,T010,2026-06-05,1.0,完成本节内容
L000359,SCH0009,,T010,2026-06-12,2.0,需要加强口语练习
L000360,SCH0009,,T010,2026-06-19,1.5,课堂参与积极
L000361,SCH0009,,T010,2026-06-26,1.0,需要加强口语练习
L000362,SCH0009,,T010,2026-07-03,1.5,需要加强口语练习
L000363,SCH0009,,T010,2026-07-10,1.0,需要加强口语练习
L000364,SCH0009,,T010,2026-07-17,1.0,完成本节内容
L000365,SCH0009,,T010,2026-07-24,1.0,完成本节内容
L000366,SCH0009,,T010,2026-07-31,1.67,课堂参与积极
L000367,SCH0009,,T010,2026-08-07,1.0,课堂参与积极
L000368,SCH0009,,T010,2026-08-14,1.67,课堂参与积极
L000369,SCH0009,,T010,2026-08-21,1.5,需要加强口语练习
L000370,SCH0009,,T010,2026-08-28,2.0,完成本节内容
L000371,SCH0010,,T014,2026-04-07,1.5,需要加强口语练习
L000372,SCH0010,,T014,2026-04-14,1.0,课堂参与积极
L000373,SCH0010,,T014,2026-04-21,1.0,需要加强口语练习
L000374,SCH0010,,T014,2026-04-28,1.67,需要加强口语练习
L000375,SCH0010,,T014,2026-05-05,2.0,
L000376,SCH0010,,T014,2026-05-12,1.0,完成本节内容
L000377,SCH0010,,T014,2026-05-19,1.0,课堂参与积极
L000378,SCH0010,,T014,2026-05-26,1.0,完成本节内容
L000379,SCH0010,,T014,2026-06-02,1.0,课堂参与积极
L000380,SCH0010,,T014,2026-06-09,1.0,
L000381,SCH0010,,T014,2026-06-16,1.5,课堂参与积极
L000382,SCH0010,,T014,2026-06-23,2.0,完成本节内容
L000383,SCH0010,,T014,2026-06-30,2.0,课堂参与积极
L000384,SCH0010,,T014,2026-07-07,1.67,完成本节内容
L000385,SCH0010,,T014,2026-07-14,1.0,需要加强口语练习
L000386,SCH0010,,T014,2026-07-21,2.0,课堂参与积极
L000387,SCH0010,,T014,2026-07-28,1.0,需要加强口语练习
L000388,SCH0010,,T014,2026-08-04,1.0,需要加强口语练习
L000389,SCH0010,,T014,2026-08-11,2.0,课堂参与积极
L000390,SCH0010,,T014,2026-08-18,1.0,
L000391,SCH0010,,T014,2026-08-25,1.0,完成本节内容
L000392,SCH0011,STU0066,T013,2025-06-10,1.0,课堂参与积极
L000393,SCH0011,STU0066,T013,2025-06-17,1.5,语法掌握一般
L000394,SCH0011,STU0066,T013,2025-06-24,1.0,完成本节内容
L000395,SCH0011,STU0066,T013,2025-07-01,1.67,完成本节内容
L000396,SCH0011,STU0066,T013,2025-07-08,1.0,
L000397,SCH0011,STU0066,T013,2025-07-15,1.0,完成本节内容
L000398,SCH0011,STU0066,T013,2025-07-22,1.0,语法掌握一般
L000399,SCH0011,STU0066,T013,2025-07-29,1.0,需要加强口语练习
L000400,SCH0011,STU0066,T013,2025-08-05,1.0,语法掌握一般
L000401,SCH0011,STU0066,T013,2025-08-12,1.0,需要加强口语练习
L000402,SCH0011,STU0066,T013,2025-08-19,1.67,
L000403,SCH0011,STU0066,T013,2025-08-26,1.67,课堂参与积极
L000404,SCH0011,STU0066,T013,2025-09-02,1.0,完成本节内容
L000405,SCH0011,STU0066,T013,2025-09-09,2.0,课堂参与积极
L000406,SCH0011,STU0066,T013,2025-09-16,1.0,
L000407,SCH0011,STU0066,T013,2025-09-23,1.67,语法掌握一般
L000408,SCH0011,STU0066,T013,2025-09-30,1.67,完成本节内容
L000409,SCH0011,STU0066,T013,2025-10-07,1.5,语法掌握一般
L000410,SCH0011,STU0066,T013,2025-10-14,1.0,需要加强口语练习
L000411,SCH0011,STU0066,T013,2025-10-21,1.5,完成本节内容
L000412,SCH0011,STU0066,T013,2025-10-28,2.0,
L000413,SCH0011,STU0066,T013,2025-11-04,2.0,课堂参与积极
L000414,SCH0011,STU0066,T013,2025-11-11,1.67,课堂参与积极
L000415,SCH0011,STU0066,T013,2025-11-18,1.67,完成本节内容
L000416,SCH0011,STU0066,T013,2025-11-25,1.0,
L000417,SCH0011,STU0066,T013,2025-12-02,1.0,完成本节内容
L000418,SCH0011,STU0066,T013,2025-12-09,1.0,语法掌握一般
L000419,SCH0011,STU0066,T013,2025-12-16,1.0,课堂参与积极
L000420,SCH0011,STU0066,T013,2025-12-23,1.67,完成本节内容
L000421,SCH0011,STU0066,T013,2025-12-30,1.0,语法掌握一般
L000422,SCH0011,STU0066,T013,2026-01-06,1.67,课堂参与积极
L000423,SCH0011,STU0066,T013,2026-01-13,1.67,完成本节内容
L000424,SCH0011,STU0066,T013,2026-01-20,1.0,
L000425,SCH0011,STU0066,T013,2026-01-27,1.0,完成本节内容
L000426,SCH0011,STU0066,T013,2026-02-03,1.5,完成本节内容
L000427,SCH0011,STU0066,T013,2026-02-10,1.5,课堂参与积极
L000428,SCH0011,STU0066,T013,2026-02-17,1.67,完成本节内容
L000429,SCH0011,STU0066,T013,2026-02-24,1.0,语法掌握一般
L000430,SCH0011,STU0066,T013,2026-03-03,1.5,需要加强口语练习
L000431,SCH0011,STU0066,T013,2026-03-10,1.0,需要加强口语练习
L000432,SCH0011,STU0066,T013,2026-03-17,1.0,完成本节内容
L000433,SCH0011,STU0066,T013,2026-03-24,1.67,
L000434,SCH0011,STU0066,T013,2026-03-31,1.0,课堂参与积极
L000435,SCH0011,STU0066,T013,2026-04-07,1.0,课堂参与积极
L000436,SCH0011,STU0066,T013,2026-04-14,1.67,完成本节内容
L000437,SCH0011,STU0066,T013,2026-04-21,1.0,
L000438,SCH0011,STU0066,T013,2026-04-28,1.5,
L000439,SCH0011,STU0066,T013,2026-05-05,1.0,语法掌握一般
L000440,SCH0011,STU0066,T013,2026-05-12,1.0,需要加强口语练习
L000441,SCH0011,STU0066,T013,2026-05-19,1.0,完成本节内容
L000442,SCH0011,STU0066,T013,2026-05-26,1.0,需要加强口语练习
L000443,SCH0011,STU0066,T013,2026-06-02,1.67,课堂参与积极
L000444,SCH0011,STU0066,T013,2026-06-09,1.67,完成本节内容
L000445,SCH0011,STU0066,T013,2026-06-16,1.0,课堂参与积极
L000446,SCH0011,STU0066,T013,2026-06-23,1.67,
L000447,SCH0011,STU0066,T013,2026-06-30,1.0,课堂参与积极
L000448,SCH0011,STU0066,T013,2026-07-07,1.5,完成本节内容
L000449,SCH0011,STU0066,T013,2026-07-14,1.0,完成本节内容
L000450,SCH0011,STU0066,T013,2026-07-21,1.0,需要加强口语练习
L000451,SCH0011,STU0066,T013,2026-07-28,1.5,完成本节内容
L000452,SCH0011,STU0066,T013,2026-08-04,1.0,语法掌握一般
L000453,SCH0011,STU0066,T013,2026-08-11,1.0,需要加强口语练习
L000454,SCH0011,STU0066,T013,2026-08-18,1.0,完成本节内容
L000455,SCH0011,STU0066,T013,2026-08-25,1.67,语法掌握一般
L000456,SCH0012,,T016,2025-06-06,1.0,课堂参与积极
L000457,SCH0012,,T016,2025-06-13,1.67,
L000458,SCH0012,,T016,2025-06-20,2.0,
L000459,SCH0012,,T016,2025-06-27,1.67,语法掌握一般
L000460,SCH0012,,T016,2025-07-04,1.0,需要加强口语练习
L000461,SCH0012,,T016,2025-07-11,2.0,
L000462,SCH0012,,T016,2025-07-18,1.67,需要加强口语练习
L000463,SCH0012,,T016,2025-07-25,1.0,完成本节内容
L000464,SCH0012,,T016,2025-08-01,1.0,
L000465,SCH0012,,T016,2025-08-08,1.67,语法掌握一般
L000466,SCH0012,,T016,2025-08-15,1.5,需要加强口语练习
L000467,SCH0012,,T016,2025-08-22,1.67,语法掌握一般
L000468,SCH0012,,T016,2025-08-29,1.0,完成本节内容
L000469,SCH0012,,T016,2025-09-05,1.67,
L000470,SCH0012,,T016,2025-09-12,1.5,完成本节内容
L000471,SCH0012,,T016,2025-09-19,1.5,语法掌握一般
L000472,SCH0012,,T016,2025-09-26,1.5,完成本节内容
L000473,SCH0012,,T016,2025-10-03,1.0,
L000474,SCH0012,,T016,2025-10-10,1.0,完成本节内容
L000475,SCH0012,,T016,2025-10-17,1.67,需要加强口语练习
L000476,SCH0012,,T016,2025-10-24,1.0,需要加强口语练习
L000477,SCH0012,,T016,2025-10-31,1.0,完成本节内容
L000478,SCH0012,,T016,2025-11-07,1.0,完成本节内容
L000479,SCH0012,,T016,2025-11-14,1.67,
L000480,SCH0012,,T016,2025-11-21,1.0,
L000481,SCH0012,,T016,2025-11-28,1.5,课堂参与积极
L000482,SCH0012,,T016,2025-12-05,1.0,需要加强口语练习
L000483,SCH0012,,T016,2025-12-12,2.0,完成本节内容
L000484,SCH0012,,T016,2025-12-19,1.67,需要加强口语练习
L000485,SCH0012,,T016,2025-12-26,1.5,
L000486,SCH0012,,T016,2026-01-02,1.5,语法掌握一般
L000487,SCH0012,,T016,2026-01-09,1.0,课堂参与积极
L000488,SCH0012,,T016,2026-01-16,1.0,语法掌握一般
L000489,SCH0012,,T016,2026-01-23,1.67,语法掌握一般
L000490,SCH0012,,T016,2026-01-30,1.67,需要加强口语练习
L000491,SCH0012,,T016,2026-02-06,1.0,完成本节内容
L000492,SCH0012,,T016,2026-02-13,1.0,课堂参与积极
L000493,SCH0012,,T016,2026-02-20,1.67,需要加强口语练习
L000494,SCH0012,,T016,2026-02-27,1.0,需要加强口语练习
L000495,SCH0012,,T016,2026-03-06,1.67,语法掌握一般
L000496,SCH0012,,T016,2026-03-13,1.0,完成本节内容
L000497,SCH0012,,T016,2026-03-20,2.0,需要加强口语练习
L000498,SCH0012,,T016,2026-03-27,2.0,语法掌握一般
L000499,SCH0012,,T016,2026-04-03,1.5,课堂参与积极
L000500,SCH0012,,T016,2026-04-10,1.5,课堂参与积极
L000501,SCH0012,,T016,2026-04-17,1.0,完成本节内容
L000502,SCH0012,,T016,2026-04-24,1.5,语法掌握一般
L000503,SCH0012,,T016,2026-05-01,1.67,课堂参与积极
L000504,SCH0012,,T016,2026-05-08,1.5,课堂参与积极
L000505,SCH0012,,T016,2026-05-15,1.67,完成本节内容
L000506,SCH0012,,T016,2026-05-22,1.0,
L000507,SCH0012,,T016,2026-05-29,1.67,需要加强口语练习
L000508,SCH0012,,T016,2026-06-05,1.0,课堂参与积极
L000509,SCH0012,,T016,2026-06-12,1.0,语法掌握一般
L000510,SCH0012,,T016,2026-06-19,1.0,需要加强口语练习
L000511,SCH0012,,T016,2026-06-26,1.5,语法掌握一般
L000512,SCH0012,,T016,2026-07-03,2.0,语法掌握一般
L000513,SCH0012,,T016,2026-07-10,1.5,课堂参与积极
L000514,SCH0012,,T016,2026-07-17,2.0,语法掌握一般
L000515,SCH0012,,T016,2026-07-24,2.0,需要加强口语练习
L000516,SCH0012,,T016,2026-07-31,1.5,需要加强口语练习
L000517,SCH0012,,T016,2026-08-07,1.5,
L000518,SCH0012,,T016,2026-08-14,1.0,完成本节内容
L000519,SCH0012,,T016,2026-08-21,1.0,完成本节内容
L000520,SCH0012,,T016,2026-08-28,1.0,语法掌握一般
L000521,SCH0013,STU0105,T010,2026-05-23,1.0,
L000522,SCH0013,STU0105,T010,2026-05-30,2.0,语法掌握一般
L000523,SCH0013,STU0105,T010,2026-06-06,1.0,完成本节内容
L000524,SCH0013,STU0105,T010,2026-06-13,1.67,完成本节内容
L000525,SCH0013,STU0105,T010,2026-06-20,1.67,课堂参与积极
L000526,SCH0013,STU0105,T010,2026-06-27,1.0,课堂参与积极
L000527,SCH0013,STU0105,T010,2026-07-04,1.67,需要加强口语练习
L000528,SCH0013,STU0105,T010,2026-07-11,2.0,课堂参与积极
L000529,SCH0013,STU0105,T010,2026-07-18,1.67,需要加强口语练习
L000530,SCH0013,STU0105,T010,2026-07-25,1.5,完成本节内容
L000531,SCH0013,STU0105,T010,2026-08-01,2.0,完成本节内容
L000532,SCH0013,STU0105,T010,2026-08-08,1.0,语法掌握一般
L000533,SCH0013,STU0105,T010,2026-08-15,2.0,需要加强口语练习
L000534,SCH0013,STU0105,T010,2026-08-22,1.0,
L000535,SCH0013,STU0105,T010,2026-08-29,1.67,完成本节内容
L000536,SCH0014,,T003,2025-08-17,1.67,
L000537,SCH0014,,T003,2025-08-24,1.67,完成本节内容
L000538,SCH0014,,T003,2025-08-31,1.67,课堂参与积极
L000539,SCH0014,,T003,2025-09-07,1.0,完成本节内容
L000540,SCH0014,,T003,2025-09-14,1.67,需要加强口语练习
L000541,SCH0014,,T003,2025-09-21,1.5,语法掌握一般
L000542,SCH0014,,T003,2025-09-28,1.5,完成本节内容
L000543,SCH0014,,T003,2025-10-05,1.0,需要加强口语练习
L000544,SCH0014,,T003,2025-10-12,1.0,课堂参与积极
L000545,SCH0014,,T003,2025-10-19,2.0,课堂参与积极
L000546,SCH0014,,T003,2025-10-26,1.0,需要加强口语练习
L000547,SCH0014,,T003,2025-11-02,1.0,完成本节内容
L000548,SCH0014,,T003,2025-11-09,1.67,需要加强口语练习
L000549,SCH0014,,T003,2025-11-16,1.5,课堂参与积极
L000550,SCH0014,,T003,2025-11-23,1.0,需要加强口语练习
L000551,SCH0014,,T003,2025-11-30,1.0,语法掌握一般
L000552,SCH0014,,T003,2025-12-07,1.0,完成本节内容
L000553,SCH0014,,T003,2025-12-14,1.0,完成本节内容
L000554,SCH0014,,T003,2025-12-21,1.0,完成本节内容
L000555,SCH0014,,T003,2025-12-28,1.0,语法掌握一般
L000556,SCH0014,,T003,2026-01-04,1.5,课堂参与积极
L000557,SCH0014,,T003,2026-01-11,1.67,课堂参与积极
L000558,SCH0014,,T003,2026-01-18,1.0,完成本节内容
L000559,SCH0014,,T003,2026-01-25,1.67,需要加强口语练习
L000560,SCH0014,,T003,2026-02-01,1.0,课堂参与积极
L000561,SCH0014,,T003,2026-02-08,1.0,完成本节内容
L000562,SCH0014,,T003,2026-02-15,1.0,课堂参与积极
L000563,SCH0014,,T003,2026-02-22,1.0,需要加强口语练习
L000564,SCH0014,,T003,2026-03-01,1.0,语法掌握一般
L000565,SCH0014,,T003,2026-03-08,1.0,
L000566,SCH0014,,T003,2026-03-15,1.0,语法掌握一般
L000567,SCH0014,,T003,2026-03-22,2.0,语法掌握一般
L000568,SCH0014,,T003,2026-03-29,1.0,需要加强口语练习
L000569,SCH0014,,T003,2026-04-05,1.0,需要加强口语练习
L000570,SCH0014,,T003,2026-04-12,1.67,
L000571,SCH0014,,T003,2026-04-19,1.0,语法掌握一般
L000572,SCH0014,,T003,2026-04-26,1.67,语法掌握一般
L000573,SCH0014,,T003,2026-05-03,1.0,完成本节内容
L000574,SCH0014,,T003,2026-05-10,1.0,语法掌握一般
L000575,SCH0014,,T003,2026-05-17,1.67,课堂参与积极
L000576,SCH0014,,T003,2026-05-24,1.0,完成本节内容
L000577,SCH0014,,T003,2026-05-31,1.0,语法掌握一般
L000578,SCH0014,,T003,2026-06-07,1.0,完成本节内容
L000579,SCH0014,,T003,2026-06-14,1.67,语法掌握一般
L000580,SCH0014,,T003,2026-06-21,1.67,需要加强口语练习
L000581,SCH0014,,T003,2026-06-28,1.0,课堂参与积极
L000582,SCH0014,,T003,2026-07-05,1.0,需要加强口语练习
L000583,SCH0014,,T003,2026-07-12,2.0,语法掌握一般
L000584,SCH0014,,T003,2026-07-19,1.0,完成本节内容
L000585,SCH0014,,T003,2026-07-26,1.5,课堂参与积极
L000586,SCH0014,,T003,2026-08-02,1.0,完成本节内容
L000587,SCH0014,,T003,2026-08-09,1.5,语法掌握一般
L000588,SCH0014,,T003,2026-08-16,1.0,完成本节内容
L000589,SCH0014,,T003,2026-08-23,2.0,需要加强口语练习
L000590,SCH0014,,T003,2026-08-30,1.0,课堂参与积极
L000591,SCH0015,STU0153,T010,2026-08-01,1.0,完成本节内容
L000592,SCH0015,STU0153,T010,2026-08-08,1.5,完成本节内容
L000593,SCH0015,STU0153,T010,2026-08-15,1.5,需要加强口语练习
L000594,SCH0015,STU0153,T010,2026-08-22,1.0,完成本节内容
L000595,SCH0015,STU0153,T010,2026-08-29,1.0,语法掌握一般
L000596,SCH0016,STU0092,T017,2026-01-03,1.5,课堂参与积极
L000597,SCH0016,STU0092,T017,2026-01-10,1.0,语法掌握一般
L000598,SCH0016,STU0092,T017,2026-01-17,1.0,语法掌握一般
L000599,SCH0016,STU0092,T017,2026-01-24,1.67,
L000600,SCH0016,STU0092,T017,2026-01-31,1.5,语法掌握一般
L000601,SCH0016,STU0092,T017,2026-02-07,1.67,完成本节内容
L000602,SCH0016,STU0092,T017,2026-02-14,1.0,完成本节内容
L000603,SCH0016,STU0092,T017,2026-02-21,1.0,完成本节内容
L000604,SCH0016,STU0092,T017,2026-02-28,1.5,
L000605,SCH0016,STU0092,T017,2026-03-07,1.0,完成本节内容
L000606,SCH0016,STU0092,T017,2026-03-14,1.67,完成本节内容
L000607,SCH0016,STU0092,T017,2026-03-21,1.0,语法掌握一般
L000608,SCH0016,STU0092,T017,2026-03-28,1.0,语法掌握一般
L000609,SCH0016,STU0092,T017,2026-04-04,1.5,语法掌握一般
L000610,SCH0016,STU0092,T017,2026-04-11,1.5,课堂参与积极
L000611,SCH0016,STU0092,T017,2026-04-18,1.67,完成本节内容
L000612,SCH0016,STU0092,T017,2026-04-25,2.0,完成本节内容
L000613,SCH0016,STU0092,T017,2026-05-02,1.5,课堂参与积极
L000614,SCH0016,STU0092,T017,2026-05-09,1.0,课堂参与积极
L000615,SCH0016,STU0092,T017,2026-05-16,1.67,完成本节内容
L000616,SCH0016,STU0092,T017,2026-05-23,1.5,完成本节内容
L000617,SCH0016,STU0092,T017,2026-05-30,1.67,需要加强口语练习
L000618,SCH0016,STU0092,T017,2026-06-06,1.67,
L000619,SCH0016,STU0092,T017,2026-06-13,1.67,需要加强口语练习
L000620,SCH0016,STU0092,T017,2026-06-20,1.5,完成本节内容
L000621,SCH0016,STU0092,T017,2026-06-27,1.67,完成本节内容
L000622,SCH0016,STU0092,T017,2026-07-04,1.0,语法掌握一般
L000623,SCH0016,STU0092,T017,2026-07-11,1.67,课堂参与积极
L000624,SCH0016,STU0092,T017,2026-07-18,1.67,语法掌握一般
L000625,SCH0016,STU0092,T017,2026-07-25,1.5,完成本节内容
L000626,SCH0016,STU0092,T017,2026-08-01,1.0,课堂参与积极
L000627,SCH0016,STU0092,T017,2026-08-08,1.0,完成本节内容
L000628,SCH0016,STU0092,T017,2026-08-15,1.0,语法掌握一般
L000629,SCH0016,STU0092,T017,2026-08-22,2.0,语法掌握一般
L000630,SCH0016,STU0092,T017,2026-08-29,1.0,完成本节内容
L000631,SCH0017,,T006,2026-04-03,1.67,语法掌握一般
L000632,SCH0017,,T006,2026-04-10,1.0,完成本节内容
L000633,SCH0017,,T006,2026-04-17,1.5,完成本节内容
L000634,SCH0017,,T006,2026-04-24,1.5,需要加强口语练习
L000635,SCH0017,,T006,2026-05-01,1.0,
L000636,SCH0017,,T006,2026-05-08,1.5,需要加强口语练习
L000637,SCH0017,,T006,2026-05-15,1.67,需要加强口语练习
L000638,SCH0017,,T006,2026-05-22,1.0,课堂参与积极
L000639,SCH0017,,T006,2026-05-29,1.67,
L000640,SCH0017,,T006,2026-06-05,1.67,语法掌握一般
L000641,SCH0017,,T006,2026-06-12,1.5,需要加强口语练习
L000642,SCH0017,,T006,2026-06-19,1.0,需要加强口语练习
L000643,SCH0017,,T006,2026-06-26,1.0,需要加强口语练习
L000644,SCH0017,,T006,2026-07-03,1.0,课堂参与积极
L000645,SCH0017,,T006,2026-07-10,1.5,完成本节内容
L000646,SCH0017,,T006,2026-07-17,1.0,语法掌握一般
L000647,SCH0017,,T006,2026-07-24,1.0,
L000648,SCH0017,,T006,2026-07-31,2.0,语法掌握一般
L000649,SCH0017,,T006,2026-08-07,1.0,需要加强口语练习
L000650,SCH0017,,T006,2026-08-14,1.0,课堂参与积极
L000651,SCH0017,,T006,2026-08-21,1.0,课堂参与积极
L000652,SCH0017,,T006,2026-08-28,1.0,完成本节内容
L000653,SCH0018,,T003,2025-11-15,1.0,
L000654,SCH0018,,T003,2025-11-22,1.0,完成本节内容
L000655,SCH0018,,T003,2025-11-29,1.67,完成本节内容
L000656,SCH0018,,T003,2025-12-06,1.67,完成本节内容
L000657,SCH0018,,T003,2025-12-13,1.0,需要加强口语练习
L000658,SCH0018,,T003,2025-12-20,1.5,语法掌握一般
L000659,SCH0018,,T003,2025-12-27,1.0,课堂参与积极
L000660,SCH0018,,T003,2026-01-03,1.5,
L000661,SCH0018,,T003,2026-01-10,1.67,课堂参与积极
L000662,SCH0018,,T003,2026-01-17,1.67,完成本节内容
L000663,SCH0018,,T003,2026-01-24,1.67,语法掌握一般
L000664,SCH0018,,T003,2026-01-31,1.67,语法掌握一般
L000665,SCH0018,,T003,2026-02-07,1.67,
L000666,SCH0018,,T003,2026-02-14,1.0,完成本节内容
L000667,SCH0018,,T003,2026-02-21,1.0,完成本节内容
L000668,SCH0018,,T003,2026-02-28,1.0,需要加强口语练习
L000669,SCH0018,,T003,2026-03-07,1.0,需要加强口语练习
L000670,SCH0018,,T003,2026-03-14,2.0,课堂参与积极
L000671,SCH0018,,T003,2026-03-21,1.0,课堂参与积极
L000672,SCH0018,,T003,2026-03-28,1.67,需要加强口语练习
L000673,SCH0018,,T003,2026-04-04,1.67,语法掌握一般
L000674,SCH0018,,T003,2026-04-11,1.0,完成本节内容
L000675,SCH0018,,T003,2026-04-18,1.0,课堂参与积极
L000676,SCH0018,,T003,2026-04-25,1.5,课堂参与积极
L000677,SCH0018,,T003,2026-05-02,1.67,
L000678,SCH0018,,T003,2026-05-09,2.0,完成本节内容
L000679,SCH0018,,T003,2026-05-16,1.0,需要加强口语练习
L000680,SCH0018,,T003,2026-05-23,1.67,需要加强口语练习
L000681,SCH0018,,T003,2026-05-30,1.0,语法掌握一般
L000682,SCH0018,,T003,2026-06-06,1.0,语法掌握一般
L000683,SCH0018,,T003,2026-06-13,1.0,完成本节内容
L000684,SCH0018,,T003,2026-06-20,1.0,课堂参与积极
L000685,SCH0018,,T003,2026-06-27,1.67,完成本节内容
L000686,SCH0018,,T003,2026-07-04,1.67,完成本节内容
L000687,SCH0018,,T003,2026-07-11,1.0,课堂参与积极
L000688,SCH0018,,T003,2026-07-18,1.0,完成本节内容
L000689,SCH0018,,T003,2026-07-25,1.5,
L000690,SCH0018,,T003,2026-08-01,1.67,完成本节内容
L000691,SCH0018,,T003,2026-08-08,1.0,完成本节内容
L000692,SCH0018,,T003,2026-08-15,1.67,课堂参与积极
L000693,SCH0018,,T003,2026-08-22,1.0,课堂参与积极
L000694,SCH0018,,T003,2026-08-29,1.0,
L000695,SCH0019,STU0084,T008,2026-02-10,1.0,课堂参与积极
L000696,SCH0019,STU0084,T008,2026-02-17,2.0,需要加强口语练习
L000697,SCH0019,STU0084,T008,2026-02-24,1.5,需要加强口语练习
L000698,SCH0019,STU0084,T008,2026-03-03,1.0,需要加强口语练习
L000699,SCH0019,STU0084,T008,2026-03-10,2.0,课堂参与积极
L000700,SCH0019,STU0084,T008,2026-03-17,1.0,语法掌握一般
L000701,SCH0019,STU0084,T008,2026-03-24,1.67,课堂参与积极
L000702,SCH0019,STU0084,T008,2026-03-31,1.5,完成本节内容
L000703,SCH0019,STU0084,T008,2026-04-07,1.0,完成本节内容
L000704,SCH0019,STU0084,T008,2026-04-14,1.67,需要加强口语练习
L000705,SCH0019,STU0084,T008,2026-04-21,1.67,需要加强口语练习
L000706,SCH0019,STU0084,T008,2026-04-28,1.0,语法掌握一般
L000707,SCH0019,STU0084,T008,2026-05-05,1.0,完成本节内容
L000708,SCH0019,STU0084,T008,2026-05-12,1.0,完成本节内容
L000709,SCH0019,STU0084,T008,2026-05-19,1.67,课堂参与积极
L000710,SCH0019,STU0084,T008,2026-05-26,1.0,完成本节内容
L000711,SCH0019,STU0084,T008,2026-06-02,1.67,完成本节内容
L000712,SCH0019,STU0084,T008,2026-06-09,1.0,完成本节内容
L000713,SCH0019,STU0084,T008,2026-06-16,1.67,语法掌握一般
L000714,SCH0019,STU0084,T008,2026-06-23,2.0,完成本节内容
L000715,SCH0019,STU0084,T008,2026-06-30,1.0,语法掌握一般
L000716,SCH0019,STU0084,T008,2026-07-07,1.67,
L000717,SCH0019,STU0084,T008,2026-07-14,2.0,需要加强口语练习
L000718,SCH0019,STU0084,T008,2026-07-21,1.5,课堂参与积极
L000719,SCH0019,STU0084,T008,2026-07-28,1.5,完成本节内容
L000720,SCH0019,STU0084,T008,2026-08-04,1.5,语法掌握一般
L000721,SCH0019,STU0084,T008,2026-08-11,1.0,语法掌握一般
L000722,SCH0019,STU0084,T008,2026-08-18,1.5,完成本节内容
L000723,SCH0019,STU0084,T008,2026-08-25,1.0,需要加强口语练习
L000724,SCH0020,,T006,2025-07-25,1.0,语法掌握一般
L000725,SCH0020,,T006,2025-08-01,1.0,语法掌握一般
L000726,SCH0020,,T006,2025-08-08,1.0,课堂参与积极
L000727,SCH0020,,T006,2025-08-15,1.67,完成本节内容
L000728,SCH0020,,T006,2025-08-22,1.67,
L000729,SCH0020,,T006,2025-08-29,1.67,完成本节内容
L000730,SCH0020,,T006,2025-09-05,1.0,需要加强口语练习
L000731,SCH0020,,T006,2025-09-12,1.5,语法掌握一般
L000732,SCH0020,,T006,2025-09-19,1.0,完成本节内容
L000733,SCH0020,,T006,2025-09-26,1.0,需要加强口语练习
L000734,SCH0020,,T006,2025-10-03,1.0,语法掌握一般
L000735,SCH0020,,T006,2025-10-10,1.5,完成本节内容
L000736,SCH0020,,T006,2025-10-17,1.0,需要加强口语练习
L000737,SCH0020,,T006,2025-10-24,1.0,课堂参与积极
L000738,SCH0020,,T006,2025-10-31,1.0,需要加强口语练习
L000739,SCH0020,,T006,2025-11-07,1.67,课堂参与积极
L000740,SCH0020,,T006,2025-11-14,1.67,课堂参与积极
L000741,SCH0020,,T006,2025-11-21,1.0,需要加强口语练习
L000742,SCH0020,,T006,2025-11-28,1.0,完成本节内容
L000743,SCH0020,,T006,2025-12-05,1.67,
L000744,SCH0020,,T006,2025-12-12,1.67,需要加强口语练习
L000745,SCH0020,,T006,2025-12-19,1.0,课堂参与积极
L000746,SCH0020,,T006,2025-12-26,1.0,课堂参与积极
L000747,SCH0020,,T006,2026-01-02,1.5,课堂参与积极
L000748,SCH0020,,T006,2026-01-09,1.5,语法掌握一般
L000749,SCH0020,,T006,2026-01-16,1.0,课堂参与积极
L000750,SCH0020,,T006,2026-01-23,1.5,完成本节内容
L000751,SCH0020,,T006,2026-01-30,1.0,课堂参与积极
L000752,SCH0020,,T006,2026-02-06,1.67,需要加强口语练习
L000753,SCH0020,,T006,2026-02-13,1.5,
L000754,SCH0020,,T006,2026-02-20,1.0,需要加强口语练习
L000755,SCH0020,,T006,2026-02-27,1.0,需要加强口语练习
L000756,SCH0020,,T006,2026-03-06,1.0,语法掌握一般
L000757,SCH0020,,T006,2026-03-13,1.67,需要加强口语练习
L000758,SCH0020,,T006,2026-03-20,1.0,完成本节内容
L000759,SCH0020,,T006,2026-03-27,1.0,
L000760,SCH0020,,T006,2026-04-03,1.67,完成本节内容
L000761,SCH0020,,T006,2026-04-10,1.5,完成本节内容
L000762,SCH0020,,T006,2026-04-17,1.67,课堂参与积极
L000763,SCH0020,,T006,2026-04-24,1.67,完成本节内容
L000764,SCH0020,,T006,2026-05-01,1.67,完成本节内容
L000765,SCH0020,,T006,2026-05-08,1.0,语法掌握一般
L000766,SCH0020,,T006,2026-05-15,1.0,完成本节内容
L000767,SCH0020,,T006,2026-05-22,1.0,完成本节内容
L000768,SCH0020,,T006,2026-05-29,1.0,完成本节内容
L000769,SCH0020,,T006,2026-06-05,1.5,语法掌握一般
L000770,SCH0020,,T006,2026-06-12,1.0,课堂参与积极
L000771,SCH0020,,T006,2026-06-19,1.67,完成本节内容
L000772,SCH0020,,T006,2026-06-26,1.5,需要加强口语练习
L000773,SCH0020,,T006,2026-07-03,1.0,语法掌握一般
L000774,SCH0020,,T006,2026-07-10,2.0,完成本节内容
L000775,SCH0020,,T006,2026-07-17,1.67,需要加强口语练习
L000776,SCH0020,,T006,2026-07-24,1.67,课堂参与积极
L000777,SCH0020,,T006,2026-07-31,1.0,语法掌握一般
L000778,SCH0020,,T006,2026-08-07,1.0,语法掌握一般
L000779,SCH0020,,T006,2026-08-14,1.0,
L000780,SCH0020,,T006,2026-08-21,1.0,需要加强口语练习
L000781,SCH0020,,T006,2026-08-28,1.0,需要加强口语练习
L000782,SCH0021,STU0046,T015,2026-03-18,1.67,完成本节内容
L000783,SCH0021,STU0046,T015,2026-03-25,1.0,完成本节内容
L000784,SCH0021,STU0046,T015,2026-04-01,1.5,语法掌握一般
L000785,SCH0021,STU0046,T015,2026-04-08,1.0,
L000786,SCH0021,STU0046,T015,2026-04-15,1.67,
L000787,SCH0021,STU0046,T015,2026-04-22,1.67,完成本节内容
L000788,SCH0021,STU0046,T015,2026-04-29,2.0,完成本节内容
L000789,SCH0021,STU0046,T015,2026-05-06,1.67,课堂参与积极
L000790,SCH0021,STU0046,T015,2026-05-13,1.0,语法掌握一般
L000791,SCH0021,STU0046,T015,2026-05-20,1.0,需要加强口语练习
L000792,SCH0021,STU0046,T015,2026-05-27,1.0,完成本节内容
L000793,SCH0021,STU0046,T015,2026-06-03,1.67,完成本节内容
L000794,SCH0021,STU0046,T015,2026-06-10,1.5,
L000795,SCH0021,STU0046,T015,2026-06-17,1.0,完成本节内容
L000796,SCH0021,STU0046,T015,2026-06-24,2.0,完成本节内容
L000797,SCH0021,STU0046,T015,2026-07-01,1.67,语法掌握一般
L000798,SCH0021,STU0046,T015,2026-07-08,1.0,课堂参与积极
L000799,SCH0021,STU0046,T015,2026-07-15,1.0,完成本节内容
L000800,SCH0021,STU0046,T015,2026-07-22,1.0,完成本节内容
L000801,SCH0021,STU0046,T015,2026-07-29,1.0,需要加强口语练习
L000802,SCH0021,STU0046,T015,2026-08-05,1.0,完成本节内容
L000803,SCH0021,STU0046,T015,2026-08-12,1.5,完成本节内容
L000804,SCH0021,STU0046,T015,2026-08-19,1.5,完成本节内容
L000805,SCH0021,STU0046,T015,2026-08-26,1.5,课堂参与积极
L000806,SCH0022,,T010,2026-05-16,1.0,完成本节内容
L000807,SCH0022,,T010,2026-05-23,1.0,完成本节内容
L000808,SCH0022,,T010,2026-05-30,1.67,完成本节内容
L000809,SCH0022,,T010,2026-06-06,1.0,完成本节内容
L000810,SCH0022,,T010,2026-06-13,1.0,需要加强口语练习
L000811,SCH0022,,T010,2026-06-20,1.0,
L000812,SCH0022,,T010,2026-06-27,1.5,语法掌握一般
L000813,SCH0022,,T010,2026-07-04,1.0,
L000814,SCH0022,,T010,2026-07-11,1.0,
L000815,SCH0022,,T010,2026-07-18,1.0,需要加强口语练习
L000816,SCH0022,,T010,2026-07-25,1.67,
L000817,SCH0022,,T010,2026-08-01,1.67,完成本节内容
L000818,SCH0022,,T010,2026-08-08,1.67,课堂参与积极
L000819,SCH0022,,T010,2026-08-15,1.5,需要加强口语练习
L000820,SCH0022,,T010,2026-08-22,1.5,完成本节内容
L000821,SCH0022,,T010,2026-08-29,1.67,需要加强口语练习
L000822,SCH0023,,T014,2025-10-02,1.0,语法掌握一般
L000823,SCH0023,,T014,2025-10-09,1.5,
L000824,SCH0023,,T014,2025-10-16,1.5,
L000825,SCH0023,,T014,2025-10-23,1.67,完成本节内容
L000826,SCH0023,,T014,2025-10-30,1.67,完成本节内容
L000827,SCH0023,,T014,2025-11-06,1.0,语法掌握一般
L000828,SCH0023,,T014,2025-11-13,1.67,需要加强口语练习
L000829,SCH0023,,T014,2025-11-20,1.0,完成本节内容
L000830,SCH0023,,T014,2025-11-27,1.67,完成本节内容
L000831,SCH0023,,T014,2025-12-04,1.0,完成本节内容
L000832,SCH0023,,T014,2025-12-11,1.5,完成本节内容
L000833,SCH0023,,T014,2025-12-18,2.0,完成本节内容
L000834,SCH0023,,T014,2025-12-25,1.5,需要加强口语练习
L000835,SCH0023,,T014,2026-01-01,1.0,课堂参与积极
L000836,SCH0023,,T014,2026-01-08,1.67,完成本节内容
L000837,SCH0023,,T014,2026-01-15,2.0,需要加强口语练习
L000838,SCH0023,,T014,2026-01-22,1.67,需要加强口语练习
L000839,SCH0023,,T014,2026-01-29,1.0,语法掌握一般
L000840,SCH0023,,T014,2026-02-05,2.0,需要加强口语练习
L000841,SCH0023,,T014,2026-02-12,1.0,完成本节内容
L000842,SCH0023,,T014,2026-02-19,1.0,完成本节内容
L000843,SCH0023,,T014,2026-02-26,1.5,课堂参与积极
L000844,SCH0023,,T014,2026-03-05,1.0,需要加强口语练习
L000845,SCH0023,,T014,2026-03-12,1.67,
L000846,SCH0023,,T014,2026-03-19,1.0,课堂参与积极
L000847,SCH0023,,T014,2026-03-26,1.5,语法掌握一般
L000848,SCH0023,,T014,2026-04-02,1.0,需要加强口语练习
L000849,SCH0023,,T014,2026-04-09,1.67,完成本节内容
L000850,SCH0023,,T014,2026-04-16,1.0,完成本节内容
L000851,SCH0023,,T014,2026-04-23,1.0,完成本节内容
L000852,SCH0023,,T014,2026-04-30,1.0,需要加强口语练习
L000853,SCH0023,,T014,2026-05-07,1.67,需要加强口语练习
L000854,SCH0023,,T014,2026-05-14,1.0,
L000855,SCH0023,,T014,2026-05-21,1.67,课堂参与积极
L000856,SCH0023,,T014,2026-05-28,1.5,完成本节内容
L000857,SCH0023,,T014,2026-06-04,2.0,课堂参与积极
L000858,SCH0023,,T014,2026-06-11,1.67,课堂参与积极
L000859,SCH0023,,T014,2026-06-18,1.0,语法掌握一般
L000860,SCH0023,,T014,2026-06-25,1.0,课堂参与积极
L000861,SCH0023,,T014,2026-07-02,1.5,完成本节内容
L000862,SCH0023,,T014,2026-07-09,2.0,课堂参与积极
L000863,SCH0023,,T014,2026-07-16,1.5,完成本节内容
L000864,SCH0023,,T014,2026-07-23,2.0,完成本节内容
L000865,SCH0023,,T014,2026-07-30,1.0,完成本节内容
L000866,SCH0023,,T014,2026-08-06,1.0,课堂参与积极
L000867,SCH0023,,T014,2026-08-13,2.0,课堂参与积极
L000868,SCH0023,,T014,2026-08-20,1.5,语法掌握一般
L000869,SCH0023,,T014,2026-08-27,1.0,完成本节内容
L000870,SCH0024,STU0097,T004,2025-07-02,1.0,完成本节内容
L000871,SCH0024,STU0097,T004,2025-07-09,1.5,需要加强口语练习
L000872,SCH0024,STU0097,T004,2025-07-16,1.67,课堂参与积极
L000873,SCH0024,STU0097,T004,2025-07-23,1.0,语法掌握一般
L000874,SCH0024,STU0097,T004,2025-07-30,2.0,完成本节内容
L000875,SCH0024,STU0097,T004,2025-08-06,1.0,需要加强口语练习
L000876,SCH0024,STU0097,T004,2025-08-13,1.0,需要加强口语练习
L000877,SCH0024,STU0097,T004,2025-08-20,2.0,完成本节内容
L000878,SCH0024,STU0097,T004,2025-08-27,1.5,
L000879,SCH0024,STU0097,T004,2025-09-03,1.67,需要加强口语练习
L000880,SCH0024,STU0097,T004,2025-09-10,1.0,语法掌握一般
L000881,SCH0024,STU0097,T004,2025-09-17,1.0,课堂参与积极
L000882,SCH0024,STU0097,T004,2025-09-24,1.0,语法掌握一般
L000883,SCH0024,STU0097,T004,2025-10-01,1.0,课堂参与积极
L000884,SCH0024,STU0097,T004,2025-10-08,1.0,课堂参与积极
L000885,SCH0024,STU0097,T004,2025-10-15,1.0,完成本节内容
L000886,SCH0024,STU0097,T004,2025-10-22,1.67,语法掌握一般
L000887,SCH0024,STU0097,T004,2025-10-29,1.67,需要加强口语练习
L000888,SCH0024,STU0097,T004,2025-11-05,1.0,需要加强口语练习
L000889,SCH0024,STU0097,T004,2025-11-12,1.5,课堂参与积极
L000890,SCH0024,STU0097,T004,2025-11-19,1.5,
L000891,SCH0024,STU0097,T004,2025-11-26,1.0,完成本节内容
L000892,SCH0024,STU0097,T004,2025-12-03,1.67,需要加强口语练习
L000893,SCH0024,STU0097,T004,2025-12-10,1.67,
L000894,SCH0024,STU0097,T004,2025-12-17,2.0,完成本节内容
L000895,SCH0024,STU0097,T004,2025-12-24,1.0,语法掌握一般
L000896,SCH0024,STU0097,T004,2025-12-31,1.5,语法掌握一般
L000897,SCH0024,STU0097,T004,2026-01-07,1.0,完成本节内容
L000898,SCH0024,STU0097,T004,2026-01-14,1.5,课堂参与积极
L000899,SCH0024,STU0097,T004,2026-01-21,1.67,需要加强口语练习
L000900,SCH0024,STU0097,T004,2026-01-28,2.0,课堂参与积极
L000901,SCH0024,STU0097,T004,2026-02-04,1.0,课堂参与积极
L000902,SCH0024,STU0097,T004,2026-02-11,1.0,完成本节内容
L000903,SCH0024,STU0097,T004,2026-02-18,1.5,
L000904,SCH0024,STU0097,T004,2026-02-25,1.0,完成本节内容
L000905,SCH0024,STU0097,T004,2026-03-04,1.67,课堂参与积极
L000906,SCH0024,STU0097,T004,2026-03-11,1.5,语法掌握一般
L000907,SCH0024,STU0097,T004,2026-03-18,1.5,完成本节内容
L000908,SCH0024,STU0097,T004,2026-03-25,1.0,
L000909,SCH0024,STU0097,T004,2026-04-01,1.0,完成本节内容
L000910,SCH0024,STU0097,T004,2026-04-08,1.67,语法掌握一般
L000911,SCH0024,STU0097,T004,2026-04-15,1.0,完成本节内容
L000912,SCH0024,STU0097,T004,2026-04-22,1.67,课堂参与积极
L000913,SCH0024,STU0097,T004,2026-04-29,1.0,语法掌握一般
L000914,SCH0024,STU0097,T004,2026-05-06,1.67,
L000915,SCH0024,STU0097,T004,2026-05-13,1.67,
L000916,SCH0024,STU0097,T004,2026-05-20,2.0,需要加强口语练习
L000917,SCH0024,STU0097,T004,2026-05-27,1.5,语法掌握一般
L000918,SCH0024,STU0097,T004,2026-06-03,1.0,课堂参与积极
L000919,SCH0024,STU0097,T004,2026-06-10,1.67,完成本节内容
L000920,SCH0024,STU0097,T004,2026-06-17,1.0,语法掌握一般
L000921,SCH0024,STU0097,T004,2026-06-24,1.67,完成本节内容
L000922,SCH0024,STU0097,T004,2026-07-01,2.0,完成本节内容
L000923,SCH0024,STU0097,T004,2026-07-08,1.5,完成本节内容
L000924,SCH0024,STU0097,T004,2026-07-15,1.0,完成本节内容
L000925,SCH0024,STU0097,T004,2026-07-22,1.67,
L000926,SCH0024,STU0097,T004,2026-07-29,1.67,语法掌握一般
L000927,SCH0024,STU0097,T004,2026-08-05,1.0,课堂参与积极
L000928,SCH0024,STU0097,T004,2026-08-12,1.5,需要加强口语练习
L000929,SCH0024,STU0097,T004,2026-08-19,1.67,完成本节内容
L000930,SCH0024,STU0097,T004,2026-08-26,1.0,需要加强口语练习
L000931,SCH0025,,T014,2025-08-29,1.0,语法掌握一般
L000932,SCH0025,,T014,2025-09-05,1.67,需要加强口语练习
L000933,SCH0025,,T014,2025-09-12,1.0,
L000934,SCH0025,,T014,2025-09-19,1.67,完成本节内容
L000935,SCH0025,,T014,2025-09-26,1.0,需要加强口语练习
L000936,SCH0025,,T014,2025-10-03,1.0,需要加强口语练习
L000937,SCH0025,,T014,2025-10-10,1.67,课堂参与积极
L000938,SCH0025,,T014,2025-10-17,1.0,完成本节内容
L000939,SCH0025,,T014,2025-10-24,1.0,需要加强口语练习
L000940,SCH0025,,T014,2025-10-31,1.67,语法掌握一般
L000941,SCH0025,,T014,2025-11-07,1.0,完成本节内容
L000942,SCH0025,,T014,2025-11-14,1.0,需要加强口语练习
L000943,SCH0025,,T014,2025-11-21,2.0,需要加强口语练习
L000944,SCH0025,,T014,2025-11-28,1.0,
L000945,SCH0025,,T014,2025-12-05,1.5,完成本节内容
L000946,SCH0025,,T014,2025-12-12,1.0,完成本节内容
L000947,SCH0025,,T014,2025-12-19,1.0,完成本节内容
L000948,SCH0025,,T014,2025-12-26,1.0,完成本节内容
L000949,SCH0025,,T014,2026-01-02,1.0,完成本节内容
L000950,SCH0025,,T014,2026-01-09,1.0,语法掌握一般
L000951,SCH0025,,T014,2026-01-16,1.5,语法掌握一般
L000952,SCH0025,,T014,2026-01-23,1.67,需要加强口语练习
L000953,SCH0025,,T014,2026-01-30,1.67,需要加强口语练习
L000954,SCH0025,,T014,2026-02-06,1.67,需要加强口语练习
L000955,SCH0025,,T014,2026-02-13,1.67,需要加强口语练习
L000956,SCH0025,,T014,2026-02-20,1.0,完成本节内容
L000957,SCH0025,,T014,2026-02-27,1.0,完成本节内容
L000958,SCH0025,,T014,2026-03-06,1.0,课堂参与积极
L000959,SCH0025,,T014,2026-03-13,1.0,需要加强口语练习
L000960,SCH0025,,T014,2026-03-20,1.5,完成本节内容
L000961,SCH0025,,T014,2026-03-27,1.67,完成本节内容
L000962,SCH0025,,T014,2026-04-03,1.0,完成本节内容
L000963,SCH0025,,T014,2026-04-10,1.0,语法掌握一般
L000964,SCH0025,,T014,2026-04-17,1.0,课堂参与积极
L000965,SCH0025,,T014,2026-04-24,1.0,需要加强口语练习
L000966,SCH0025,,T014,2026-05-01,1.5,完成本节内容
L000967,SCH0025,,T014,2026-05-08,2.0,语法掌握一般
L000968,SCH0025,,T014,2026-05-15,1.0,课堂参与积极
L000969,SCH0025,,T014,2026-05-22,1.67,完成本节内容
L000970,SCH0025,,T014,2026-05-29,1.67,需要加强口语练习
L000971,SCH0025,,T014,2026-06-05,1.0,课堂参与积极
L000972,SCH0025,,T014,2026-06-12,1.5,完成本节内容
L000973,SCH0025,,T014,2026-06-19,2.0,需要加强口语练习
L000974,SCH0025,,T014,2026-06-26,1.67,语法掌握一般
L000975,SCH0025,,T014,2026-07-03,1.5,完成本节内容
L000976,SCH0025,,T014,2026-07-10,1.5,语法掌握一般
L000977,SCH0025,,T014,2026-07-17,1.0,完成本节内容
L000978,SCH0025,,T014,2026-07-24,1.0,课堂参与积极
L000979,SCH0025,,T014,2026-07-31,2.0,课堂参与积极
L000980,SCH0025,,T014,2026-08-07,1.5,语法掌握一般
L000981,SCH0025,,T014,2026-08-14,1.0,课堂参与积极
L000982,SCH0025,,T014,2026-08-21,1.5,需要加强口语练习
L000983,SCH0025,,T014,2026-08-28,1.67,完成本节内容
L000984,SCH0026,STU0098,T008,2025-10-21,1.67,需要加强口语练习
L000985,SCH0026,STU0098,T008,2025-10-28,1.0,需要加强口语练习
L000986,SCH0026,STU0098,T008,2025-11-04,1.0,语法掌握一般
L000987,SCH0026,STU0098,T008,2025-11-11,1.67,
L000988,SCH0026,STU0098,T008,2025-11-18,2.0,需要加强口语练习
L000989,SCH0026,STU0098,T008,2025-11-25,1.67,需要加强口语练习
L000990,SCH0026,STU0098,T008,2025-12-02,1.0,课堂参与积极
L000991,SCH0026,STU0098,T008,2025-12-09,1.67,需要加强口语练习
L000992,SCH0026,STU0098,T008,2025-12-16,1.0,完成本节内容
L000993,SCH0026,STU0098,T008,2025-12-23,1.5,课堂参与积极
L000994,SCH0026,STU0098,T008,2025-12-30,1.5,语法掌握一般
L000995,SCH0026,STU0098,T008,2026-01-06,1.67,完成本节内容
L000996,SCH0026,STU0098,T008,2026-01-13,2.0,课堂参与积极
L000997,SCH0026,STU0098,T008,2026-01-20,2.0,需要加强口语练习
L000998,SCH0026,STU0098,T008,2026-01-27,1.0,需要加强口语练习
L000999,SCH0026,STU0098,T008,2026-02-03,1.5,需要加强口语练习
L001000,SCH0026,STU0098,T008,2026-02-10,1.67,需要加强口语练习
L001001,SCH0026,STU0098,T008,2026-02-17,1.5,需要加强口语练习
L001002,SCH0026,STU0098,T008,2026-02-24,1.67,需要加强口语练习
L001003,SCH0026,STU0098,T008,2026-03-03,2.0,语法掌握一般
L001004,SCH0026,STU0098,T008,2026-03-10,2.0,完成本节内容
L001005,SCH0026,STU0098,T008,2026-03-17,1.0,完成本节内容
L001006,SCH0026,STU0098,T008,2026-03-24,1.0,完成本节内容
L001007,SCH0026,STU0098,T008,2026-03-31,1.0,完成本节内容
L001008,SCH0026,STU0098,T008,2026-04-07,1.67,完成本节内容
L001009,SCH0026,STU0098,T008,2026-04-14,1.0,课堂参与积极
L001010,SCH0026,STU0098,T008,2026-04-21,2.0,
L001011,SCH0026,STU0098,T008,2026-04-28,1.67,需要加强口语练习
L001012,SCH0026,STU0098,T008,2026-05-05,1.67,课堂参与积极
L001013,SCH0026,STU0098,T008,2026-05-12,1.5,完成本节内容
L001014,SCH0026,STU0098,T008,2026-05-19,1.0,课堂参与积极
L001015,SCH0026,STU0098,T008,2026-05-26,1.0,完成本节内容
L001016,SCH0026,STU0098,T008,2026-06-02,1.67,完成本节内容
L001017,SCH0026,STU0098,T008,2026-06-09,1.5,完成本节内容
L001018,SCH0026,STU0098,T008,2026-06-16,1.67,完成本节内容
L001019,SCH0026,STU0098,T008,2026-06-23,1.67,课堂参与积极
L001020,SCH0026,STU0098,T008,2026-06-30,1.0,语法掌握一般
L001021,SCH0026,STU0098,T008,2026-07-07,2.0,语法掌握一般
L001022,SCH0026,STU0098,T008,2026-07-14,1.5,需要加强口语练习
L001023,SCH0026,STU0098,T008,2026-07-21,1.0,完成本节内容
L001024,SCH0026,STU0098,T008,2026-07-28,1.67,需要加强口语练习
L001025,SCH0026,STU0098,T008,2026-08-04,1.0,语法掌握一般
L001026,SCH0026,STU0098,T008,2026-08-11,1.0,语法掌握一般
L001027,SCH0026,STU0098,T008,2026-08-18,1.67,语法掌握一般
L001028,SCH0026,STU0098,T008,2026-08-25,1.5,课堂参与积极
L001029,SCH0027,STU0057,T011,2025-08-17,1.67,需要加强口语练习
L001030,SCH0027,STU0057,T011,2025-08-24,1.0,语法掌握一般
L001031,SCH0027,STU0057,T011,2025-08-31,1.5,需要加强口语练习
L001032,SCH0027,STU0057,T011,2025-09-07,1.0,需要加强口语练习
L001033,SCH0027,STU0057,T011,2025-09-14,1.67,完成本节内容
L001034,SCH0027,STU0057,T011,2025-09-21,1.0,课堂参与积极
L001035,SCH0027,STU0057,T011,2025-09-28,2.0,课堂参与积极
L001036,SCH0027,STU0057,T011,2025-10-05,1.67,需要加强口语练习
L001037,SCH0027,STU0057,T011,2025-10-12,1.0,课堂参与积极
L001038,SCH0027,STU0057,T011,2025-10-19,1.0,完成本节内容
L001039,SCH0027,STU0057,T011,2025-10-26,1.67,完成本节内容
L001040,SCH0027,STU0057,T011,2025-11-02,1.67,需要加强口语练习
L001041,SCH0027,STU0057,T011,2025-11-09,1.0,完成本节内容
L001042,SCH0027,STU0057,T011,2025-11-16,1.0,语法掌握一般
L001043,SCH0027,STU0057,T011,2025-11-23,1.0,完成本节内容
L001044,SCH0027,STU0057,T011,2025-11-30,1.0,语法掌握一般
L001045,SCH0027,STU0057,T011,2025-12-07,1.0,语法掌握一般
L001046,SCH0027,STU0057,T011,2025-12-14,1.0,完成本节内容
L001047,SCH0027,STU0057,T011,2025-12-21,1.5,课堂参与积极
L001048,SCH0027,STU0057,T011,2025-12-28,1.5,语法掌握一般
L001049,SCH0027,STU0057,T011,2026-01-04,1.0,课堂参与积极
L001050,SCH0027,STU0057,T011,2026-01-11,1.0,完成本节内容
L001051,SCH0027,STU0057,T011,2026-01-18,1.67,课堂参与积极
L001052,SCH0027,STU0057,T011,2026-01-25,1.0,完成本节内容
L001053,SCH0027,STU0057,T011,2026-02-01,1.67,语法掌握一般
L001054,SCH0027,STU0057,T011,2026-02-08,1.0,语法掌握一般
L001055,SCH0027,STU0057,T011,2026-02-15,1.67,需要加强口语练习
L001056,SCH0027,STU0057,T011,2026-02-22,2.0,需要加强口语练习
L001057,SCH0027,STU0057,T011,2026-03-01,1.0,完成本节内容
L001058,SCH0027,STU0057,T011,2026-03-08,1.0,需要加强口语练习
L001059,SCH0027,STU0057,T011,2026-03-15,1.0,完成本节内容
L001060,SCH0027,STU0057,T011,2026-03-22,1.67,完成本节内容
L001061,SCH0027,STU0057,T011,2026-03-29,1.67,需要加强口语练习
L001062,SCH0027,STU0057,T011,2026-04-05,1.0,语法掌握一般
L001063,SCH0027,STU0057,T011,2026-04-12,1.67,需要加强口语练习
L001064,SCH0027,STU0057,T011,2026-04-19,1.0,完成本节内容
L001065,SCH0027,STU0057,T011,2026-04-26,1.5,课堂参与积极
L001066,SCH0027,STU0057,T011,2026-05-03,1.67,
L001067,SCH0027,STU0057,T011,2026-05-10,1.67,课堂参与积极
L001068,SCH0027,STU0057,T011,2026-05-17,1.67,语法掌握一般
L001069,SCH0027,STU0057,T011,2026-05-24,1.67,需要加强口语练习
L001070,SCH0027,STU0057,T011,2026-05-31,1.5,
L001071,SCH0027,STU0057,T011,2026-06-07,2.0,
L001072,SCH0027,STU0057,T011,2026-06-14,1.5,完成本节内容
L001073,SCH0027,STU0057,T011,2026-06-21,1.5,完成本节内容
L001074,SCH0027,STU0057,T011,2026-06-28,2.0,
L001075,SCH0027,STU0057,T011,2026-07-05,1.0,语法掌握一般
L001076,SCH0027,STU0057,T011,2026-07-12,1.0,完成本节内容
L001077,SCH0027,STU0057,T011,2026-07-19,1.0,语法掌握一般
L001078,SCH0027,STU0057,T011,2026-07-26,1.0,完成本节内容
L001079,SCH0027,STU0057,T011,2026-08-02,2.0,完成本节内容
L001080,SCH0027,STU0057,T011,2026-08-09,1.0,课堂参与积极
L001081,SCH0027,STU0057,T011,2026-08-16,1.67,完成本节内容
L001082,SCH0027,STU0057,T011,2026-08-23,1.67,需要加强口语练习
L001083,SCH0027,STU0057,T011,2026-08-30,1.0,语法掌握一般
L001084,SCH0028,,T014,2025-10-05,1.0,
L001085,SCH0028,,T014,2025-10-12,1.0,需要加强口语练习
L001086,SCH0028,,T014,2025-10-19,1.0,需要加强口语练习
L001087,SCH0028,,T014,2025-10-26,1.5,语法掌握一般
L001088,SCH0028,,T014,2025-11-02,1.67,完成本节内容
L001089,SCH0028,,T014,2025-11-09,1.0,课堂参与积极
L001090,SCH0028,,T014,2025-11-16,1.67,完成本节内容
L001091,SCH0028,,T014,2025-11-23,1.5,完成本节内容
L001092,SCH0028,,T014,2025-11-30,1.67,课堂参与积极
L001093,SCH0028,,T014,2025-12-07,2.0,完成本节内容
L001094,SCH0028,,T014,2025-12-14,1.0,课堂参与积极
L001095,SCH0028,,T014,2025-12-21,2.0,课堂参与积极
L001096,SCH0028,,T014,2025-12-28,1.67,完成本节内容
L001097,SCH0028,,T014,2026-01-04,1.0,
L001098,SCH0028,,T014,2026-01-11,2.0,完成本节内容
L001099,SCH0028,,T014,2026-01-18,1.0,课堂参与积极
L001100,SCH0028,,T014,2026-01-25,1.0,需要加强口语练习
L001101,SCH0028,,T014,2026-02-01,1.0,课堂参与积极
L001102,SCH0028,,T014,2026-02-08,1.0,语法掌握一般
L001103,SCH0028,,T014,2026-02-15,2.0,完成本节内容
L001104,SCH0028,,T014,2026-02-22,1.67,需要加强口语练习
L001105,SCH0028,,T014,2026-03-01,1.67,完成本节内容
L001106,SCH0028,,T014,2026-03-08,1.0,
L001107,SCH0028,,T014,2026-03-15,1.67,完成本节内容
L001108,SCH0028,,T014,2026-03-22,1.67,语法掌握一般
L001109,SCH0028,,T014,2026-03-29,1.0,语法掌握一般
L001110,SCH0028,,T014,2026-04-05,1.0,需要加强口语练习
L001111,SCH0028,,T014,2026-04-12,2.0,完成本节内容
L001112,SCH0028,,T014,2026-04-19,2.0,完成本节内容
L001113,SCH0028,,T014,2026-04-26,1.0,需要加强口语练习
L001114,SCH0028,,T014,2026-05-03,1.5,需要加强口语练习
L001115,SCH0028,,T014,2026-05-10,1.0,完成本节内容
L001116,SCH0028,,T014,2026-05-17,1.5,语法掌握一般
L001117,SCH0028,,T014,2026-05-24,1.0,完成本节内容
L001118,SCH0028,,T014,2026-05-31,2.0,
L001119,SCH0028,,T014,2026-06-07,2.0,语法掌握一般
L001120,SCH0028,,T014,2026-06-14,2.0,需要加强口语练习
L001121,SCH0028,,T014,2026-06-21,1.5,语法掌握一般
L001122,SCH0028,,T014,2026-06-28,1.5,完成本节内容
L001123,SCH0028,,T014,2026-07-05,1.5,课堂参与积极
L001124,SCH0028,,T014,2026-07-12,1.5,完成本节内容
L001125,SCH0028,,T014,2026-07-19,1.0,语法掌握一般
L001126,SCH0028,,T014,2026-07-26,1.0,完成本节内容
L001127,SCH0028,,T014,2026-08-02,1.5,课堂参与积极
L001128,SCH0028,,T014,2026-08-09,1.0,完成本节内容
L001129,SCH0028,,T014,2026-08-16,1.67,完成本节内容
L001130,SCH0028,,T014,2026-08-23,1.0,完成本节内容
L001131,SCH0028,,T014,2026-08-30,1.0,完成本节内容
L001132,SCH0029,STU0124,T007,2025-07-02,1.67,完成本节内容
L001133,SCH0029,STU0124,T007,2025-07-09,1.0,完成本节内容
L001134,SCH0029,STU0124,T007,2025-07-16,1.67,完成本节内容
L001135,SCH0029,STU0124,T007,2025-07-23,1.5,需要加强口语练习
L001136,SCH0029,STU0124,T007,2025-07-30,1.67,课堂参与积极
L001137,SCH0029,STU0124,T007,2025-08-06,1.0,完成本节内容
L001138,SCH0029,STU0124,T007,2025-08-13,1.0,语法掌握一般
L001139,SCH0029,STU0124,T007,2025-08-20,1.0,课堂参与积极
L001140,SCH0029,STU0124,T007,2025-08-27,2.0,课堂参与积极
L001141,SCH0029,STU0124,T007,2025-09-03,1.5,需要加强口语练习
L001142,SCH0029,STU0124,T007,2025-09-10,1.0,需要加强口语练习
L001143,SCH0029,STU0124,T007,2025-09-17,1.5,完成本节内容
L001144,SCH0029,STU0124,T007,2025-09-24,1.0,语法掌握一般
L001145,SCH0029,STU0124,T007,2025-10-01,1.5,完成本节内容
L001146,SCH0029,STU0124,T007,2025-10-08,2.0,完成本节内容
L001147,SCH0029,STU0124,T007,2025-10-15,1.67,需要加强口语练习
L001148,SCH0029,STU0124,T007,2025-10-22,1.5,语法掌握一般
L001149,SCH0029,STU0124,T007,2025-10-29,2.0,完成本节内容
L001150,SCH0029,STU0124,T007,2025-11-05,1.0,需要加强口语练习
L001151,SCH0029,STU0124,T007,2025-11-12,1.5,课堂参与积极
L001152,SCH0029,STU0124,T007,2025-11-19,2.0,完成本节内容
L001153,SCH0029,STU0124,T007,2025-11-26,1.0,课堂参与积极
L001154,SCH0029,STU0124,T007,2025-12-03,1.0,课堂参与积极
L001155,SCH0029,STU0124,T007,2025-12-10,1.0,完成本节内容
L001156,SCH0029,STU0124,T007,2025-12-17,1.0,
L001157,SCH0029,STU0124,T007,2025-12-24,1.0,课堂参与积极
L001158,SCH0029,STU0124,T007,2025-12-31,1.5,完成本节内容
L001159,SCH0029,STU0124,T007,2026-01-07,1.0,课堂参与积极
L001160,SCH0029,STU0124,T007,2026-01-14,1.67,语法掌握一般
L001161,SCH0029,STU0124,T007,2026-01-21,1.5,完成本节内容
L001162,SCH0029,STU0124,T007,2026-01-28,1.0,完成本节内容
L001163,SCH0029,STU0124,T007,2026-02-04,2.0,语法掌握一般
L001164,SCH0029,STU0124,T007,2026-02-11,1.67,课堂参与积极
L001165,SCH0029,STU0124,T007,2026-02-18,1.0,完成本节内容
L001166,SCH0029,STU0124,T007,2026-02-25,1.0,语法掌握一般
L001167,SCH0029,STU0124,T007,2026-03-04,2.0,完成本节内容
L001168,SCH0029,STU0124,T007,2026-03-11,1.67,完成本节内容
L001169,SCH0029,STU0124,T007,2026-03-18,1.0,完成本节内容
L001170,SCH0029,STU0124,T007,2026-03-25,1.0,语法掌握一般
L001171,SCH0029,STU0124,T007,2026-04-01,1.5,完成本节内容
L001172,SCH0029,STU0124,T007,2026-04-08,1.0,完成本节内容
L001173,SCH0029,STU0124,T007,2026-04-15,1.0,语法掌握一般
L001174,SCH0029,STU0124,T007,2026-04-22,1.0,
L001175,SCH0029,STU0124,T007,2026-04-29,1.0,完成本节内容
L001176,SCH0029,STU0124,T007,2026-05-06,1.0,完成本节内容
L001177,SCH0029,STU0124,T007,2026-05-13,2.0,语法掌握一般
L001178,SCH0029,STU0124,T007,2026-05-20,1.0,课堂参与积极
L001179,SCH0029,STU0124,T007,2026-05-27,1.5,
L001180,SCH0029,STU0124,T007,2026-06-03,1.0,完成本节内容
L001181,SCH0029,STU0124,T007,2026-06-10,1.0,需要加强口语练习
L001182,SCH0029,STU0124,T007,2026-06-17,1.0,需要加强口语练习
L001183,SCH0029,STU0124,T007,2026-06-24,1.67,完成本节内容
L001184,SCH0029,STU0124,T007,2026-07-01,1.5,完成本节内容
L001185,SCH0029,STU0124,T007,2026-07-08,1.0,完成本节内容
L001186,SCH0029,STU0124,T007,2026-07-15,1.5,语法掌握一般
L001187,SCH0029,STU0124,T007,2026-07-22,1.0,
L001188,SCH0029,STU0124,T007,2026-07-29,1.0,语法掌握一般
L001189,SCH0029,STU0124,T007,2026-08-05,1.67,需要加强口语练习
L001190,SCH0029,STU0124,T007,2026-08-12,1.67,
L001191,SCH0029,STU0124,T007,2026-08-19,1.5,语法掌握一般
L001192,SCH0029,STU0124,T007,2026-08-26,1.0,课堂参与积极
L001193,SCH0030,STU0051,T028,2026-07-16,1.0,需要加强口语练习
L001194,SCH0030,STU0051,T028,2026-07-23,1.0,课堂参与积极
L001195,SCH0030,STU0051,T028,2026-07-30,1.0,需要加强口语练习
L001196,SCH0030,STU0051,T028,2026-08-06,1.0,需要加强口语练习
L001197,SCH0030,STU0051,T028,2026-08-13,1.0,完成本节内容
L001198,SCH0030,STU0051,T028,2026-08-20,1.67,需要加强口语练习
L001199,SCH0030,STU0051,T028,2026-08-27,1.0,语法掌握一般
L001200,SCH0031,STU0035,T010,2025-07-25,1.5,课堂参与积极
L001201,SCH0031,STU0035,T010,2025-08-01,1.67,课堂参与积极
L001202,SCH0031,STU0035,T010,2025-08-08,1.0,完成本节内容
L001203,SCH0031,STU0035,T010,2025-08-15,1.67,课堂参与积极
L001204,SCH0031,STU0035,T010,2025-08-22,1.67,完成本节内容
L001205,SCH0031,STU0035,T010,2025-08-29,1.0,完成本节内容
L001206,SCH0031,STU0035,T010,2025-09-05,1.67,完成本节内容
L001207,SCH0031,STU0035,T010,2025-09-12,1.0,课堂参与积极
L001208,SCH0031,STU0035,T010,2025-09-19,1.0,完成本节内容
L001209,SCH0031,STU0035,T010,2025-09-26,1.0,完成本节内容
L001210,SCH0031,STU0035,T010,2025-10-03,1.67,需要加强口语练习
L001211,SCH0031,STU0035,T010,2025-10-10,1.67,
L001212,SCH0031,STU0035,T010,2025-10-17,1.0,课堂参与积极
L001213,SCH0031,STU0035,T010,2025-10-24,2.0,完成本节内容
L001214,SCH0031,STU0035,T010,2025-10-31,2.0,需要加强口语练习
L001215,SCH0031,STU0035,T010,2025-11-07,1.0,完成本节内容
L001216,SCH0031,STU0035,T010,2025-11-14,1.67,
L001217,SCH0031,STU0035,T010,2025-11-21,1.67,完成本节内容
L001218,SCH0031,STU0035,T010,2025-11-28,2.0,完成本节内容
L001219,SCH0031,STU0035,T010,2025-12-05,1.0,
L001220,SCH0031,STU0035,T010,2025-12-12,1.67,语法掌握一般
L001221,SCH0031,STU0035,T010,2025-12-19,1.0,需要加强口语练习
L001222,SCH0031,STU0035,T010,2025-12-26,1.67,需要加强口语练习
L001223,SCH0031,STU0035,T010,2026-01-02,1.0,完成本节内容
L001224,SCH0031,STU0035,T010,2026-01-09,1.67,完成本节内容
L001225,SCH0031,STU0035,T010,2026-01-16,1.0,语法掌握一般
L001226,SCH0031,STU0035,T010,2026-01-23,1.5,完成本节内容
L001227,SCH0031,STU0035,T010,2026-01-30,1.0,
L001228,SCH0031,STU0035,T010,2026-02-06,1.0,完成本节内容
L001229,SCH0031,STU0035,T010,2026-02-13,1.67,完成本节内容
L001230,SCH0031,STU0035,T010,2026-02-20,1.5,语法掌握一般
L001231,SCH0031,STU0035,T010,2026-02-27,1.0,完成本节内容
L001232,SCH0031,STU0035,T010,2026-03-06,1.0,语法掌握一般
L001233,SCH0031,STU0035,T010,2026-03-13,1.0,课堂参与积极
L001234,SCH0031,STU0035,T010,2026-03-20,1.0,完成本节内容
L001235,SCH0031,STU0035,T010,2026-03-27,2.0,需要加强口语练习
L001236,SCH0031,STU0035,T010,2026-04-03,1.5,
L001237,SCH0031,STU0035,T010,2026-04-10,1.0,需要加强口语练习
L001238,SCH0031,STU0035,T010,2026-04-17,1.67,课堂参与积极
L001239,SCH0031,STU0035,T010,2026-04-24,1.67,完成本节内容
L001240,SCH0031,STU0035,T010,2026-05-01,1.5,完成本节内容
L001241,SCH0031,STU0035,T010,2026-05-08,1.0,完成本节内容
L001242,SCH0031,STU0035,T010,2026-05-15,1.0,需要加强口语练习
L001243,SCH0031,STU0035,T010,2026-05-22,2.0,完成本节内容
L001244,SCH0031,STU0035,T010,2026-05-29,1.0,需要加强口语练习
L001245,SCH0031,STU0035,T010,2026-06-05,1.0,课堂参与积极
L001246,SCH0031,STU0035,T010,2026-06-12,1.0,需要加强口语练习
L001247,SCH0031,STU0035,T010,2026-06-19,1.0,完成本节内容
L001248,SCH0031,STU0035,T010,2026-06-26,1.5,完成本节内容
L001249,SCH0031,STU0035,T010,2026-07-03,1.0,语法掌握一般
L001250,SCH0031,STU0035,T010,2026-07-10,1.0,课堂参与积极
L001251,SCH0031,STU0035,T010,2026-07-17,1.67,完成本节内容
L001252,SCH0031,STU0035,T010,2026-07-24,1.0,课堂参与积极
L001253,SCH0031,STU0035,T010,2026-07-31,1.0,需要加强口语练习
L001254,SCH0031,STU0035,T010,2026-08-07,2.0,完成本节内容
L001255,SCH0031,STU0035,T010,2026-08-14,1.67,语法掌握一般
L001256,SCH0031,STU0035,T010,2026-08-21,2.0,语法掌握一般
L001257,SCH0031,STU0035,T010,2026-08-28,1.67,语法掌握一般
L001258,SCH0032,STU0039,T020,2025-10-11,1.0,完成本节内容
L001259,SCH0032,STU0039,T020,2025-10-18,1.0,课堂参与积极
L001260,SCH0032,STU0039,T020,2025-10-25,1.0,需要加强口语练习
L001261,SCH0032,STU0039,T020,2025-11-01,1.5,完成本节内容
L001262,SCH0032,STU0039,T020,2025-11-08,1.0,完成本节内容
L001263,SCH0032,STU0039,T020,2025-11-15,1.0,完成本节内容
L001264,SCH0032,STU0039,T020,2025-11-22,2.0,需要加强口语练习
L001265,SCH0032,STU0039,T020,2025-11-29,1.67,需要加强口语练习
L001266,SCH0032,STU0039,T020,2025-12-06,1.67,语法掌握一般
L001267,SCH0032,STU0039,T020,2025-12-13,1.0,课堂参与积极
L001268,SCH0032,STU0039,T020,2025-12-20,1.5,课堂参与积极
L001269,SCH0032,STU0039,T020,2025-12-27,1.67,
L001270,SCH0032,STU0039,T020,2026-01-03,1.0,完成本节内容
L001271,SCH0032,STU0039,T020,2026-01-10,1.67,需要加强口语练习
L001272,SCH0032,STU0039,T020,2026-01-17,1.0,需要加强口语练习
L001273,SCH0032,STU0039,T020,2026-01-24,1.5,语法掌握一般
L001274,SCH0032,STU0039,T020,2026-01-31,1.0,完成本节内容
L001275,SCH0032,STU0039,T020,2026-02-07,1.0,完成本节内容
L001276,SCH0032,STU0039,T020,2026-02-14,1.5,完成本节内容
L001277,SCH0032,STU0039,T020,2026-02-21,1.67,
L001278,SCH0032,STU0039,T020,2026-02-28,1.67,完成本节内容
L001279,SCH0032,STU0039,T020,2026-03-07,1.0,完成本节内容
L001280,SCH0032,STU0039,T020,2026-03-14,2.0,课堂参与积极
L001281,SCH0032,STU0039,T020,2026-03-21,1.0,需要加强口语练习
L001282,SCH0032,STU0039,T020,2026-03-28,1.0,课堂参与积极
L001283,SCH0032,STU0039,T020,2026-04-04,2.0,课堂参与积极
L001284,SCH0032,STU0039,T020,2026-04-11,2.0,需要加强口语练习
L001285,SCH0032,STU0039,T020,2026-04-18,1.0,语法掌握一般
L001286,SCH0032,STU0039,T020,2026-04-25,1.0,
L001287,SCH0032,STU0039,T020,2026-05-02,1.67,语法掌握一般
L001288,SCH0032,STU0039,T020,2026-05-09,1.0,课堂参与积极
L001289,SCH0032,STU0039,T020,2026-05-16,2.0,
L001290,SCH0032,STU0039,T020,2026-05-23,1.0,语法掌握一般
L001291,SCH0032,STU0039,T020,2026-05-30,1.0,课堂参与积极
L001292,SCH0032,STU0039,T020,2026-06-06,1.0,语法掌握一般
L001293,SCH0032,STU0039,T020,2026-06-13,1.5,完成本节内容
L001294,SCH0032,STU0039,T020,2026-06-20,1.67,完成本节内容
L001295,SCH0032,STU0039,T020,2026-06-27,1.5,课堂参与积极
L001296,SCH0032,STU0039,T020,2026-07-04,1.5,语法掌握一般
L001297,SCH0032,STU0039,T020,2026-07-11,1.67,完成本节内容
L001298,SCH0032,STU0039,T020,2026-07-18,1.0,需要加强口语练习
L001299,SCH0032,STU0039,T020,2026-07-25,1.67,
L001300,SCH0032,STU0039,T020,2026-08-01,1.67,完成本节内容
L001301,SCH0032,STU0039,T020,2026-08-08,1.67,语法掌握一般
L001302,SCH0032,STU0039,T020,2026-08-15,1.0,完成本节内容
L001303,SCH0032,STU0039,T020,2026-08-22,1.0,语法掌握一般
L001304,SCH0032,STU0039,T020,2026-08-29,2.0,语法掌握一般
L001305,SCH0033,STU0136,T013,2025-10-20,1.0,课堂参与积极
L001306,SCH0033,STU0136,T013,2025-10-27,1.0,语法掌握一般
L001307,SCH0033,STU0136,T013,2025-11-03,1.0,课堂参与积极
L001308,SCH0033,STU0136,T013,2025-11-10,1.0,
L001309,SCH0033,STU0136,T013,2025-11-17,1.0,课堂参与积极
L001310,SCH0033,STU0136,T013,2025-11-24,1.67,完成本节内容
L001311,SCH0033,STU0136,T013,2025-12-01,1.67,完成本节内容
L001312,SCH0033,STU0136,T013,2025-12-08,1.5,需要加强口语练习
L001313,SCH0033,STU0136,T013,2025-12-15,1.67,语法掌握一般
L001314,SCH0033,STU0136,T013,2025-12-22,1.0,完成本节内容
L001315,SCH0033,STU0136,T013,2025-12-29,1.0,语法掌握一般
L001316,SCH0033,STU0136,T013,2026-01-05,1.0,课堂参与积极
L001317,SCH0033,STU0136,T013,2026-01-12,1.67,完成本节内容
L001318,SCH0033,STU0136,T013,2026-01-19,1.0,完成本节内容
L001319,SCH0033,STU0136,T013,2026-01-26,1.0,课堂参与积极
L001320,SCH0033,STU0136,T013,2026-02-02,1.5,完成本节内容
L001321,SCH0033,STU0136,T013,2026-02-09,1.67,课堂参与积极
L001322,SCH0033,STU0136,T013,2026-02-16,1.0,语法掌握一般
L001323,SCH0033,STU0136,T013,2026-02-23,1.0,需要加强口语练习
L001324,SCH0033,STU0136,T013,2026-03-02,1.0,语法掌握一般
L001325,SCH0033,STU0136,T013,2026-03-09,1.0,需要加强口语练习
L001326,SCH0033,STU0136,T013,2026-03-16,1.0,
L001327,SCH0033,STU0136,T013,2026-03-23,1.67,完成本节内容
L001328,SCH0033,STU0136,T013,2026-03-30,1.67,完成本节内容
L001329,SCH0033,STU0136,T013,2026-04-06,1.5,完成本节内容
L001330,SCH0033,STU0136,T013,2026-04-13,1.5,完成本节内容
L001331,SCH0033,STU0136,T013,2026-04-20,1.67,课堂参与积极
L001332,SCH0033,STU0136,T013,2026-04-27,1.67,需要加强口语练习
L001333,SCH0033,STU0136,T013,2026-05-04,1.0,完成本节内容
L001334,SCH0033,STU0136,T013,2026-05-11,1.0,完成本节内容
L001335,SCH0033,STU0136,T013,2026-05-18,1.5,语法掌握一般
L001336,SCH0033,STU0136,T013,2026-05-25,1.67,课堂参与积极
L001337,SCH0033,STU0136,T013,2026-06-01,1.0,语法掌握一般
L001338,SCH0033,STU0136,T013,2026-06-08,2.0,语法掌握一般
L001339,SCH0033,STU0136,T013,2026-06-15,1.67,课堂参与积极
L001340,SCH0033,STU0136,T013,2026-06-22,1.0,课堂参与积极
L001341,SCH0033,STU0136,T013,2026-06-29,1.5,课堂参与积极
L001342,SCH0033,STU0136,T013,2026-07-06,1.5,课堂参与积极
L001343,SCH0033,STU0136,T013,2026-07-13,1.0,课堂参与积极
L001344,SCH0033,STU0136,T013,2026-07-20,1.0,完成本节内容
L001345,SCH0033,STU0136,T013,2026-07-27,2.0,
L001346,SCH0033,STU0136,T013,2026-08-03,1.0,语法掌握一般
L001347,SCH0033,STU0136,T013,2026-08-10,1.0,课堂参与积极
L001348,SCH0033,STU0136,T013,2026-08-17,2.0,需要加强口语练习
L001349,SCH0033,STU0136,T013,2026-08-24,1.0,完成本节内容
L001350,SCH0034,STU0034,T017,2025-12-29,1.0,完成本节内容
L001351,SCH0034,STU0034,T017,2026-01-05,1.5,完成本节内容
L001352,SCH0034,STU0034,T017,2026-01-12,1.0,
L001353,SCH0034,STU0034,T017,2026-01-19,1.0,完成本节内容
L001354,SCH0034,STU0034,T017,2026-01-26,1.5,完成本节内容
L001355,SCH0034,STU0034,T017,2026-02-02,1.67,语法掌握一般
L001356,SCH0034,STU0034,T017,2026-02-09,1.0,需要加强口语练习
L001357,SCH0034,STU0034,T017,2026-02-16,1.0,语法掌握一般
L001358,SCH0034,STU0034,T017,2026-02-23,1.0,完成本节内容
L001359,SCH0034,STU0034,T017,2026-03-02,1.0,完成本节内容
L001360,SCH0034,STU0034,T017,2026-03-09,1.67,完成本节内容
L001361,SCH0034,STU0034,T017,2026-03-16,1.67,完成本节内容
L001362,SCH0034,STU0034,T017,2026-03-23,1.5,完成本节内容
L001363,SCH0034,STU0034,T017,2026-03-30,1.5,完成本节内容
L001364,SCH0034,STU0034,T017,2026-04-06,1.67,完成本节内容
L001365,SCH0034,STU0034,T017,2026-04-13,1.0,完成本节内容
L001366,SCH0034,STU0034,T017,2026-04-20,1.67,需要加强口语练习
L001367,SCH0034,STU0034,T017,2026-04-27,2.0,语法掌握一般
L001368,SCH0034,STU0034,T017,2026-05-04,1.5,
L001369,SCH0034,STU0034,T017,2026-05-11,1.0,语法掌握一般
L001370,SCH0034,STU0034,T017,2026-05-18,1.0,课堂参与积极
L001371,SCH0034,STU0034,T017,2026-05-25,1.0,完成本节内容
L001372,SCH0034,STU0034,T017,2026-06-01,1.0,需要加强口语练习
L001373,SCH0034,STU0034,T017,2026-06-08,1.0,
L001374,SCH0034,STU0034,T017,2026-06-15,1.0,课堂参与积极
L001375,SCH0034,STU0034,T017,2026-06-22,1.67,完成本节内容
L001376,SCH0034,STU0034,T017,2026-06-29,2.0,完成本节内容
L001377,SCH0034,STU0034,T017,2026-07-06,1.0,需要加强口语练习
L001378,SCH0034,STU0034,T017,2026-07-13,1.5,课堂参与积极
L001379,SCH0034,STU0034,T017,2026-07-20,2.0,需要加强口语练习
L001380,SCH0034,STU0034,T017,2026-07-27,1.0,完成本节内容
L001381,SCH0034,STU0034,T017,2026-08-03,1.0,需要加强口语练习
L001382,SCH0034,STU0034,T017,2026-08-10,1.0,课堂参与积极
L001383,SCH0034,STU0034,T017,2026-08-17,1.0,
L001384,SCH0034,STU0034,T017,2026-08-24,1.0,课堂参与积极
L001385,SCH0035,,T015,2025-06-25,1.67,完成本节内容
L001386,SCH0035,,T015,2025-07-02,1.0,需要加强口语练习
L001387,SCH0035,,T015,2025-07-09,1.67,完成本节内容
L001388,SCH0035,,T015,2025-07-16,1.0,完成本节内容
L001389,SCH0035,,T015,2025-07-23,1.0,完成本节内容
L001390,SCH0035,,T015,2025-07-30,1.67,完成本节内容
L001391,SCH0035,,T015,2025-08-06,1.0,课堂参与积极
L001392,SCH0035,,T015,2025-08-13,1.67,完成本节内容
L001393,SCH0035,,T015,2025-08-20,1.0,课堂参与积极
L001394,SCH0035,,T015,2025-08-27,2.0,完成本节内容
L001395,SCH0035,,T015,2025-09-03,1.67,完成本节内容
L001396,SCH0035,,T015,2025-09-10,1.0,完成本节内容
L001397,SCH0035,,T015,2025-09-17,1.0,
L001398,SCH0035,,T015,2025-09-24,1.67,语法掌握一般
L001399,SCH0035,,T015,2025-10-01,1.0,完成本节内容
L001400,SCH0035,,T015,2025-10-08,1.0,完成本节内容
L001401,SCH0035,,T015,2025-10-15,1.0,语法掌握一般
L001402,SCH0035,,T015,2025-10-22,1.67,完成本节内容
L001403,SCH0035,,T015,2025-10-29,1.0,语法掌握一般
L001404,SCH0035,,T015,2025-11-05,1.0,完成本节内容
L001405,SCH0035,,T015,2025-11-12,1.0,完成本节内容
L001406,SCH0035,,T015,2025-11-19,1.0,需要加强口语练习
L001407,SCH0035,,T015,2025-11-26,1.0,完成本节内容
L001408,SCH0035,,T015,2025-12-03,1.0,课堂参与积极
L001409,SCH0035,,T015,2025-12-10,1.0,课堂参与积极
L001410,SCH0035,,T015,2025-12-17,1.67,完成本节内容
L001411,SCH0035,,T015,2025-12-24,1.67,完成本节内容
L001412,SCH0035,,T015,2025-12-31,2.0,
L001413,SCH0035,,T015,2026-01-07,1.0,完成本节内容
L001414,SCH0035,,T015,2026-01-14,1.67,课堂参与积极
L001415,SCH0035,,T015,2026-01-21,2.0,语法掌握一般
L001416,SCH0035,,T015,2026-01-28,2.0,课堂参与积极
L001417,SCH0035,,T015,2026-02-04,1.0,完成本节内容
L001418,SCH0035,,T015,2026-02-11,1.0,完成本节内容
L001419,SCH0035,,T015,2026-02-18,1.67,课堂参与积极
L001420,SCH0035,,T015,2026-02-25,1.5,需要加强口语练习
L001421,SCH0035,,T015,2026-03-04,1.0,需要加强口语练习
L001422,SCH0035,,T015,2026-03-11,2.0,完成本节内容
L001423,SCH0035,,T015,2026-03-18,2.0,需要加强口语练习
L001424,SCH0035,,T015,2026-03-25,1.5,需要加强口语练习
L001425,SCH0035,,T015,2026-04-01,1.5,语法掌握一般
L001426,SCH0035,,T015,2026-04-08,1.67,课堂参与积极
L001427,SCH0035,,T015,2026-04-15,1.0,课堂参与积极
L001428,SCH0035,,T015,2026-04-22,1.5,需要加强口语练习
L001429,SCH0035,,T015,2026-04-29,1.5,课堂参与积极
L001430,SCH0035,,T015,2026-05-06,1.67,课堂参与积极
L001431,SCH0035,,T015,2026-05-13,1.0,完成本节内容
L001432,SCH0035,,T015,2026-05-20,1.67,需要加强口语练习
L001433,SCH0035,,T015,2026-05-27,1.67,完成本节内容
L001434,SCH0035,,T015,2026-06-03,1.0,语法掌握一般
L001435,SCH0035,,T015,2026-06-10,1.0,需要加强口语练习
L001436,SCH0035,,T015,2026-06-17,1.67,完成本节内容
L001437,SCH0035,,T015,2026-06-24,1.5,完成本节内容
L001438,SCH0035,,T015,2026-07-01,1.0,需要加强口语练习
L001439,SCH0035,,T015,2026-07-08,1.0,完成本节内容
L001440,SCH0035,,T015,2026-07-15,1.0,语法掌握一般
L001441,SCH0035,,T015,2026-07-22,1.0,需要加强口语练习
L001442,SCH0035,,T015,2026-07-29,2.0,需要加强口语练习
L001443,SCH0035,,T015,2026-08-05,1.0,语法掌握一般
L001444,SCH0035,,T015,2026-08-12,1.5,课堂参与积极
L001445,SCH0035,,T015,2026-08-19,1.0,需要加强口语练习
L001446,SCH0035,,T015,2026-08-26,1.67,课堂参与积极
L001447,SCH0036,,T001,2025-05-07,1.0,需要加强口语练习
L001448,SCH0036,,T001,2025-05-14,1.5,需要加强口语练习
L001449,SCH0036,,T001,2025-05-21,1.67,课堂参与积极
L001450,SCH0036,,T001,2025-05-28,1.0,完成本节内容
L001451,SCH0036,,T001,2025-06-04,1.0,需要加强口语练习
L001452,SCH0036,,T001,2025-06-11,1.67,课堂参与积极
L001453,SCH0036,,T001,2025-06-18,1.0,完成本节内容
L001454,SCH0036,,T001,2025-06-25,1.0,语法掌握一般
L001455,SCH0036,,T001,2025-07-02,1.67,完成本节内容
L001456,SCH0036,,T001,2025-07-09,1.0,
L001457,SCH0036,,T001,2025-07-16,1.0,完成本节内容
L001458,SCH0036,,T001,2025-07-23,1.67,完成本节内容
L001459,SCH0036,,T001,2025-07-30,1.0,语法掌握一般
L001460,SCH0036,,T001,2025-08-06,1.67,完成本节内容
L001461,SCH0036,,T001,2025-08-13,2.0,需要加强口语练习
L001462,SCH0036,,T001,2025-08-20,1.67,需要加强口语练习
L001463,SCH0036,,T001,2025-08-27,1.0,课堂参与积极
L001464,SCH0036,,T001,2025-09-03,1.0,
L001465,SCH0036,,T001,2025-09-10,1.5,课堂参与积极
L001466,SCH0036,,T001,2025-09-17,1.0,语法掌握一般
L001467,SCH0036,,T001,2025-09-24,1.0,
L001468,SCH0036,,T001,2025-10-01,1.67,课堂参与积极
L001469,SCH0036,,T001,2025-10-08,1.67,完成本节内容
L001470,SCH0036,,T001,2025-10-15,1.0,完成本节内容
L001471,SCH0036,,T001,2025-10-22,1.67,完成本节内容
L001472,SCH0036,,T001,2025-10-29,1.5,需要加强口语练习
L001473,SCH0036,,T001,2025-11-05,1.0,语法掌握一般
L001474,SCH0036,,T001,2025-11-12,1.0,完成本节内容
L001475,SCH0036,,T001,2025-11-19,1.67,课堂参与积极
L001476,SCH0036,,T001,2025-11-26,2.0,完成本节内容
L001477,SCH0036,,T001,2025-12-03,1.0,语法掌握一般
L001478,SCH0036,,T001,2025-12-10,1.0,完成本节内容
L001479,SCH0036,,T001,2025-12-17,1.0,完成本节内容
L001480,SCH0036,,T001,2025-12-24,1.5,语法掌握一般
L001481,SCH0036,,T001,2025-12-31,1.67,需要加强口语练习
L001482,SCH0036,,T001,2026-01-07,1.5,课堂参与积极
L001483,SCH0036,,T001,2026-01-14,1.0,完成本节内容
L001484,SCH0036,,T001,2026-01-21,1.67,语法掌握一般
L001485,SCH0036,,T001,2026-01-28,1.5,语法掌握一般
L001486,SCH0036,,T001,2026-02-04,1.0,课堂参与积极
L001487,SCH0036,,T001,2026-02-11,1.0,课堂参与积极
L001488,SCH0036,,T001,2026-02-18,2.0,需要加强口语练习
L001489,SCH0036,,T001,2026-02-25,1.0,
L001490,SCH0036,,T001,2026-03-04,1.0,需要加强口语练习
L001491,SCH0036,,T001,2026-03-11,1.0,需要加强口语练习
L001492,SCH0036,,T001,2026-03-18,1.0,完成本节内容
L001493,SCH0036,,T001,2026-03-25,1.0,课堂参与积极
L001494,SCH0036,,T001,2026-04-01,1.0,需要加强口语练习
L001495,SCH0036,,T001,2026-04-08,1.5,语法掌握一般
L001496,SCH0036,,T001,2026-04-15,1.0,需要加强口语练习
L001497,SCH0036,,T001,2026-04-22,1.67,
L001498,SCH0036,,T001,2026-04-29,1.0,课堂参与积极
L001499,SCH0036,,T001,2026-05-06,1.67,完成本节内容
L001500,SCH0036,,T001,2026-05-13,1.5,完成本节内容
L001501,SCH0036,,T001,2026-05-20,2.0,
L001502,SCH0036,,T001,2026-05-27,1.67,课堂参与积极
L001503,SCH0036,,T001,2026-06-03,1.0,课堂参与积极
L001504,SCH0036,,T001,2026-06-10,1.0,语法掌握一般
L001505,SCH0036,,T001,2026-06-17,1.5,完成本节内容
L001506,SCH0036,,T001,2026-06-24,1.0,完成本节内容
L001507,SCH0036,,T001,2026-07-01,1.0,需要加强口语练习
L001508,SCH0036,,T001,2026-07-08,2.0,语法掌握一般
L001509,SCH0036,,T001,2026-07-15,1.5,语法掌握一般
L001510,SCH0036,,T001,2026-07-22,1.0,完成本节内容
L001511,SCH0036,,T001,2026-07-29,1.67,课堂参与积极
L001512,SCH0036,,T001,2026-08-05,1.0,课堂参与积极
L001513,SCH0036,,T001,2026-08-12,1.0,完成本节内容
L001514,SCH0036,,T001,2026-08-19,1.0,课堂参与积极
L001515,SCH0036,,T001,2026-08-26,1.0,完成本节内容
L001516,SCH0037,STU0012,T017,2025-12-08,1.67,
L001517,SCH0037,STU0012,T017,2025-12-15,1.0,完成本节内容
L001518,SCH0037,STU0012,T017,2025-12-22,1.5,课堂参与积极
L001519,SCH0037,STU0012,T017,2025-12-29,1.5,
L001520,SCH0037,STU0012,T017,2026-01-05,1.67,完成本节内容
L001521,SCH0037,STU0012,T017,2026-01-12,2.0,课堂参与积极
L001522,SCH0037,STU0012,T017,2026-01-19,1.67,
L001523,SCH0037,STU0012,T017,2026-01-26,1.0,需要加强口语练习
L001524,SCH0037,STU0012,T017,2026-02-02,1.0,需要加强口语练习
L001525,SCH0037,STU0012,T017,2026-02-09,1.0,需要加强口语练习
L001526,SCH0037,STU0012,T017,2026-02-16,2.0,完成本节内容
L001527,SCH0037,STU0012,T017,2026-02-23,1.5,课堂参与积极
L001528,SCH0037,STU0012,T017,2026-03-02,1.67,需要加强口语练习
L001529,SCH0037,STU0012,T017,2026-03-09,1.5,需要加强口语练习
L001530,SCH0037,STU0012,T017,2026-03-16,1.0,语法掌握一般
L001531,SCH0037,STU0012,T017,2026-03-23,1.0,课堂参与积极
L001532,SCH0037,STU0012,T017,2026-03-30,1.0,需要加强口语练习
L001533,SCH0037,STU0012,T017,2026-04-06,1.0,
L001534,SCH0037,STU0012,T017,2026-04-13,1.5,语法掌握一般
L001535,SCH0037,STU0012,T017,2026-04-20,1.67,需要加强口语练习
L001536,SCH0037,STU0012,T017,2026-04-27,1.0,需要加强口语练习
L001537,SCH0037,STU0012,T017,2026-05-04,1.0,语法掌握一般
L001538,SCH0037,STU0012,T017,2026-05-11,1.0,完成本节内容
L001539,SCH0037,STU0012,T017,2026-05-18,1.67,完成本节内容
L001540,SCH0037,STU0012,T017,2026-05-25,1.5,完成本节内容
L001541,SCH0037,STU0012,T017,2026-06-01,1.0,需要加强口语练习
L001542,SCH0037,STU0012,T017,2026-06-08,1.0,课堂参与积极
L001543,SCH0037,STU0012,T017,2026-06-15,1.5,完成本节内容
L001544,SCH0037,STU0012,T017,2026-06-22,1.67,完成本节内容
L001545,SCH0037,STU0012,T017,2026-06-29,1.67,语法掌握一般
L001546,SCH0037,STU0012,T017,2026-07-06,1.67,需要加强口语练习
L001547,SCH0037,STU0012,T017,2026-07-13,1.67,课堂参与积极
L001548,SCH0037,STU0012,T017,2026-07-20,1.67,课堂参与积极
L001549,SCH0037,STU0012,T017,2026-07-27,1.67,完成本节内容
L001550,SCH0037,STU0012,T017,2026-08-03,1.67,完成本节内容
L001551,SCH0037,STU0012,T017,2026-08-10,1.67,完成本节内容
L001552,SCH0037,STU0012,T017,2026-08-17,1.0,需要加强口语练习
L001553,SCH0037,STU0012,T017,2026-08-24,1.67,语法掌握一般
L001554,SCH0038,STU0033,T015,2025-06-25,1.67,需要加强口语练习
L001555,SCH0038,STU0033,T015,2025-07-02,1.67,完成本节内容
L001556,SCH0038,STU0033,T015,2025-07-09,1.5,完成本节内容
L001557,SCH0038,STU0033,T015,2025-07-16,1.67,完成本节内容
L001558,SCH0038,STU0033,T015,2025-07-23,1.5,语法掌握一般
L001559,SCH0038,STU0033,T015,2025-07-30,1.0,课堂参与积极
L001560,SCH0038,STU0033,T015,2025-08-06,1.5,课堂参与积极
L001561,SCH0038,STU0033,T015,2025-08-13,1.0,需要加强口语练习
L001562,SCH0038,STU0033,T015,2025-08-20,1.0,
L001563,SCH0038,STU0033,T015,2025-08-27,1.5,需要加强口语练习
L001564,SCH0038,STU0033,T015,2025-09-03,1.0,课堂参与积极
L001565,SCH0038,STU0033,T015,2025-09-10,1.67,语法掌握一般
L001566,SCH0038,STU0033,T015,2025-09-17,1.0,语法掌握一般
L001567,SCH0038,STU0033,T015,2025-09-24,1.67,
L001568,SCH0038,STU0033,T015,2025-10-01,1.67,语法掌握一般
L001569,SCH0038,STU0033,T015,2025-10-08,1.67,完成本节内容
L001570,SCH0038,STU0033,T015,2025-10-15,1.0,需要加强口语练习
L001571,SCH0038,STU0033,T015,2025-10-22,1.0,课堂参与积极
L001572,SCH0038,STU0033,T015,2025-10-29,1.0,完成本节内容
L001573,SCH0038,STU0033,T015,2025-11-05,1.0,完成本节内容
L001574,SCH0038,STU0033,T015,2025-11-12,1.0,
L001575,SCH0038,STU0033,T015,2025-11-19,2.0,完成本节内容
L001576,SCH0038,STU0033,T015,2025-11-26,1.0,课堂参与积极
L001577,SCH0038,STU0033,T015,2025-12-03,1.0,完成本节内容
L001578,SCH0038,STU0033,T015,2025-12-10,1.0,需要加强口语练习
L001579,SCH0038,STU0033,T015,2025-12-17,1.67,完成本节内容
L001580,SCH0038,STU0033,T015,2025-12-24,2.0,完成本节内容
L001581,SCH0038,STU0033,T015,2025-12-31,1.0,课堂参与积极
L001582,SCH0038,STU0033,T015,2026-01-07,1.0,语法掌握一般
L001583,SCH0038,STU0033,T015,2026-01-14,1.0,课堂参与积极
L001584,SCH0038,STU0033,T015,2026-01-21,1.67,完成本节内容
L001585,SCH0038,STU0033,T015,2026-01-28,1.5,完成本节内容
L001586,SCH0038,STU0033,T015,2026-02-04,1.0,需要加强口语练习
L001587,SCH0038,STU0033,T015,2026-02-11,1.5,语法掌握一般
L001588,SCH0038,STU0033,T015,2026-02-18,2.0,课堂参与积极
L001589,SCH0038,STU0033,T015,2026-02-25,1.0,完成本节内容
L001590,SCH0038,STU0033,T015,2026-03-04,1.0,语法掌握一般
L001591,SCH0038,STU0033,T015,2026-03-11,1.5,需要加强口语练习
L001592,SCH0038,STU0033,T015,2026-03-18,1.0,课堂参与积极
L001593,SCH0038,STU0033,T015,2026-03-25,2.0,课堂参与积极
L001594,SCH0038,STU0033,T015,2026-04-01,1.0,课堂参与积极
L001595,SCH0038,STU0033,T015,2026-04-08,1.0,语法掌握一般
L001596,SCH0038,STU0033,T015,2026-04-15,1.5,完成本节内容
L001597,SCH0038,STU0033,T015,2026-04-22,1.0,完成本节内容
L001598,SCH0038,STU0033,T015,2026-04-29,1.0,语法掌握一般
L001599,SCH0038,STU0033,T015,2026-05-06,1.0,课堂参与积极
L001600,SCH0038,STU0033,T015,2026-05-13,1.5,完成本节内容
L001601,SCH0038,STU0033,T015,2026-05-20,1.0,课堂参与积极
L001602,SCH0038,STU0033,T015,2026-05-27,1.5,课堂参与积极
L001603,SCH0038,STU0033,T015,2026-06-03,1.0,语法掌握一般
L001604,SCH0038,STU0033,T015,2026-06-10,1.0,完成本节内容
L001605,SCH0038,STU0033,T015,2026-06-17,1.67,需要加强口语练习
L001606,SCH0038,STU0033,T015,2026-06-24,1.0,完成本节内容
L001607,SCH0038,STU0033,T015,2026-07-01,1.0,课堂参与积极
L001608,SCH0038,STU0033,T015,2026-07-08,1.0,
L001609,SCH0038,STU0033,T015,2026-07-15,1.0,课堂参与积极
L001610,SCH0038,STU0033,T015,2026-07-22,1.0,课堂参与积极
L001611,SCH0038,STU0033,T015,2026-07-29,2.0,语法掌握一般
L001612,SCH0038,STU0033,T015,2026-08-05,1.0,完成本节内容
L001613,SCH0038,STU0033,T015,2026-08-12,1.5,语法掌握一般
L001614,SCH0038,STU0033,T015,2026-08-19,1.0,完成本节内容
L001615,SCH0038,STU0033,T015,2026-08-26,1.0,完成本节内容
L001616,SCH0039,,T006,2026-06-21,1.0,
L001617,SCH0039,,T006,2026-06-28,1.0,语法掌握一般
L001618,SCH0039,,T006,2026-07-05,1.0,完成本节内容
L001619,SCH0039,,T006,2026-07-12,1.67,需要加强口语练习
L001620,SCH0039,,T006,2026-07-19,2.0,
L001621,SCH0039,,T006,2026-07-26,2.0,完成本节内容
L001622,SCH0039,,T006,2026-08-02,1.0,需要加强口语练习
L001623,SCH0039,,T006,2026-08-09,1.5,语法掌握一般
L001624,SCH0039,,T006,2026-08-16,2.0,需要加强口语练习
L001625,SCH0039,,T006,2026-08-23,1.67,需要加强口语练习
L001626,SCH0039,,T006,2026-08-30,1.67,完成本节内容
L001627,SCH0040,STU0083,T006,2026-06-07,1.0,语法掌握一般
L001628,SCH0040,STU0083,T006,2026-06-14,1.0,语法掌握一般
L001629,SCH0040,STU0083,T006,2026-06-21,1.67,完成本节内容
L001630,SCH0040,STU0083,T006,2026-06-28,1.0,需要加强口语练习
L001631,SCH0040,STU0083,T006,2026-07-05,1.67,
L001632,SCH0040,STU0083,T006,2026-07-12,1.0,
L001633,SCH0040,STU0083,T006,2026-07-19,1.0,完成本节内容
L001634,SCH0040,STU0083,T006,2026-07-26,1.0,语法掌握一般
L001635,SCH0040,STU0083,T006,2026-08-02,1.5,语法掌握一般
L001636,SCH0040,STU0083,T006,2026-08-09,1.67,课堂参与积极
L001637,SCH0040,STU0083,T006,2026-08-16,1.67,完成本节内容
L001638,SCH0040,STU0083,T006,2026-08-23,2.0,课堂参与积极
L001639,SCH0040,STU0083,T006,2026-08-30,2.0,课堂参与积极
L001640,SCH0041,STU0068,T006,2025-05-23,1.67,完成本节内容
L001641,SCH0041,STU0068,T006,2025-05-30,2.0,
L001642,SCH0041,STU0068,T006,2025-06-06,1.0,完成本节内容
L001643,SCH0041,STU0068,T006,2025-06-13,1.0,
L001644,SCH0041,STU0068,T006,2025-06-20,1.67,完成本节内容
L001645,SCH0041,STU0068,T006,2025-06-27,1.5,课堂参与积极
L001646,SCH0041,STU0068,T006,2025-07-04,1.5,语法掌握一般
L001647,SCH0041,STU0068,T006,2025-07-11,1.67,完成本节内容
L001648,SCH0041,STU0068,T006,2025-07-18,2.0,课堂参与积极
L001649,SCH0041,STU0068,T006,2025-07-25,1.0,课堂参与积极
L001650,SCH0041,STU0068,T006,2025-08-01,1.0,完成本节内容
L001651,SCH0041,STU0068,T006,2025-08-08,1.5,
L001652,SCH0041,STU0068,T006,2025-08-15,1.67,完成本节内容
L001653,SCH0041,STU0068,T006,2025-08-22,1.0,语法掌握一般
L001654,SCH0041,STU0068,T006,2025-08-29,1.0,课堂参与积极
L001655,SCH0041,STU0068,T006,2025-09-05,1.0,语法掌握一般
L001656,SCH0041,STU0068,T006,2025-09-12,1.67,语法掌握一般
L001657,SCH0041,STU0068,T006,2025-09-19,2.0,需要加强口语练习
L001658,SCH0041,STU0068,T006,2025-09-26,2.0,完成本节内容
L001659,SCH0041,STU0068,T006,2025-10-03,1.67,课堂参与积极
L001660,SCH0041,STU0068,T006,2025-10-10,1.67,完成本节内容
L001661,SCH0041,STU0068,T006,2025-10-17,1.67,课堂参与积极
L001662,SCH0041,STU0068,T006,2025-10-24,1.0,语法掌握一般
L001663,SCH0041,STU0068,T006,2025-10-31,1.0,语法掌握一般
L001664,SCH0041,STU0068,T006,2025-11-07,1.0,完成本节内容
L001665,SCH0041,STU0068,T006,2025-11-14,1.67,课堂参与积极
L001666,SCH0041,STU0068,T006,2025-11-21,2.0,课堂参与积极
L001667,SCH0041,STU0068,T006,2025-11-28,1.0,语法掌握一般
L001668,SCH0041,STU0068,T006,2025-12-05,1.0,完成本节内容
L001669,SCH0041,STU0068,T006,2025-12-12,1.5,
L001670,SCH0041,STU0068,T006,2025-12-19,2.0,
L001671,SCH0041,STU0068,T006,2025-12-26,1.0,完成本节内容
L001672,SCH0041,STU0068,T006,2026-01-02,1.5,课堂参与积极
L001673,SCH0041,STU0068,T006,2026-01-09,1.67,需要加强口语练习
L001674,SCH0041,STU0068,T006,2026-01-16,1.0,需要加强口语练习
L001675,SCH0041,STU0068,T006,2026-01-23,1.67,完成本节内容
L001676,SCH0041,STU0068,T006,2026-01-30,1.67,语法掌握一般
L001677,SCH0041,STU0068,T006,2026-02-06,1.67,语法掌握一般
L001678,SCH0041,STU0068,T006,2026-02-13,1.67,需要加强口语练习
L001679,SCH0041,STU0068,T006,2026-02-20,1.0,完成本节内容
L001680,SCH0041,STU0068,T006,2026-02-27,1.0,完成本节内容
L001681,SCH0041,STU0068,T006,2026-03-06,1.0,完成本节内容
L001682,SCH0041,STU0068,T006,2026-03-13,1.67,完成本节内容
L001683,SCH0041,STU0068,T006,2026-03-20,1.5,完成本节内容
L001684,SCH0041,STU0068,T006,2026-03-27,1.5,需要加强口语练习
L001685,SCH0041,STU0068,T006,2026-04-03,1.0,完成本节内容
L001686,SCH0041,STU0068,T006,2026-04-10,2.0,语法掌握一般
L001687,SCH0041,STU0068,T006,2026-04-17,1.0,完成本节内容
L001688,SCH0041,STU0068,T006,2026-04-24,1.67,
L001689,SCH0041,STU0068,T006,2026-05-01,1.67,需要加强口语练习
L001690,SCH0041,STU0068,T006,2026-05-08,1.0,需要加强口语练习
L001691,SCH0041,STU0068,T006,2026-05-15,1.67,完成本节内容
L001692,SCH0041,STU0068,T006,2026-05-22,1.0,需要加强口语练习
L001693,SCH0041,STU0068,T006,2026-05-29,1.67,完成本节内容
L001694,SCH0041,STU0068,T006,2026-06-05,1.67,课堂参与积极
L001695,SCH0041,STU0068,T006,2026-06-12,1.0,需要加强口语练习
L001696,SCH0041,STU0068,T006,2026-06-19,1.5,完成本节内容
L001697,SCH0041,STU0068,T006,2026-06-26,1.67,完成本节内容
L001698,SCH0041,STU0068,T006,2026-07-03,1.5,完成本节内容
L001699,SCH0041,STU0068,T006,2026-07-10,1.67,需要加强口语练习
L001700,SCH0041,STU0068,T006,2026-07-17,2.0,语法掌握一般
L001701,SCH0041,STU0068,T006,2026-07-24,1.0,语法掌握一般
L001702,SCH0041,STU0068,T006,2026-07-31,1.0,完成本节内容
L001703,SCH0041,STU0068,T006,2026-08-07,1.67,完成本节内容
L001704,SCH0041,STU0068,T006,2026-08-14,1.0,语法掌握一般
L001705,SCH0041,STU0068,T006,2026-08-21,1.0,需要加强口语练习
L001706,SCH0041,STU0068,T006,2026-08-28,1.0,完成本节内容
L001707,SCH0042,STU0054,T003,2026-05-10,1.5,课堂参与积极
L001708,SCH0042,STU0054,T003,2026-05-17,1.5,需要加强口语练习
L001709,SCH0042,STU0054,T003,2026-05-24,1.0,完成本节内容
L001710,SCH0042,STU0054,T003,2026-05-31,1.67,
L001711,SCH0042,STU0054,T003,2026-06-07,1.0,需要加强口语练习
L001712,SCH0042,STU0054,T003,2026-06-14,2.0,完成本节内容
L001713,SCH0042,STU0054,T003,2026-06-21,1.0,需要加强口语练习
L001714,SCH0042,STU0054,T003,2026-06-28,1.67,需要加强口语练习
L001715,SCH0042,STU0054,T003,2026-07-05,1.0,需要加强口语练习
L001716,SCH0042,STU0054,T003,2026-07-12,1.67,需要加强口语练习
L001717,SCH0042,STU0054,T003,2026-07-19,1.0,语法掌握一般
L001718,SCH0042,STU0054,T003,2026-07-26,1.67,语法掌握一般
L001719,SCH0042,STU0054,T003,2026-08-02,1.5,完成本节内容
L001720,SCH0042,STU0054,T003,2026-08-09,1.67,完成本节内容
L001721,SCH0042,STU0054,T003,2026-08-16,1.67,课堂参与积极
L001722,SCH0042,STU0054,T003,2026-08-23,1.0,完成本节内容
L001723,SCH0042,STU0054,T003,2026-08-30,1.67,完成本节内容
L001724,SCH0043,,T004,2025-05-21,1.67,完成本节内容
L001725,SCH0043,,T004,2025-05-28,1.67,课堂参与积极
L001726,SCH0043,,T004,2025-06-04,2.0,完成本节内容
L001727,SCH0043,,T004,2025-06-11,1.0,完成本节内容
L001728,SCH0043,,T004,2025-06-18,1.67,语法掌握一般
L001729,SCH0043,,T004,2025-06-25,1.67,完成本节内容
L001730,SCH0043,,T004,2025-07-02,1.0,需要加强口语练习
L001731,SCH0043,,T004,2025-07-09,1.0,完成本节内容
L001732,SCH0043,,T004,2025-07-16,1.0,语法掌握一般
L001733,SCH0043,,T004,2025-07-23,1.0,课堂参与积极
L001734,SCH0043,,T004,2025-07-30,1.67,课堂参与积极
L001735,SCH0043,,T004,2025-08-06,1.67,语法掌握一般
L001736,SCH0043,,T004,2025-08-13,1.67,需要加强口语练习
L001737,SCH0043,,T004,2025-08-20,1.67,课堂参与积极
L001738,SCH0043,,T004,2025-08-27,1.0,完成本节内容
L001739,SCH0043,,T004,2025-09-03,2.0,课堂参与积极
L001740,SCH0043,,T004,2025-09-10,2.0,
L001741,SCH0043,,T004,2025-09-17,1.67,完成本节内容
L001742,SCH0043,,T004,2025-09-24,1.0,语法掌握一般
L001743,SCH0043,,T004,2025-10-01,1.67,课堂参与积极
L001744,SCH0043,,T004,2025-10-08,1.0,课堂参与积极
L001745,SCH0043,,T004,2025-10-15,2.0,需要加强口语练习
L001746,SCH0043,,T004,2025-10-22,1.0,完成本节内容
L001747,SCH0043,,T004,2025-10-29,1.0,完成本节内容
L001748,SCH0043,,T004,2025-11-05,1.0,需要加强口语练习
L001749,SCH0043,,T004,2025-11-12,2.0,完成本节内容
L001750,SCH0043,,T004,2025-11-19,1.0,语法掌握一般
L001751,SCH0043,,T004,2025-11-26,1.0,课堂参与积极
L001752,SCH0043,,T004,2025-12-03,1.5,需要加强口语练习
L001753,SCH0043,,T004,2025-12-10,1.0,
L001754,SCH0043,,T004,2025-12-17,1.0,课堂参与积极
L001755,SCH0043,,T004,2025-12-24,2.0,完成本节内容
L001756,SCH0043,,T004,2025-12-31,1.0,课堂参与积极
L001757,SCH0043,,T004,2026-01-07,1.67,完成本节内容
L001758,SCH0043,,T004,2026-01-14,1.0,完成本节内容
L001759,SCH0043,,T004,2026-01-21,1.0,完成本节内容
L001760,SCH0043,,T004,2026-01-28,1.67,语法掌握一般
L001761,SCH0043,,T004,2026-02-04,1.67,完成本节内容
L001762,SCH0043,,T004,2026-02-11,2.0,完成本节内容
L001763,SCH0043,,T004,2026-02-18,1.5,完成本节内容
L001764,SCH0043,,T004,2026-02-25,1.0,完成本节内容
L001765,SCH0043,,T004,2026-03-04,1.0,完成本节内容
L001766,SCH0043,,T004,2026-03-11,1.5,需要加强口语练习
L001767,SCH0043,,T004,2026-03-18,1.67,完成本节内容
L001768,SCH0043,,T004,2026-03-25,1.5,课堂参与积极
L001769,SCH0043,,T004,2026-04-01,1.5,课堂参与积极
L001770,SCH0043,,T004,2026-04-08,1.0,需要加强口语练习
L001771,SCH0043,,T004,2026-04-15,1.5,需要加强口语练习
L001772,SCH0043,,T004,2026-04-22,1.67,完成本节内容
L001773,SCH0043,,T004,2026-04-29,1.0,需要加强口语练习
L001774,SCH0043,,T004,2026-05-06,1.67,课堂参与积极
L001775,SCH0043,,T004,2026-05-13,1.0,需要加强口语练习
L001776,SCH0043,,T004,2026-05-20,1.5,完成本节内容
L001777,SCH0043,,T004,2026-05-27,1.0,完成本节内容
L001778,SCH0043,,T004,2026-06-03,1.5,语法掌握一般
L001779,SCH0043,,T004,2026-06-10,1.67,课堂参与积极
L001780,SCH0043,,T004,2026-06-17,1.0,
L001781,SCH0043,,T004,2026-06-24,1.67,完成本节内容
L001782,SCH0043,,T004,2026-07-01,2.0,需要加强口语练习
L001783,SCH0043,,T004,2026-07-08,1.67,需要加强口语练习
L001784,SCH0043,,T004,2026-07-15,1.0,语法掌握一般
L001785,SCH0043,,T004,2026-07-22,1.0,完成本节内容
L001786,SCH0043,,T004,2026-07-29,1.67,需要加强口语练习
L001787,SCH0043,,T004,2026-08-05,1.0,完成本节内容
L001788,SCH0043,,T004,2026-08-12,1.67,完成本节内容
L001789,SCH0043,,T004,2026-08-19,1.5,需要加强口语练习
L001790,SCH0043,,T004,2026-08-26,1.0,完成本节内容
L001791,SCH0044,,T009,2025-04-24,1.0,完成本节内容
L001792,SCH0044,,T009,2025-05-01,1.5,语法掌握一般
L001793,SCH0044,,T009,2025-05-08,1.67,需要加强口语练习
L001794,SCH0044,,T009,2025-05-15,1.67,完成本节内容
L001795,SCH0044,,T009,2025-05-22,1.0,课堂参与积极
L001796,SCH0044,,T009,2025-05-29,1.0,课堂参与积极
L001797,SCH0044,,T009,2025-06-05,1.5,需要加强口语练习
L001798,SCH0044,,T009,2025-06-12,1.0,语法掌握一般
L001799,SCH0044,,T009,2025-06-19,1.0,完成本节内容
L001800,SCH0044,,T009,2025-06-26,1.5,课堂参与积极
L001801,SCH0044,,T009,2025-07-03,1.67,需要加强口语练习
L001802,SCH0044,,T009,2025-07-10,1.0,语法掌握一般
L001803,SCH0044,,T009,2025-07-17,2.0,语法掌握一般
L001804,SCH0044,,T009,2025-07-24,1.0,课堂参与积极
L001805,SCH0044,,T009,2025-07-31,1.0,完成本节内容
L001806,SCH0044,,T009,2025-08-07,2.0,语法掌握一般
L001807,SCH0044,,T009,2025-08-14,1.5,课堂参与积极
L001808,SCH0044,,T009,2025-08-21,1.0,完成本节内容
L001809,SCH0044,,T009,2025-08-28,1.0,课堂参与积极
L001810,SCH0044,,T009,2025-09-04,1.67,语法掌握一般
L001811,SCH0044,,T009,2025-09-11,2.0,
L001812,SCH0044,,T009,2025-09-18,1.5,语法掌握一般
L001813,SCH0044,,T009,2025-09-25,1.0,语法掌握一般
L001814,SCH0044,,T009,2025-10-02,1.67,需要加强口语练习
L001815,SCH0044,,T009,2025-10-09,1.0,课堂参与积极
L001816,SCH0044,,T009,2025-10-16,2.0,语法掌握一般
L001817,SCH0044,,T009,2025-10-23,2.0,语法掌握一般
L001818,SCH0044,,T009,2025-10-30,1.5,语法掌握一般
L001819,SCH0044,,T009,2025-11-06,1.5,
L001820,SCH0044,,T009,2025-11-13,1.5,完成本节内容
L001821,SCH0044,,T009,2025-11-20,1.0,完成本节内容
L001822,SCH0044,,T009,2025-11-27,1.67,
L001823,SCH0044,,T009,2025-12-04,1.0,课堂参与积极
L001824,SCH0044,,T009,2025-12-11,1.0,需要加强口语练习
L001825,SCH0044,,T009,2025-12-18,2.0,需要加强口语练习
L001826,SCH0044,,T009,2025-12-25,1.0,完成本节内容
L001827,SCH0044,,T009,2026-01-01,1.0,语法掌握一般
L001828,SCH0044,,T009,2026-01-08,1.67,语法掌握一般
L001829,SCH0044,,T009,2026-01-15,1.0,完成本节内容
L001830,SCH0044,,T009,2026-01-22,1.67,课堂参与积极
L001831,SCH0044,,T009,2026-01-29,1.0,需要加强口语练习
L001832,SCH0044,,T009,2026-02-05,2.0,课堂参与积极
L001833,SCH0044,,T009,2026-02-12,2.0,语法掌握一般
L001834,SCH0044,,T009,2026-02-19,1.67,完成本节内容
L001835,SCH0044,,T009,2026-02-26,1.0,需要加强口语练习
L001836,SCH0044,,T009,2026-03-05,1.0,课堂参与积极
L001837,SCH0044,,T009,2026-03-12,1.67,需要加强口语练习
L001838,SCH0044,,T009,2026-03-19,1.0,完成本节内容
L001839,SCH0044,,T009,2026-03-26,1.67,完成本节内容
L001840,SCH0044,,T009,2026-04-02,1.0,课堂参与积极
L001841,SCH0044,,T009,2026-04-09,1.67,完成本节内容
L001842,SCH0044,,T009,2026-04-16,1.67,课堂参与积极
L001843,SCH0044,,T009,2026-04-23,1.67,课堂参与积极
L001844,SCH0044,,T009,2026-04-30,1.0,完成本节内容
L001845,SCH0044,,T009,2026-05-07,1.67,需要加强口语练习
L001846,SCH0044,,T009,2026-05-14,1.67,课堂参与积极
L001847,SCH0044,,T009,2026-05-21,1.5,课堂参与积极
L001848,SCH0044,,T009,2026-05-28,1.0,完成本节内容
L001849,SCH0044,,T009,2026-06-04,1.5,完成本节内容
L001850,SCH0044,,T009,2026-06-11,1.0,需要加强口语练习
L001851,SCH0044,,T009,2026-06-18,1.67,需要加强口语练习
L001852,SCH0044,,T009,2026-06-25,1.67,
L001853,SCH0044,,T009,2026-07-02,1.0,完成本节内容
L001854,SCH0044,,T009,2026-07-09,1.5,完成本节内容
L001855,SCH0044,,T009,2026-07-16,1.0,需要加强口语练习
L001856,SCH0044,,T009,2026-07-23,1.0,完成本节内容
L001857,SCH0044,,T009,2026-07-30,2.0,需要加强口语练习
L001858,SCH0044,,T009,2026-08-06,1.67,完成本节内容
L001859,SCH0044,,T009,2026-08-13,1.67,课堂参与积极
L001860,SCH0044,,T009,2026-08-20,1.0,完成本节内容
L001861,SCH0044,,T009,2026-08-27,2.0,完成本节内容
L001862,SCH0045,,T003,2026-08-23,1.0,课堂参与积极
L001863,SCH0045,,T003,2026-08-30,1.67,完成本节内容
L001864,SCH0046,,T001,2025-07-23,1.0,课堂参与积极
L001865,SCH0046,,T001,2025-07-30,1.0,语法掌握一般
L001866,SCH0046,,T001,2025-08-06,1.67,课堂参与积极
L001867,SCH0046,,T001,2025-08-13,2.0,完成本节内容
L001868,SCH0046,,T001,2025-08-20,1.0,
L001869,SCH0046,,T001,2025-08-27,1.67,语法掌握一般
L001870,SCH0046,,T001,2025-09-03,1.67,完成本节内容
L001871,SCH0046,,T001,2025-09-10,1.67,课堂参与积极
L001872,SCH0046,,T001,2025-09-17,1.0,完成本节内容
L001873,SCH0046,,T001,2025-09-24,1.0,课堂参与积极
L001874,SCH0046,,T001,2025-10-01,1.0,
L001875,SCH0046,,T001,2025-10-08,1.5,课堂参与积极
L001876,SCH0046,,T001,2025-10-15,1.0,语法掌握一般
L001877,SCH0046,,T001,2025-10-22,1.67,完成本节内容
L001878,SCH0046,,T001,2025-10-29,1.67,语法掌握一般
L001879,SCH0046,,T001,2025-11-05,1.0,课堂参与积极
L001880,SCH0046,,T001,2025-11-12,1.0,需要加强口语练习
L001881,SCH0046,,T001,2025-11-19,1.0,需要加强口语练习
L001882,SCH0046,,T001,2025-11-26,1.67,
L001883,SCH0046,,T001,2025-12-03,1.0,完成本节内容
L001884,SCH0046,,T001,2025-12-10,1.0,完成本节内容
L001885,SCH0046,,T001,2025-12-17,1.0,语法掌握一般
L001886,SCH0046,,T001,2025-12-24,1.5,完成本节内容
L001887,SCH0046,,T001,2025-12-31,1.0,完成本节内容
L001888,SCH0046,,T001,2026-01-07,2.0,课堂参与积极
L001889,SCH0046,,T001,2026-01-14,1.5,完成本节内容
L001890,SCH0046,,T001,2026-01-21,1.0,需要加强口语练习
L001891,SCH0046,,T001,2026-01-28,1.0,需要加强口语练习
L001892,SCH0046,,T001,2026-02-04,1.5,需要加强口语练习
L001893,SCH0046,,T001,2026-02-11,1.0,完成本节内容
L001894,SCH0046,,T001,2026-02-18,1.0,课堂参与积极
L001895,SCH0046,,T001,2026-02-25,1.0,完成本节内容
L001896,SCH0046,,T001,2026-03-04,1.0,课堂参与积极
L001897,SCH0046,,T001,2026-03-11,1.0,需要加强口语练习
L001898,SCH0046,,T001,2026-03-18,2.0,语法掌握一般
L001899,SCH0046,,T001,2026-03-25,1.0,
L001900,SCH0046,,T001,2026-04-01,1.67,需要加强口语练习
L001901,SCH0046,,T001,2026-04-08,1.67,完成本节内容
L001902,SCH0046,,T001,2026-04-15,1.0,语法掌握一般
L001903,SCH0046,,T001,2026-04-22,1.67,完成本节内容
L001904,SCH0046,,T001,2026-04-29,1.67,需要加强口语练习
L001905,SCH0046,,T001,2026-05-06,1.5,完成本节内容
L001906,SCH0046,,T001,2026-05-13,1.67,需要加强口语练习
L001907,SCH0046,,T001,2026-05-20,1.5,语法掌握一般
L001908,SCH0046,,T001,2026-05-27,1.0,语法掌握一般
L001909,SCH0046,,T001,2026-06-03,1.67,
L001910,SCH0046,,T001,2026-06-10,1.5,完成本节内容
L001911,SCH0046,,T001,2026-06-17,1.5,完成本节内容
L001912,SCH0046,,T001,2026-06-24,1.5,完成本节内容
L001913,SCH0046,,T001,2026-07-01,1.0,完成本节内容
L001914,SCH0046,,T001,2026-07-08,1.67,完成本节内容
L001915,SCH0046,,T001,2026-07-15,1.0,课堂参与积极
L001916,SCH0046,,T001,2026-07-22,1.0,完成本节内容
L001917,SCH0046,,T001,2026-07-29,1.67,课堂参与积极
L001918,SCH0046,,T001,2026-08-05,1.0,语法掌握一般
L001919,SCH0046,,T001,2026-08-12,1.5,
L001920,SCH0046,,T001,2026-08-19,1.0,需要加强口语练习
L001921,SCH0046,,T001,2026-08-26,2.0,完成本节内容
L001922,SCH0047,,T013,2025-12-21,1.67,完成本节内容
L001923,SCH0047,,T013,2025-12-28,1.0,完成本节内容
L001924,SCH0047,,T013,2026-01-04,1.67,完成本节内容
L001925,SCH0047,,T013,2026-01-11,1.0,课堂参与积极
L001926,SCH0047,,T013,2026-01-18,1.0,课堂参与积极
L001927,SCH0047,,T013,2026-01-25,1.67,语法掌握一般
L001928,SCH0047,,T013,2026-02-01,1.67,完成本节内容
L001929,SCH0047,,T013,2026-02-08,1.0,完成本节内容
L001930,SCH0047,,T013,2026-02-15,1.0,语法掌握一般
L001931,SCH0047,,T013,2026-02-22,1.0,语法掌握一般
L001932,SCH0047,,T013,2026-03-01,1.67,
L001933,SCH0047,,T013,2026-03-08,1.5,课堂参与积极
L001934,SCH0047,,T013,2026-03-15,1.0,课堂参与积极
L001935,SCH0047,,T013,2026-03-22,1.0,需要加强口语练习
L001936,SCH0047,,T013,2026-03-29,1.0,需要加强口语练习
L001937,SCH0047,,T013,2026-04-05,1.67,课堂参与积极
L001938,SCH0047,,T013,2026-04-12,1.67,语法掌握一般
L001939,SCH0047,,T013,2026-04-19,1.0,语法掌握一般
L001940,SCH0047,,T013,2026-04-26,1.0,
L001941,SCH0047,,T013,2026-05-03,1.5,完成本节内容
L001942,SCH0047,,T013,2026-05-10,1.0,
L001943,SCH0047,,T013,2026-05-17,1.0,完成本节内容
L001944,SCH0047,,T013,2026-05-24,1.0,课堂参与积极
L001945,SCH0047,,T013,2026-05-31,1.0,需要加强口语练习
L001946,SCH0047,,T013,2026-06-07,2.0,完成本节内容
L001947,SCH0047,,T013,2026-06-14,1.0,
L001948,SCH0047,,T013,2026-06-21,1.5,完成本节内容
L001949,SCH0047,,T013,2026-06-28,1.67,课堂参与积极
L001950,SCH0047,,T013,2026-07-05,1.0,课堂参与积极
L001951,SCH0047,,T013,2026-07-12,1.0,完成本节内容
L001952,SCH0047,,T013,2026-07-19,1.67,需要加强口语练习
L001953,SCH0047,,T013,2026-07-26,1.0,需要加强口语练习
L001954,SCH0047,,T013,2026-08-02,1.5,课堂参与积极
L001955,SCH0047,,T013,2026-08-09,1.67,语法掌握一般
L001956,SCH0047,,T013,2026-08-16,1.0,课堂参与积极
L001957,SCH0047,,T013,2026-08-23,1.0,完成本节内容
L001958,SCH0047,,T013,2026-08-30,1.0,完成本节内容
L001959,SCH0048,,T006,2025-05-20,1.0,课堂参与积极
L001960,SCH0048,,T006,2025-05-27,1.67,课堂参与积极
L001961,SCH0048,,T006,2025-06-03,1.5,需要加强口语练习
L001962,SCH0048,,T006,2025-06-10,2.0,完成本节内容
L001963,SCH0048,,T006,2025-06-17,1.67,课堂参与积极
L001964,SCH0048,,T006,2025-06-24,1.0,
L001965,SCH0048,,T006,2025-07-01,1.67,语法掌握一般
L001966,SCH0048,,T006,2025-07-08,1.0,完成本节内容
L001967,SCH0048,,T006,2025-07-15,1.0,课堂参与积极
L001968,SCH0048,,T006,2025-07-22,1.0,语法掌握一般
L001969,SCH0048,,T006,2025-07-29,2.0,课堂参与积极
L001970,SCH0048,,T006,2025-08-05,1.0,完成本节内容
L001971,SCH0048,,T006,2025-08-12,1.5,需要加强口语练习
L001972,SCH0048,,T006,2025-08-19,1.0,课堂参与积极
L001973,SCH0048,,T006,2025-08-26,1.0,完成本节内容
L001974,SCH0048,,T006,2025-09-02,1.5,课堂参与积极
L001975,SCH0048,,T006,2025-09-09,1.67,课堂参与积极
L001976,SCH0048,,T006,2025-09-16,1.0,需要加强口语练习
L001977,SCH0048,,T006,2025-09-23,1.67,完成本节内容
L001978,SCH0048,,T006,2025-09-30,1.0,需要加强口语练习
L001979,SCH0048,,T006,2025-10-07,1.5,完成本节内容
L001980,SCH0048,,T006,2025-10-14,1.67,需要加强口语练习
L001981,SCH0048,,T006,2025-10-21,1.67,完成本节内容
L001982,SCH0048,,T006,2025-10-28,1.0,语法掌握一般
L001983,SCH0048,,T006,2025-11-04,1.0,需要加强口语练习
L001984,SCH0048,,T006,2025-11-11,1.0,
L001985,SCH0048,,T006,2025-11-18,1.0,语法掌握一般
L001986,SCH0048,,T006,2025-11-25,1.5,完成本节内容
L001987,SCH0048,,T006,2025-12-02,1.0,语法掌握一般
L001988,SCH0048,,T006,2025-12-09,2.0,语法掌握一般
L001989,SCH0048,,T006,2025-12-16,2.0,课堂参与积极
L001990,SCH0048,,T006,2025-12-23,1.0,
L001991,SCH0048,,T006,2025-12-30,2.0,需要加强口语练习
L001992,SCH0048,,T006,2026-01-06,1.67,语法掌握一般
L001993,SCH0048,,T006,2026-01-13,1.0,完成本节内容
L001994,SCH0048,,T006,2026-01-20,1.67,需要加强口语练习
L001995,SCH0048,,T006,2026-01-27,1.0,课堂参与积极
L001996,SCH0048,,T006,2026-02-03,1.67,完成本节内容
L001997,SCH0048,,T006,2026-02-10,1.0,完成本节内容
L001998,SCH0048,,T006,2026-02-17,1.67,语法掌握一般
L001999,SCH0048,,T006,2026-02-24,1.0,语法掌握一般
L002000,SCH0048,,T006,2026-03-03,1.0,语法掌握一般
L002001,SCH0048,,T006,2026-03-10,1.67,需要加强口语练习
L002002,SCH0048,,T006,2026-03-17,2.0,语法掌握一般
L002003,SCH0048,,T006,2026-03-24,1.0,需要加强口语练习
L002004,SCH0048,,T006,2026-03-31,1.0,需要加强口语练习
L002005,SCH0048,,T006,2026-04-07,2.0,完成本节内容
L002006,SCH0048,,T006,2026-04-14,1.0,语法掌握一般
L002007,SCH0048,,T006,2026-04-21,1.0,完成本节内容
L002008,SCH0048,,T006,2026-04-28,1.67,课堂参与积极
L002009,SCH0048,,T006,2026-05-05,1.0,完成本节内容
L002010,SCH0048,,T006,2026-05-12,1.0,完成本节内容
L002011,SCH0048,,T006,2026-05-19,1.67,需要加强口语练习
L002012,SCH0048,,T006,2026-05-26,1.0,完成本节内容
L002013,SCH0048,,T006,2026-06-02,1.0,课堂参与积极
L002014,SCH0048,,T006,2026-06-09,1.0,
L002015,SCH0048,,T006,2026-06-16,1.67,课堂参与积极
L002016,SCH0048,,T006,2026-06-23,1.0,
L002017,SCH0048,,T006,2026-06-30,1.0,完成本节内容
L002018,SCH0048,,T006,2026-07-07,1.67,完成本节内容
L002019,SCH0048,,T006,2026-07-14,1.67,
L002020,SCH0048,,T006,2026-07-21,1.67,课堂参与积极
L002021,SCH0048,,T006,2026-07-28,1.0,需要加强口语练习
L002022,SCH0048,,T006,2026-08-04,1.5,语法掌握一般
L002023,SCH0048,,T006,2026-08-11,2.0,需要加强口语练习
L002024,SCH0048,,T006,2026-08-18,1.67,完成本节内容
L002025,SCH0048,,T006,2026-08-25,1.0,完成本节内容
L002026,SCH0049,,T006,2025-04-27,1.0,语法掌握一般
L002027,SCH0049,,T006,2025-05-04,1.67,语法掌握一般
L002028,SCH0049,,T006,2025-05-11,1.0,课堂参与积极
L002029,SCH0049,,T006,2025-05-18,1.67,完成本节内容
L002030,SCH0049,,T006,2025-05-25,2.0,语法掌握一般
L002031,SCH0049,,T006,2025-06-01,1.67,完成本节内容
L002032,SCH0049,,T006,2025-06-08,1.5,完成本节内容
L002033,SCH0049,,T006,2025-06-15,1.0,需要加强口语练习
L002034,SCH0049,,T006,2025-06-22,1.0,需要加强口语练习
L002035,SCH0049,,T006,2025-06-29,1.0,
L002036,SCH0049,,T006,2025-07-06,1.0,需要加强口语练习
L002037,SCH0049,,T006,2025-07-13,1.67,完成本节内容
L002038,SCH0049,,T006,2025-07-20,1.0,完成本节内容
L002039,SCH0049,,T006,2025-07-27,1.0,完成本节内容
L002040,SCH0049,,T006,2025-08-03,1.67,课堂参与积极
L002041,SCH0049,,T006,2025-08-10,1.67,需要加强口语练习
L002042,SCH0049,,T006,2025-08-17,1.0,需要加强口语练习
L002043,SCH0049,,T006,2025-08-24,1.0,完成本节内容
L002044,SCH0049,,T006,2025-08-31,1.0,完成本节内容
L002045,SCH0049,,T006,2025-09-07,1.0,需要加强口语练习
L002046,SCH0049,,T006,2025-09-14,1.0,完成本节内容
L002047,SCH0049,,T006,2025-09-21,1.0,完成本节内容
L002048,SCH0049,,T006,2025-09-28,1.5,需要加强口语练习
L002049,SCH0049,,T006,2025-10-05,1.0,语法掌握一般
L002050,SCH0049,,T006,2025-10-12,1.67,需要加强口语练习
L002051,SCH0049,,T006,2025-10-19,1.0,课堂参与积极
L002052,SCH0049,,T006,2025-10-26,1.67,课堂参与积极
L002053,SCH0049,,T006,2025-11-02,1.0,需要加强口语练习
L002054,SCH0049,,T006,2025-11-09,1.67,完成本节内容
L002055,SCH0049,,T006,2025-11-16,1.67,完成本节内容
L002056,SCH0049,,T006,2025-11-23,1.5,完成本节内容
L002057,SCH0049,,T006,2025-11-30,1.67,完成本节内容
L002058,SCH0049,,T006,2025-12-07,1.5,课堂参与积极
L002059,SCH0049,,T006,2025-12-14,2.0,完成本节内容
L002060,SCH0049,,T006,2025-12-21,1.0,需要加强口语练习
L002061,SCH0049,,T006,2025-12-28,1.67,完成本节内容
L002062,SCH0049,,T006,2026-01-04,1.0,语法掌握一般
L002063,SCH0049,,T006,2026-01-11,1.0,完成本节内容
L002064,SCH0049,,T006,2026-01-18,1.67,完成本节内容
L002065,SCH0049,,T006,2026-01-25,1.67,需要加强口语练习
L002066,SCH0049,,T006,2026-02-01,1.5,需要加强口语练习
L002067,SCH0049,,T006,2026-02-08,1.0,语法掌握一般
L002068,SCH0049,,T006,2026-02-15,1.0,
L002069,SCH0049,,T006,2026-02-22,1.0,课堂参与积极
L002070,SCH0049,,T006,2026-03-01,1.0,需要加强口语练习
L002071,SCH0049,,T006,2026-03-08,2.0,
L002072,SCH0049,,T006,2026-03-15,1.67,完成本节内容
L002073,SCH0049,,T006,2026-03-22,1.0,完成本节内容
L002074,SCH0049,,T006,2026-03-29,1.0,完成本节内容
L002075,SCH0049,,T006,2026-04-05,1.5,完成本节内容
L002076,SCH0049,,T006,2026-04-12,1.5,课堂参与积极
L002077,SCH0049,,T006,2026-04-19,1.67,课堂参与积极
L002078,SCH0049,,T006,2026-04-26,1.5,完成本节内容
L002079,SCH0049,,T006,2026-05-03,1.5,完成本节内容
L002080,SCH0049,,T006,2026-05-10,1.67,完成本节内容
L002081,SCH0049,,T006,2026-05-17,1.0,需要加强口语练习
L002082,SCH0049,,T006,2026-05-24,1.0,需要加强口语练习
L002083,SCH0049,,T006,2026-05-31,1.0,完成本节内容
L002084,SCH0049,,T006,2026-06-07,1.0,语法掌握一般
L002085,SCH0049,,T006,2026-06-14,1.67,
L002086,SCH0049,,T006,2026-06-21,1.67,语法掌握一般
L002087,SCH0049,,T006,2026-06-28,1.67,语法掌握一般
L002088,SCH0049,,T006,2026-07-05,1.67,完成本节内容
L002089,SCH0049,,T006,2026-07-12,1.0,
L002090,SCH0049,,T006,2026-07-19,1.0,课堂参与积极
L002091,SCH0049,,T006,2026-07-26,1.67,语法掌握一般
L002092,SCH0049,,T006,2026-08-02,1.0,需要加强口语练习
L002093,SCH0049,,T006,2026-08-09,1.0,完成本节内容
L002094,SCH0049,,T006,2026-08-16,1.0,完成本节内容
L002095,SCH0049,,T006,2026-08-23,1.0,课堂参与积极
L002096,SCH0049,,T006,2026-08-30,1.0,需要加强口语练习
L002097,SCH0050,,T012,2025-06-22,1.0,
L002098,SCH0050,,T012,2025-06-29,1.67,语法掌握一般
L002099,SCH0050,,T012,2025-07-06,1.0,完成本节内容
L002100,SCH0050,,T012,2025-07-13,2.0,需要加强口语练习
L002101,SCH0050,,T012,2025-07-20,1.0,需要加强口语练习
L002102,SCH0050,,T012,2025-07-27,1.0,完成本节内容
L002103,SCH0050,,T012,2025-08-03,1.67,语法掌握一般
L002104,SCH0050,,T012,2025-08-10,1.67,
L002105,SCH0050,,T012,2025-08-17,1.0,课堂参与积极
L002106,SCH0050,,T012,2025-08-24,1.0,完成本节内容
L002107,SCH0050,,T012,2025-08-31,1.67,课堂参与积极
L002108,SCH0050,,T012,2025-09-07,1.0,课堂参与积极
L002109,SCH0050,,T012,2025-09-14,1.67,完成本节内容
L002110,SCH0050,,T012,2025-09-21,1.67,完成本节内容
L002111,SCH0050,,T012,2025-09-28,1.0,完成本节内容
L002112,SCH0050,,T012,2025-10-05,1.0,语法掌握一般
L002113,SCH0050,,T012,2025-10-12,1.5,完成本节内容
L002114,SCH0050,,T012,2025-10-19,1.0,
L002115,SCH0050,,T012,2025-10-26,1.0,完成本节内容
L002116,SCH0050,,T012,2025-11-02,1.0,课堂参与积极
L002117,SCH0050,,T012,2025-11-09,1.67,完成本节内容
L002118,SCH0050,,T012,2025-11-16,2.0,
L002119,SCH0050,,T012,2025-11-23,1.0,课堂参与积极
L002120,SCH0050,,T012,2025-11-30,1.0,需要加强口语练习
L002121,SCH0050,,T012,2025-12-07,1.0,语法掌握一般
L002122,SCH0050,,T012,2025-12-14,1.67,需要加强口语练习
L002123,SCH0050,,T012,2025-12-21,1.5,课堂参与积极
L002124,SCH0050,,T012,2025-12-28,1.0,语法掌握一般
L002125,SCH0050,,T012,2026-01-04,1.0,需要加强口语练习
L002126,SCH0050,,T012,2026-01-11,1.67,课堂参与积极
L002127,SCH0050,,T012,2026-01-18,1.5,需要加强口语练习
L002128,SCH0050,,T012,2026-01-25,1.67,课堂参与积极
L002129,SCH0050,,T012,2026-02-01,1.67,完成本节内容
L002130,SCH0050,,T012,2026-02-08,1.67,课堂参与积极
L002131,SCH0050,,T012,2026-02-15,2.0,需要加强口语练习
L002132,SCH0050,,T012,2026-02-22,2.0,语法掌握一般
L002133,SCH0050,,T012,2026-03-01,1.5,需要加强口语练习
L002134,SCH0050,,T012,2026-03-08,1.0,
L002135,SCH0050,,T012,2026-03-15,1.0,完成本节内容
L002136,SCH0050,,T012,2026-03-22,1.0,
L002137,SCH0050,,T012,2026-03-29,1.0,需要加强口语练习
L002138,SCH0050,,T012,2026-04-05,1.67,语法掌握一般
L002139,SCH0050,,T012,2026-04-12,1.0,课堂参与积极
L002140,SCH0050,,T012,2026-04-19,1.0,语法掌握一般
L002141,SCH0050,,T012,2026-04-26,1.5,完成本节内容
L002142,SCH0050,,T012,2026-05-03,1.67,语法掌握一般
L002143,SCH0050,,T012,2026-05-10,1.67,课堂参与积极
L002144,SCH0050,,T012,2026-05-17,1.0,完成本节内容
L002145,SCH0050,,T012,2026-05-24,1.67,完成本节内容
L002146,SCH0050,,T012,2026-05-31,2.0,需要加强口语练习
L002147,SCH0050,,T012,2026-06-07,1.0,
L002148,SCH0050,,T012,2026-06-14,1.67,完成本节内容
L002149,SCH0050,,T012,2026-06-21,1.0,语法掌握一般
L002150,SCH0050,,T012,2026-06-28,1.0,完成本节内容
L002151,SCH0050,,T012,2026-07-05,1.0,完成本节内容
L002152,SCH0050,,T012,2026-07-12,1.0,完成本节内容
L002153,SCH0050,,T012,2026-07-19,1.0,
L002154,SCH0050,,T012,2026-07-26,1.67,需要加强口语练习
L002155,SCH0050,,T012,2026-08-02,1.67,需要加强口语练习
L002156,SCH0050,,T012,2026-08-09,1.0,完成本节内容
L002157,SCH0050,,T012,2026-08-16,1.0,课堂参与积极
L002158,SCH0050,,T012,2026-08-23,1.0,需要加强口语练习
L002159,SCH0050,,T012,2026-08-30,1.0,完成本节内容
L002160,SCH0051,,T005,2025-05-08,1.0,完成本节内容
L002161,SCH0051,,T005,2025-05-15,1.0,完成本节内容
L002162,SCH0051,,T005,2025-05-22,1.0,需要加强口语练习
L002163,SCH0051,,T005,2025-05-29,1.67,课堂参与积极
L002164,SCH0051,,T005,2025-06-05,1.0,完成本节内容
L002165,SCH0051,,T005,2025-06-12,1.67,课堂参与积极
L002166,SCH0051,,T005,2025-06-19,1.67,
L002167,SCH0051,,T005,2025-06-26,1.5,课堂参与积极
L002168,SCH0051,,T005,2025-07-03,1.67,课堂参与积极
L002169,SCH0051,,T005,2025-07-10,1.5,完成本节内容
L002170,SCH0051,,T005,2025-07-17,1.0,需要加强口语练习
L002171,SCH0051,,T005,2025-07-24,1.67,语法掌握一般
L002172,SCH0051,,T005,2025-07-31,1.0,需要加强口语练习
L002173,SCH0051,,T005,2025-08-07,1.67,语法掌握一般
L002174,SCH0051,,T005,2025-08-14,1.67,课堂参与积极
L002175,SCH0051,,T005,2025-08-21,1.5,需要加强口语练习
L002176,SCH0051,,T005,2025-08-28,1.0,课堂参与积极
L002177,SCH0051,,T005,2025-09-04,1.0,完成本节内容
L002178,SCH0051,,T005,2025-09-11,1.0,课堂参与积极
L002179,SCH0051,,T005,2025-09-18,1.67,需要加强口语练习
L002180,SCH0051,,T005,2025-09-25,1.5,课堂参与积极
L002181,SCH0051,,T005,2025-10-02,1.67,语法掌握一般
L002182,SCH0051,,T005,2025-10-09,1.67,课堂参与积极
L002183,SCH0051,,T005,2025-10-16,1.67,完成本节内容
L002184,SCH0051,,T005,2025-10-23,1.5,完成本节内容
L002185,SCH0051,,T005,2025-10-30,1.67,课堂参与积极
L002186,SCH0051,,T005,2025-11-06,1.5,完成本节内容
L002187,SCH0051,,T005,2025-11-13,1.5,课堂参与积极
L002188,SCH0051,,T005,2025-11-20,1.67,需要加强口语练习
L002189,SCH0051,,T005,2025-11-27,1.0,课堂参与积极
L002190,SCH0051,,T005,2025-12-04,1.67,完成本节内容
L002191,SCH0051,,T005,2025-12-11,1.5,课堂参与积极
L002192,SCH0051,,T005,2025-12-18,1.0,完成本节内容
L002193,SCH0051,,T005,2025-12-25,1.67,课堂参与积极
L002194,SCH0051,,T005,2026-01-01,1.0,语法掌握一般
L002195,SCH0051,,T005,2026-01-08,1.0,需要加强口语练习
L002196,SCH0051,,T005,2026-01-15,1.0,语法掌握一般
L002197,SCH0051,,T005,2026-01-22,1.5,课堂参与积极
L002198,SCH0051,,T005,2026-01-29,1.5,语法掌握一般
L002199,SCH0051,,T005,2026-02-05,1.0,需要加强口语练习
L002200,SCH0051,,T005,2026-02-12,1.5,
L002201,SCH0051,,T005,2026-02-19,1.0,语法掌握一般
L002202,SCH0051,,T005,2026-02-26,1.0,语法掌握一般
L002203,SCH0051,,T005,2026-03-05,2.0,需要加强口语练习
L002204,SCH0051,,T005,2026-03-12,1.0,完成本节内容
L002205,SCH0051,,T005,2026-03-19,1.0,课堂参与积极
L002206,SCH0051,,T005,2026-03-26,2.0,完成本节内容
L002207,SCH0051,,T005,2026-04-02,1.5,完成本节内容
L002208,SCH0051,,T005,2026-04-09,1.5,课堂参与积极
L002209,SCH0051,,T005,2026-04-16,1.67,
L002210,SCH0051,,T005,2026-04-23,1.0,完成本节内容
L002211,SCH0051,,T005,2026-04-30,1.0,语法掌握一般
L002212,SCH0051,,T005,2026-05-07,1.0,语法掌握一般
L002213,SCH0051,,T005,2026-05-14,1.0,完成本节内容
L002214,SCH0051,,T005,2026-05-21,1.67,完成本节内容
L002215,SCH0051,,T005,2026-05-28,1.67,需要加强口语练习
L002216,SCH0051,,T005,2026-06-04,2.0,完成本节内容
L002217,SCH0051,,T005,2026-06-11,1.0,语法掌握一般
L002218,SCH0051,,T005,2026-06-18,1.0,语法掌握一般
L002219,SCH0051,,T005,2026-06-25,1.0,语法掌握一般
L002220,SCH0051,,T005,2026-07-02,1.0,语法掌握一般
L002221,SCH0051,,T005,2026-07-09,1.0,语法掌握一般
L002222,SCH0051,,T005,2026-07-16,1.0,课堂参与积极
L002223,SCH0051,,T005,2026-07-23,1.5,完成本节内容
L002224,SCH0051,,T005,2026-07-30,1.0,语法掌握一般
L002225,SCH0051,,T005,2026-08-06,1.0,语法掌握一般
L002226,SCH0051,,T005,2026-08-13,1.67,完成本节内容
L002227,SCH0051,,T005,2026-08-20,1.5,完成本节内容
L002228,SCH0051,,T005,2026-08-27,1.5,完成本节内容
L002229,SCH0052,,T019,2025-04-18,1.67,需要加强口语练习
L002230,SCH0052,,T019,2025-04-25,1.0,完成本节内容
L002231,SCH0052,,T019,2025-05-02,1.0,需要加强口语练习
L002232,SCH0052,,T019,2025-05-09,1.0,完成本节内容
L002233,SCH0052,,T019,2025-05-16,1.67,语法掌握一般
L002234,SCH0052,,T019,2025-05-23,1.5,语法掌握一般
L002235,SCH0052,,T019,2025-05-30,1.67,课堂参与积极
L002236,SCH0052,,T019,2025-06-06,1.0,完成本节内容
L002237,SCH0052,,T019,2025-06-13,1.67,
L002238,SCH0052,,T019,2025-06-20,1.5,课堂参与积极
L002239,SCH0052,,T019,2025-06-27,1.67,语法掌握一般
L002240,SCH0052,,T019,2025-07-04,1.5,课堂参与积极
L002241,SCH0052,,T019,2025-07-11,1.67,完成本节内容
L002242,SCH0052,,T019,2025-07-18,1.0,完成本节内容
L002243,SCH0052,,T019,2025-07-25,1.67,需要加强口语练习
L002244,SCH0052,,T019,2025-08-01,1.5,课堂参与积极
L002245,SCH0052,,T019,2025-08-08,1.0,完成本节内容
L002246,SCH0052,,T019,2025-08-15,1.67,课堂参与积极
L002247,SCH0052,,T019,2025-08-22,1.5,需要加强口语练习
L002248,SCH0052,,T019,2025-08-29,1.67,语法掌握一般
L002249,SCH0052,,T019,2025-09-05,1.5,课堂参与积极
L002250,SCH0052,,T019,2025-09-12,2.0,需要加强口语练习
L002251,SCH0052,,T019,2025-09-19,1.0,语法掌握一般
L002252,SCH0052,,T019,2025-09-26,1.0,需要加强口语练习
L002253,SCH0052,,T019,2025-10-03,1.67,完成本节内容
L002254,SCH0052,,T019,2025-10-10,1.67,课堂参与积极
L002255,SCH0052,,T019,2025-10-17,1.0,课堂参与积极
L002256,SCH0052,,T019,2025-10-24,2.0,课堂参与积极
L002257,SCH0052,,T019,2025-10-31,2.0,课堂参与积极
L002258,SCH0052,,T019,2025-11-07,1.0,完成本节内容
L002259,SCH0052,,T019,2025-11-14,1.5,需要加强口语练习
L002260,SCH0052,,T019,2025-11-21,1.5,课堂参与积极
L002261,SCH0052,,T019,2025-11-28,1.0,完成本节内容
L002262,SCH0052,,T019,2025-12-05,1.0,
L002263,SCH0052,,T019,2025-12-12,1.0,完成本节内容
L002264,SCH0052,,T019,2025-12-19,1.5,完成本节内容
L002265,SCH0052,,T019,2025-12-26,1.5,完成本节内容
L002266,SCH0052,,T019,2026-01-02,1.5,课堂参与积极
L002267,SCH0052,,T019,2026-01-09,1.0,课堂参与积极
L002268,SCH0052,,T019,2026-01-16,1.67,语法掌握一般
L002269,SCH0052,,T019,2026-01-23,1.0,语法掌握一般
L002270,SCH0052,,T019,2026-01-30,1.0,语法掌握一般
L002271,SCH0052,,T019,2026-02-06,1.0,课堂参与积极
L002272,SCH0052,,T019,2026-02-13,1.0,完成本节内容
L002273,SCH0052,,T019,2026-02-20,1.0,课堂参与积极
L002274,SCH0052,,T019,2026-02-27,1.0,需要加强口语练习
L002275,SCH0052,,T019,2026-03-06,1.67,完成本节内容
L002276,SCH0052,,T019,2026-03-13,1.0,完成本节内容
L002277,SCH0052,,T019,2026-03-20,1.0,完成本节内容
L002278,SCH0052,,T019,2026-03-27,1.5,
L002279,SCH0052,,T019,2026-04-03,1.67,语法掌握一般
L002280,SCH0052,,T019,2026-04-10,1.0,课堂参与积极
L002281,SCH0052,,T019,2026-04-17,1.5,需要加强口语练习
L002282,SCH0052,,T019,2026-04-24,2.0,完成本节内容
L002283,SCH0052,,T019,2026-05-01,1.5,需要加强口语练习
L002284,SCH0052,,T019,2026-05-08,1.5,完成本节内容
L002285,SCH0052,,T019,2026-05-15,1.67,语法掌握一般
L002286,SCH0052,,T019,2026-05-22,1.5,语法掌握一般
L002287,SCH0052,,T019,2026-05-29,1.0,需要加强口语练习
L002288,SCH0052,,T019,2026-06-05,1.0,完成本节内容
L002289,SCH0052,,T019,2026-06-12,1.5,语法掌握一般
L002290,SCH0052,,T019,2026-06-19,1.0,
L002291,SCH0052,,T019,2026-06-26,1.0,语法掌握一般
L002292,SCH0052,,T019,2026-07-03,1.0,课堂参与积极
L002293,SCH0052,,T019,2026-07-10,1.0,课堂参与积极
L002294,SCH0052,,T019,2026-07-17,1.0,语法掌握一般
L002295,SCH0052,,T019,2026-07-24,1.0,语法掌握一般
L002296,SCH0052,,T019,2026-07-31,1.67,需要加强口语练习
L002297,SCH0052,,T019,2026-08-07,1.0,语法掌握一般
L002298,SCH0052,,T019,2026-08-14,1.5,语法掌握一般
L002299,SCH0052,,T019,2026-08-21,1.5,课堂参与积极
L002300,SCH0052,,T019,2026-08-28,1.5,完成本节内容
L002301,SCH0053,,T004,2025-09-03,1.67,课堂参与积极
L002302,SCH0053,,T004,2025-09-10,1.5,完成本节内容
L002303,SCH0053,,T004,2025-09-17,1.0,课堂参与积极
L002304,SCH0053,,T004,2025-09-24,1.0,需要加强口语练习
L002305,SCH0053,,T004,2025-10-01,1.0,完成本节内容
L002306,SCH0053,,T004,2025-10-08,2.0,课堂参与积极
L002307,SCH0053,,T004,2025-10-15,1.67,语法掌握一般
L002308,SCH0053,,T004,2025-10-22,1.0,完成本节内容
L002309,SCH0053,,T004,2025-10-29,1.0,需要加强口语练习
L002310,SCH0053,,T004,2025-11-05,1.67,语法掌握一般
L002311,SCH0053,,T004,2025-11-12,1.0,
L002312,SCH0053,,T004,2025-11-19,1.5,语法掌握一般
L002313,SCH0053,,T004,2025-11-26,1.0,语法掌握一般
L002314,SCH0053,,T004,2025-12-03,1.5,完成本节内容
L002315,SCH0053,,T004,2025-12-10,1.67,完成本节内容
L002316,SCH0053,,T004,2025-12-17,1.67,需要加强口语练习
L002317,SCH0053,,T004,2025-12-24,1.67,需要加强口语练习
L002318,SCH0053,,T004,2025-12-31,2.0,语法掌握一般
L002319,SCH0053,,T004,2026-01-07,1.5,完成本节内容
L002320,SCH0053,,T004,2026-01-14,1.0,
L002321,SCH0053,,T004,2026-01-21,1.0,课堂参与积极
L002322,SCH0053,,T004,2026-01-28,1.0,需要加强口语练习
L002323,SCH0053,,T004,2026-02-04,1.0,
L002324,SCH0053,,T004,2026-02-11,1.0,完成本节内容
L002325,SCH0053,,T004,2026-02-18,1.67,
L002326,SCH0053,,T004,2026-02-25,1.0,需要加强口语练习
L002327,SCH0053,,T004,2026-03-04,1.0,需要加强口语练习
L002328,SCH0053,,T004,2026-03-11,1.67,语法掌握一般
L002329,SCH0053,,T004,2026-03-18,1.67,课堂参与积极
L002330,SCH0053,,T004,2026-03-25,1.0,课堂参与积极
L002331,SCH0053,,T004,2026-04-01,1.67,语法掌握一般
L002332,SCH0053,,T004,2026-04-08,2.0,语法掌握一般
L002333,SCH0053,,T004,2026-04-15,1.0,课堂参与积极
L002334,SCH0053,,T004,2026-04-22,1.0,需要加强口语练习
L002335,SCH0053,,T004,2026-04-29,1.5,语法掌握一般
L002336,SCH0053,,T004,2026-05-06,1.0,
L002337,SCH0053,,T004,2026-05-13,1.0,课堂参与积极
L002338,SCH0053,,T004,2026-05-20,1.0,完成本节内容
L002339,SCH0053,,T004,2026-05-27,2.0,课堂参与积极
L002340,SCH0053,,T004,2026-06-03,1.0,语法掌握一般
L002341,SCH0053,,T004,2026-06-10,1.67,语法掌握一般
L002342,SCH0053,,T004,2026-06-17,1.0,完成本节内容
L002343,SCH0053,,T004,2026-06-24,1.67,课堂参与积极
L002344,SCH0053,,T004,2026-07-01,1.0,课堂参与积极
L002345,SCH0053,,T004,2026-07-08,1.67,完成本节内容
L002346,SCH0053,,T004,2026-07-15,1.0,完成本节内容
L002347,SCH0053,,T004,2026-07-22,1.0,需要加强口语练习
L002348,SCH0053,,T004,2026-07-29,1.5,课堂参与积极
L002349,SCH0053,,T004,2026-08-05,1.67,课堂参与积极
L002350,SCH0053,,T004,2026-08-12,2.0,完成本节内容
L002351,SCH0053,,T004,2026-08-19,1.0,完成本节内容
L002352,SCH0053,,T004,2026-08-26,1.0,需要加强口语练习
L002353,SCH0054,,T003,2025-07-21,1.5,课堂参与积极
L002354,SCH0054,,T003,2025-07-28,1.67,完成本节内容
L002355,SCH0054,,T003,2025-08-04,1.67,需要加强口语练习
L002356,SCH0054,,T003,2025-08-11,1.5,语法掌握一般
L002357,SCH0054,,T003,2025-08-18,2.0,课堂参与积极
L002358,SCH0054,,T003,2025-08-25,2.0,课堂参与积极
L002359,SCH0054,,T003,2025-09-01,1.0,需要加强口语练习
L002360,SCH0054,,T003,2025-09-08,2.0,课堂参与积极
L002361,SCH0054,,T003,2025-09-15,1.0,语法掌握一般
L002362,SCH0054,,T003,2025-09-22,1.5,完成本节内容
L002363,SCH0054,,T003,2025-09-29,1.5,
L002364,SCH0054,,T003,2025-10-06,1.0,完成本节内容
L002365,SCH0054,,T003,2025-10-13,2.0,
L002366,SCH0054,,T003,2025-10-20,1.0,语法掌握一般
L002367,SCH0054,,T003,2025-10-27,1.67,课堂参与积极
L002368,SCH0054,,T003,2025-11-03,2.0,
L002369,SCH0054,,T003,2025-11-10,1.67,
L002370,SCH0054,,T003,2025-11-17,1.0,课堂参与积极
L002371,SCH0054,,T003,2025-11-24,1.5,完成本节内容
L002372,SCH0054,,T003,2025-12-01,2.0,课堂参与积极
L002373,SCH0054,,T003,2025-12-08,1.0,需要加强口语练习
L002374,SCH0054,,T003,2025-12-15,1.0,需要加强口语练习
L002375,SCH0054,,T003,2025-12-22,1.0,课堂参与积极
L002376,SCH0054,,T003,2025-12-29,2.0,需要加强口语练习
L002377,SCH0054,,T003,2026-01-05,2.0,课堂参与积极
L002378,SCH0054,,T003,2026-01-12,2.0,
L002379,SCH0054,,T003,2026-01-19,1.67,语法掌握一般
L002380,SCH0054,,T003,2026-01-26,1.5,需要加强口语练习
L002381,SCH0054,,T003,2026-02-02,1.67,
L002382,SCH0054,,T003,2026-02-09,1.0,完成本节内容
L002383,SCH0054,,T003,2026-02-16,1.0,课堂参与积极
L002384,SCH0054,,T003,2026-02-23,1.67,完成本节内容
L002385,SCH0054,,T003,2026-03-02,1.5,需要加强口语练习
L002386,SCH0054,,T003,2026-03-09,1.0,
L002387,SCH0054,,T003,2026-03-16,1.67,需要加强口语练习
L002388,SCH0054,,T003,2026-03-23,1.0,语法掌握一般
L002389,SCH0054,,T003,2026-03-30,1.5,
L002390,SCH0054,,T003,2026-04-06,1.5,完成本节内容
L002391,SCH0054,,T003,2026-04-13,1.5,需要加强口语练习
L002392,SCH0054,,T003,2026-04-20,1.67,需要加强口语练习
L002393,SCH0054,,T003,2026-04-27,1.0,需要加强口语练习
L002394,SCH0054,,T003,2026-05-04,1.67,需要加强口语练习
L002395,SCH0054,,T003,2026-05-11,1.5,课堂参与积极
L002396,SCH0054,,T003,2026-05-18,1.5,课堂参与积极
L002397,SCH0054,,T003,2026-05-25,1.5,语法掌握一般
L002398,SCH0054,,T003,2026-06-01,1.0,
L002399,SCH0054,,T003,2026-06-08,1.0,课堂参与积极
L002400,SCH0054,,T003,2026-06-15,1.0,语法掌握一般
L002401,SCH0054,,T003,2026-06-22,2.0,完成本节内容
L002402,SCH0054,,T003,2026-06-29,1.0,语法掌握一般
L002403,SCH0054,,T003,2026-07-06,1.0,完成本节内容
L002404,SCH0054,,T003,2026-07-13,1.67,
L002405,SCH0054,,T003,2026-07-20,1.0,
L002406,SCH0054,,T003,2026-07-27,1.67,完成本节内容
L002407,SCH0054,,T003,2026-08-03,1.67,课堂参与积极
L002408,SCH0054,,T003,2026-08-10,1.67,语法掌握一般
L002409,SCH0054,,T003,2026-08-17,1.67,需要加强口语练习
L002410,SCH0054,,T003,2026-08-24,1.0,需要加强口语练习
L002411,SCH0055,,T015,2025-12-18,1.0,
L002412,SCH0055,,T015,2025-12-25,1.0,完成本节内容
L002413,SCH0055,,T015,2026-01-01,1.5,
L002414,SCH0055,,T015,2026-01-08,1.0,需要加强口语练习
L002415,SCH0055,,T015,2026-01-15,1.0,
L002416,SCH0055,,T015,2026-01-22,1.0,完成本节内容
L002417,SCH0055,,T015,2026-01-29,1.5,
L002418,SCH0055,,T015,2026-02-05,1.0,完成本节内容
L002419,SCH0055,,T015,2026-02-12,2.0,
L002420,SCH0055,,T015,2026-02-19,1.0,完成本节内容
L002421,SCH0055,,T015,2026-02-26,1.0,完成本节内容
L002422,SCH0055,,T015,2026-03-05,1.0,课堂参与积极
L002423,SCH0055,,T015,2026-03-12,1.67,语法掌握一般
L002424,SCH0055,,T015,2026-03-19,1.0,
L002425,SCH0055,,T015,2026-03-26,1.0,完成本节内容
L002426,SCH0055,,T015,2026-04-02,1.0,语法掌握一般
L002427,SCH0055,,T015,2026-04-09,1.0,需要加强口语练习
L002428,SCH0055,,T015,2026-04-16,1.0,语法掌握一般
L002429,SCH0055,,T015,2026-04-23,1.0,课堂参与积极
L002430,SCH0055,,T015,2026-04-30,1.0,完成本节内容
L002431,SCH0055,,T015,2026-05-07,1.0,完成本节内容
L002432,SCH0055,,T015,2026-05-14,1.0,需要加强口语练习
L002433,SCH0055,,T015,2026-05-21,1.0,课堂参与积极
L002434,SCH0055,,T015,2026-05-28,1.0,课堂参与积极
L002435,SCH0055,,T015,2026-06-04,1.0,需要加强口语练习
L002436,SCH0055,,T015,2026-06-11,1.0,完成本节内容
L002437,SCH0055,,T015,2026-06-18,1.67,语法掌握一般
L002438,SCH0055,,T015,2026-06-25,1.0,课堂参与积极
L002439,SCH0055,,T015,2026-07-02,1.67,完成本节内容
L002440,SCH0055,,T015,2026-07-09,1.0,完成本节内容
L002441,SCH0055,,T015,2026-07-16,1.0,需要加强口语练习
L002442,SCH0055,,T015,2026-07-23,1.5,需要加强口语练习
L002443,SCH0055,,T015,2026-07-30,1.0,
L002444,SCH0055,,T015,2026-08-06,2.0,完成本节内容
L002445,SCH0055,,T015,2026-08-13,1.0,完成本节内容
L002446,SCH0055,,T015,2026-08-20,1.67,完成本节内容
L002447,SCH0055,,T015,2026-08-27,1.0,需要加强口语练习
L002448,SCH0056,,T009,2025-04-10,1.0,完成本节内容
L002449,SCH0056,,T009,2025-04-17,1.0,
L002450,SCH0056,,T009,2025-04-24,1.0,课堂参与积极
L002451,SCH0056,,T009,2025-05-01,1.67,语法掌握一般
L002452,SCH0056,,T009,2025-05-08,1.0,完成本节内容
L002453,SCH0056,,T009,2025-05-15,1.0,语法掌握一般
L002454,SCH0056,,T009,2025-05-22,1.5,语法掌握一般
L002455,SCH0056,,T009,2025-05-29,1.0,
L002456,SCH0056,,T009,2025-06-05,1.0,完成本节内容
L002457,SCH0056,,T009,2025-06-12,1.67,
L002458,SCH0056,,T009,2025-06-19,2.0,完成本节内容
L002459,SCH0056,,T009,2025-06-26,1.0,完成本节内容
L002460,SCH0056,,T009,2025-07-03,1.0,语法掌握一般
L002461,SCH0056,,T009,2025-07-10,1.0,完成本节内容
L002462,SCH0056,,T009,2025-07-17,1.5,需要加强口语练习
L002463,SCH0056,,T009,2025-07-24,1.5,
L002464,SCH0056,,T009,2025-07-31,1.0,完成本节内容
L002465,SCH0056,,T009,2025-08-07,1.67,需要加强口语练习
L002466,SCH0056,,T009,2025-08-14,1.67,课堂参与积极
L002467,SCH0056,,T009,2025-08-21,1.0,完成本节内容
L002468,SCH0056,,T009,2025-08-28,1.5,课堂参与积极
L002469,SCH0056,,T009,2025-09-04,1.0,完成本节内容
L002470,SCH0056,,T009,2025-09-11,2.0,需要加强口语练习
L002471,SCH0056,,T009,2025-09-18,1.0,课堂参与积极
L002472,SCH0056,,T009,2025-09-25,1.0,完成本节内容
L002473,SCH0056,,T009,2025-10-02,1.67,完成本节内容
L002474,SCH0056,,T009,2025-10-09,1.0,课堂参与积极
L002475,SCH0056,,T009,2025-10-16,1.67,语法掌握一般
L002476,SCH0056,,T009,2025-10-23,1.67,语法掌握一般
L002477,SCH0056,,T009,2025-10-30,1.0,
L002478,SCH0056,,T009,2025-11-06,1.5,需要加强口语练习
L002479,SCH0056,,T009,2025-11-13,1.0,课堂参与积极
L002480,SCH0056,,T009,2025-11-20,1.0,语法掌握一般
L002481,SCH0056,,T009,2025-11-27,1.0,课堂参与积极
L002482,SCH0056,,T009,2025-12-04,2.0,完成本节内容
L002483,SCH0056,,T009,2025-12-11,2.0,完成本节内容
L002484,SCH0056,,T009,2025-12-18,1.0,课堂参与积极
L002485,SCH0056,,T009,2025-12-25,1.0,需要加强口语练习
L002486,SCH0056,,T009,2026-01-01,1.67,课堂参与积极
L002487,SCH0056,,T009,2026-01-08,2.0,课堂参与积极
L002488,SCH0056,,T009,2026-01-15,1.5,课堂参与积极
L002489,SCH0056,,T009,2026-01-22,1.67,课堂参与积极
L002490,SCH0056,,T009,2026-01-29,1.0,语法掌握一般
L002491,SCH0056,,T009,2026-02-05,1.0,完成本节内容
L002492,SCH0056,,T009,2026-02-12,1.0,课堂参与积极
L002493,SCH0056,,T009,2026-02-19,1.0,语法掌握一般
L002494,SCH0056,,T009,2026-02-26,1.0,课堂参与积极
L002495,SCH0056,,T009,2026-03-05,1.5,完成本节内容
L002496,SCH0056,,T009,2026-03-12,1.0,需要加强口语练习
L002497,SCH0056,,T009,2026-03-19,1.67,
L002498,SCH0056,,T009,2026-03-26,1.5,课堂参与积极
L002499,SCH0056,,T009,2026-04-02,1.5,语法掌握一般
L002500,SCH0056,,T009,2026-04-09,1.0,完成本节内容
L002501,SCH0056,,T009,2026-04-16,2.0,需要加强口语练习
L002502,SCH0056,,T009,2026-04-23,2.0,
L002503,SCH0056,,T009,2026-04-30,1.67,需要加强口语练习
L002504,SCH0056,,T009,2026-05-07,1.0,课堂参与积极
L002505,SCH0056,,T009,2026-05-14,1.5,完成本节内容
L002506,SCH0056,,T009,2026-05-21,1.67,需要加强口语练习
L002507,SCH0056,,T009,2026-05-28,1.5,完成本节内容
L002508,SCH0056,,T009,2026-06-04,1.0,课堂参与积极
L002509,SCH0056,,T009,2026-06-11,1.5,完成本节内容
L002510,SCH0056,,T009,2026-06-18,1.67,课堂参与积极
L002511,SCH0056,,T009,2026-06-25,1.0,语法掌握一般
L002512,SCH0056,,T009,2026-07-02,1.0,
L002513,SCH0056,,T009,2026-07-09,1.0,课堂参与积极
L002514,SCH0056,,T009,2026-07-16,1.0,语法掌握一般
L002515,SCH0056,,T009,2026-07-23,2.0,需要加强口语练习
L002516,SCH0056,,T009,2026-07-30,1.67,需要加强口语练习
L002517,SCH0056,,T009,2026-08-06,1.0,
L002518,SCH0056,,T009,2026-08-13,1.0,完成本节内容
L002519,SCH0056,,T009,2026-08-20,1.5,完成本节内容
L002520,SCH0056,,T009,2026-08-27,1.5,课堂参与积极
L002521,SCH0057,,T004,2025-07-30,1.67,需要加强口语练习
L002522,SCH0057,,T004,2025-08-06,2.0,课堂参与积极
L002523,SCH0057,,T004,2025-08-13,1.5,
L002524,SCH0057,,T004,2025-08-20,1.0,课堂参与积极
L002525,SCH0057,,T004,2025-08-27,1.67,需要加强口语练习
L002526,SCH0057,,T004,2025-09-03,1.0,完成本节内容
L002527,SCH0057,,T004,2025-09-10,2.0,课堂参与积极
L002528,SCH0057,,T004,2025-09-17,1.0,需要加强口语练习
L002529,SCH0057,,T004,2025-09-24,1.0,完成本节内容
L002530,SCH0057,,T004,2025-10-01,1.67,需要加强口语练习
L002531,SCH0057,,T004,2025-10-08,1.67,需要加强口语练习
L002532,SCH0057,,T004,2025-10-15,1.5,需要加强口语练习
L002533,SCH0057,,T004,2025-10-22,1.0,完成本节内容
L002534,SCH0057,,T004,2025-10-29,1.0,需要加强口语练习
L002535,SCH0057,,T004,2025-11-05,1.0,完成本节内容
L002536,SCH0057,,T004,2025-11-12,1.67,完成本节内容
L002537,SCH0057,,T004,2025-11-19,1.0,完成本节内容
L002538,SCH0057,,T004,2025-11-26,1.0,需要加强口语练习
L002539,SCH0057,,T004,2025-12-03,1.0,完成本节内容
L002540,SCH0057,,T004,2025-12-10,1.67,完成本节内容
L002541,SCH0057,,T004,2025-12-17,1.0,语法掌握一般
L002542,SCH0057,,T004,2025-12-24,1.0,完成本节内容
L002543,SCH0057,,T004,2025-12-31,1.5,语法掌握一般
L002544,SCH0057,,T004,2026-01-07,1.0,完成本节内容
L002545,SCH0057,,T004,2026-01-14,1.0,语法掌握一般
L002546,SCH0057,,T004,2026-01-21,1.0,需要加强口语练习
L002547,SCH0057,,T004,2026-01-28,1.5,需要加强口语练习
L002548,SCH0057,,T004,2026-02-04,1.0,需要加强口语练习
L002549,SCH0057,,T004,2026-02-11,1.0,课堂参与积极
L002550,SCH0057,,T004,2026-02-18,2.0,语法掌握一般
L002551,SCH0057,,T004,2026-02-25,1.0,
L002552,SCH0057,,T004,2026-03-04,1.5,完成本节内容
L002553,SCH0057,,T004,2026-03-11,1.0,语法掌握一般
L002554,SCH0057,,T004,2026-03-18,1.67,需要加强口语练习
L002555,SCH0057,,T004,2026-03-25,1.0,语法掌握一般
L002556,SCH0057,,T004,2026-04-01,2.0,需要加强口语练习
L002557,SCH0057,,T004,2026-04-08,1.0,
L002558,SCH0057,,T004,2026-04-15,1.5,课堂参与积极
L002559,SCH0057,,T004,2026-04-22,1.67,完成本节内容
L002560,SCH0057,,T004,2026-04-29,1.67,需要加强口语练习
L002561,SCH0057,,T004,2026-05-06,1.0,完成本节内容
L002562,SCH0057,,T004,2026-05-13,1.0,需要加强口语练习
L002563,SCH0057,,T004,2026-05-20,1.0,语法掌握一般
L002564,SCH0057,,T004,2026-05-27,1.67,需要加强口语练习
L002565,SCH0057,,T004,2026-06-03,1.0,完成本节内容
L002566,SCH0057,,T004,2026-06-10,1.0,
L002567,SCH0057,,T004,2026-06-17,1.0,完成本节内容
L002568,SCH0057,,T004,2026-06-24,1.67,语法掌握一般
L002569,SCH0057,,T004,2026-07-01,1.5,课堂参与积极
L002570,SCH0057,,T004,2026-07-08,1.0,课堂参与积极
L002571,SCH0057,,T004,2026-07-15,1.0,课堂参与积极
L002572,SCH0057,,T004,2026-07-22,1.67,完成本节内容
L002573,SCH0057,,T004,2026-07-29,1.0,完成本节内容
L002574,SCH0057,,T004,2026-08-05,1.5,语法掌握一般
L002575,SCH0057,,T004,2026-08-12,1.0,
L002576,SCH0057,,T004,2026-08-19,1.0,完成本节内容
L002577,SCH0057,,T004,2026-08-26,1.67,
L002578,SCH0058,,T012,2025-06-29,2.0,语法掌握一般
L002579,SCH0058,,T012,2025-07-06,1.0,
L002580,SCH0058,,T012,2025-07-13,1.67,需要加强口语练习
L002581,SCH0058,,T012,2025-07-20,1.0,需要加强口语练习
L002582,SCH0058,,T012,2025-07-27,1.0,完成本节内容
L002583,SCH0058,,T012,2025-08-03,2.0,课堂参与积极
L002584,SCH0058,,T012,2025-08-10,1.0,语法掌握一般
L002585,SCH0058,,T012,2025-08-17,1.0,完成本节内容
L002586,SCH0058,,T012,2025-08-24,1.5,完成本节内容
L002587,SCH0058,,T012,2025-08-31,1.67,完成本节内容
L002588,SCH0058,,T012,2025-09-07,1.0,完成本节内容
L002589,SCH0058,,T012,2025-09-14,1.0,课堂参与积极
L002590,SCH0058,,T012,2025-09-21,1.0,需要加强口语练习
L002591,SCH0058,,T012,2025-09-28,1.67,完成本节内容
L002592,SCH0058,,T012,2025-10-05,1.5,
L002593,SCH0058,,T012,2025-10-12,1.0,
L002594,SCH0058,,T012,2025-10-19,1.67,需要加强口语练习
L002595,SCH0058,,T012,2025-10-26,2.0,
L002596,SCH0058,,T012,2025-11-02,1.5,需要加强口语练习
L002597,SCH0058,,T012,2025-11-09,1.5,语法掌握一般
L002598,SCH0058,,T012,2025-11-16,1.0,需要加强口语练习
L002599,SCH0058,,T012,2025-11-23,1.0,需要加强口语练习
L002600,SCH0058,,T012,2025-11-30,1.5,完成本节内容
L002601,SCH0058,,T012,2025-12-07,1.5,完成本节内容
L002602,SCH0058,,T012,2025-12-14,2.0,语法掌握一般
L002603,SCH0058,,T012,2025-12-21,1.0,需要加强口语练习
L002604,SCH0058,,T012,2025-12-28,1.67,语法掌握一般
L002605,SCH0058,,T012,2026-01-04,1.5,完成本节内容
L002606,SCH0058,,T012,2026-01-11,1.0,
L002607,SCH0058,,T012,2026-01-18,1.67,课堂参与积极
L002608,SCH0058,,T012,2026-01-25,1.67,语法掌握一般
L002609,SCH0058,,T012,2026-02-01,1.0,完成本节内容
L002610,SCH0058,,T012,2026-02-08,1.67,需要加强口语练习
L002611,SCH0058,,T012,2026-02-15,1.5,完成本节内容
L002612,SCH0058,,T012,2026-02-22,1.0,课堂参与积极
L002613,SCH0058,,T012,2026-03-01,1.0,完成本节内容
L002614,SCH0058,,T012,2026-03-08,2.0,需要加强口语练习
L002615,SCH0058,,T012,2026-03-15,1.0,语法掌握一般
L002616,SCH0058,,T012,2026-03-22,1.67,语法掌握一般
L002617,SCH0058,,T012,2026-03-29,1.0,课堂参与积极
L002618,SCH0058,,T012,2026-04-05,1.5,完成本节内容
L002619,SCH0058,,T012,2026-04-12,1.5,语法掌握一般
L002620,SCH0058,,T012,2026-04-19,2.0,需要加强口语练习
L002621,SCH0058,,T012,2026-04-26,1.0,课堂参与积极
L002622,SCH0058,,T012,2026-05-03,1.67,课堂参与积极
L002623,SCH0058,,T012,2026-05-10,1.0,需要加强口语练习
L002624,SCH0058,,T012,2026-05-17,1.0,课堂参与积极
L002625,SCH0058,,T012,2026-05-24,2.0,语法掌握一般
L002626,SCH0058,,T012,2026-05-31,1.67,需要加强口语练习
L002627,SCH0058,,T012,2026-06-07,1.5,完成本节内容
L002628,SCH0058,,T012,2026-06-14,1.0,需要加强口语练习
L002629,SCH0058,,T012,2026-06-21,1.0,
L002630,SCH0058,,T012,2026-06-28,1.0,完成本节内容
L002631,SCH0058,,T012,2026-07-05,1.5,课堂参与积极
L002632,SCH0058,,T012,2026-07-12,1.0,语法掌握一般
L002633,SCH0058,,T012,2026-07-19,1.0,完成本节内容
L002634,SCH0058,,T012,2026-07-26,2.0,完成本节内容
L002635,SCH0058,,T012,2026-08-02,1.0,完成本节内容
L002636,SCH0058,,T012,2026-08-09,1.0,完成本节内容
L002637,SCH0058,,T012,2026-08-16,1.0,完成本节内容
L002638,SCH0058,,T012,2026-08-23,1.0,语法掌握一般
L002639,SCH0058,,T012,2026-08-30,2.0,需要加强口语练习
L002640,SCH0059,,T019,2025-04-04,1.0,
L002641,SCH0059,,T019,2025-04-11,1.0,语法掌握一般
L002642,SCH0059,,T019,2025-04-18,1.67,完成本节内容
L002643,SCH0059,,T019,2025-04-25,1.67,
L002644,SCH0059,,T019,2025-05-02,1.0,语法掌握一般
L002645,SCH0059,,T019,2025-05-09,1.0,语法掌握一般
L002646,SCH0059,,T019,2025-05-16,1.0,需要加强口语练习
L002647,SCH0059,,T019,2025-05-23,1.0,完成本节内容
L002648,SCH0059,,T019,2025-05-30,2.0,
L002649,SCH0059,,T019,2025-06-06,1.0,完成本节内容
L002650,SCH0059,,T019,2025-06-13,1.5,需要加强口语练习
L002651,SCH0059,,T019,2025-06-20,1.67,语法掌握一般
L002652,SCH0059,,T019,2025-06-27,1.67,完成本节内容
L002653,SCH0059,,T019,2025-07-04,1.67,需要加强口语练习
L002654,SCH0059,,T019,2025-07-11,1.0,课堂参与积极
L002655,SCH0059,,T019,2025-07-18,1.0,完成本节内容
L002656,SCH0059,,T019,2025-07-25,1.0,课堂参与积极
L002657,SCH0059,,T019,2025-08-01,1.67,完成本节内容
L002658,SCH0059,,T019,2025-08-08,1.67,语法掌握一般
L002659,SCH0059,,T019,2025-08-15,1.67,语法掌握一般
L002660,SCH0059,,T019,2025-08-22,2.0,需要加强口语练习
L002661,SCH0059,,T019,2025-08-29,1.67,语法掌握一般
L002662,SCH0059,,T019,2025-09-05,1.67,完成本节内容
L002663,SCH0059,,T019,2025-09-12,1.67,完成本节内容
L002664,SCH0059,,T019,2025-09-19,1.5,语法掌握一般
L002665,SCH0059,,T019,2025-09-26,1.0,
L002666,SCH0059,,T019,2025-10-03,1.0,语法掌握一般
L002667,SCH0059,,T019,2025-10-10,1.0,
L002668,SCH0059,,T019,2025-10-17,1.0,
L002669,SCH0059,,T019,2025-10-24,1.67,课堂参与积极
L002670,SCH0059,,T019,2025-10-31,1.67,完成本节内容
L002671,SCH0059,,T019,2025-11-07,1.67,完成本节内容
L002672,SCH0059,,T019,2025-11-14,1.67,课堂参与积极
L002673,SCH0059,,T019,2025-11-21,1.0,课堂参与积极
L002674,SCH0059,,T019,2025-11-28,1.0,
L002675,SCH0059,,T019,2025-12-05,1.5,需要加强口语练习
L002676,SCH0059,,T019,2025-12-12,1.5,课堂参与积极
L002677,SCH0059,,T019,2025-12-19,1.67,课堂参与积极
L002678,SCH0059,,T019,2025-12-26,1.67,课堂参与积极
L002679,SCH0059,,T019,2026-01-02,1.0,完成本节内容
L002680,SCH0059,,T019,2026-01-09,2.0,
L002681,SCH0059,,T019,2026-01-16,1.5,完成本节内容
L002682,SCH0059,,T019,2026-01-23,2.0,课堂参与积极
L002683,SCH0059,,T019,2026-01-30,1.0,完成本节内容
L002684,SCH0059,,T019,2026-02-06,1.5,完成本节内容
L002685,SCH0059,,T019,2026-02-13,1.5,课堂参与积极
L002686,SCH0059,,T019,2026-02-20,2.0,需要加强口语练习
L002687,SCH0059,,T019,2026-02-27,1.0,需要加强口语练习
L002688,SCH0059,,T019,2026-03-06,1.0,
L002689,SCH0059,,T019,2026-03-13,1.0,课堂参与积极
L002690,SCH0059,,T019,2026-03-20,1.5,语法掌握一般
L002691,SCH0059,,T019,2026-03-27,1.0,课堂参与积极
L002692,SCH0059,,T019,2026-04-03,1.0,语法掌握一般
L002693,SCH0059,,T019,2026-04-10,1.0,完成本节内容
L002694,SCH0059,,T019,2026-04-17,1.67,课堂参与积极
L002695,SCH0059,,T019,2026-04-24,1.0,完成本节内容
L002696,SCH0059,,T019,2026-05-01,2.0,完成本节内容
L002697,SCH0059,,T019,2026-05-08,1.67,需要加强口语练习
L002698,SCH0059,,T019,2026-05-15,2.0,完成本节内容
L002699,SCH0059,,T019,2026-05-22,1.0,需要加强口语练习
L002700,SCH0059,,T019,2026-05-29,1.67,完成本节内容
L002701,SCH0059,,T019,2026-06-05,1.0,
L002702,SCH0059,,T019,2026-06-12,1.0,完成本节内容
L002703,SCH0059,,T019,2026-06-19,1.0,完成本节内容
L002704,SCH0059,,T019,2026-06-26,1.67,需要加强口语练习
L002705,SCH0059,,T019,2026-07-03,1.5,完成本节内容
L002706,SCH0059,,T019,2026-07-10,2.0,
L002707,SCH0059,,T019,2026-07-17,2.0,需要加强口语练习
L002708,SCH0059,,T019,2026-07-24,1.5,课堂参与积极
L002709,SCH0059,,T019,2026-07-31,2.0,课堂参与积极
L002710,SCH0059,,T019,2026-08-07,1.0,完成本节内容
L002711,SCH0059,,T019,2026-08-14,1.0,语法掌握一般
L002712,SCH0059,,T019,2026-08-21,1.67,完成本节内容
L002713,SCH0059,,T019,2026-08-28,1.67,完成本节内容
L002714,SCH0060,,T015,2025-05-28,2.0,完成本节内容
L002715,SCH0060,,T015,2025-06-04,2.0,需要加强口语练习
L002716,SCH0060,,T015,2025-06-11,1.0,完成本节内容
L002717,SCH0060,,T015,2025-06-18,1.67,课堂参与积极
L002718,SCH0060,,T015,2025-06-25,1.0,完成本节内容
L002719,SCH0060,,T015,2025-07-02,1.5,需要加强口语练习
L002720,SCH0060,,T015,2025-07-09,1.0,
L002721,SCH0060,,T015,2025-07-16,2.0,需要加强口语练习
L002722,SCH0060,,T015,2025-07-23,1.0,完成本节内容
L002723,SCH0060,,T015,2025-07-30,1.0,完成本节内容
L002724,SCH0060,,T015,2025-08-06,1.5,语法掌握一般
L002725,SCH0060,,T015,2025-08-13,2.0,语法掌握一般
L002726,SCH0060,,T015,2025-08-20,1.67,课堂参与积极
L002727,SCH0060,,T015,2025-08-27,1.5,课堂参与积极
L002728,SCH0060,,T015,2025-09-03,1.5,课堂参与积极
L002729,SCH0060,,T015,2025-09-10,1.0,完成本节内容
L002730,SCH0060,,T015,2025-09-17,1.67,完成本节内容
L002731,SCH0060,,T015,2025-09-24,1.67,完成本节内容
L002732,SCH0060,,T015,2025-10-01,1.67,
L002733,SCH0060,,T015,2025-10-08,1.67,
L002734,SCH0060,,T015,2025-10-15,1.0,课堂参与积极
L002735,SCH0060,,T015,2025-10-22,1.0,课堂参与积极
L002736,SCH0060,,T015,2025-10-29,1.67,语法掌握一般
L002737,SCH0060,,T015,2025-11-05,1.67,完成本节内容
L002738,SCH0060,,T015,2025-11-12,1.0,完成本节内容
L002739,SCH0060,,T015,2025-11-19,1.0,完成本节内容
L002740,SCH0060,,T015,2025-11-26,1.0,
L002741,SCH0060,,T015,2025-12-03,1.0,课堂参与积极
L002742,SCH0060,,T015,2025-12-10,1.0,语法掌握一般
L002743,SCH0060,,T015,2025-12-17,1.0,课堂参与积极
L002744,SCH0060,,T015,2025-12-24,1.0,需要加强口语练习
L002745,SCH0060,,T015,2025-12-31,1.5,需要加强口语练习
L002746,SCH0060,,T015,2026-01-07,1.5,完成本节内容
L002747,SCH0060,,T015,2026-01-14,1.0,完成本节内容
L002748,SCH0060,,T015,2026-01-21,1.5,
L002749,SCH0060,,T015,2026-01-28,2.0,
L002750,SCH0060,,T015,2026-02-04,1.0,语法掌握一般
L002751,SCH0060,,T015,2026-02-11,1.0,课堂参与积极
L002752,SCH0060,,T015,2026-02-18,1.0,完成本节内容
L002753,SCH0060,,T015,2026-02-25,1.5,完成本节内容
L002754,SCH0060,,T015,2026-03-04,1.0,完成本节内容
L002755,SCH0060,,T015,2026-03-11,1.0,
L002756,SCH0060,,T015,2026-03-18,1.0,课堂参与积极
L002757,SCH0060,,T015,2026-03-25,1.0,完成本节内容
L002758,SCH0060,,T015,2026-04-01,1.0,课堂参与积极
L002759,SCH0060,,T015,2026-04-08,2.0,语法掌握一般
L002760,SCH0060,,T015,2026-04-15,1.5,完成本节内容
L002761,SCH0060,,T015,2026-04-22,1.67,完成本节内容
L002762,SCH0060,,T015,2026-04-29,1.0,需要加强口语练习
L002763,SCH0060,,T015,2026-05-06,1.67,课堂参与积极
L002764,SCH0060,,T015,2026-05-13,1.0,完成本节内容
L002765,SCH0060,,T015,2026-05-20,1.67,完成本节内容
L002766,SCH0060,,T015,2026-05-27,1.0,课堂参与积极
L002767,SCH0060,,T015,2026-06-03,1.0,需要加强口语练习
L002768,SCH0060,,T015,2026-06-10,1.5,语法掌握一般
L002769,SCH0060,,T015,2026-06-17,1.0,需要加强口语练习
L002770,SCH0060,,T015,2026-06-24,1.0,语法掌握一般
L002771,SCH0060,,T015,2026-07-01,1.0,语法掌握一般
L002772,SCH0060,,T015,2026-07-08,1.0,完成本节内容
L002773,SCH0060,,T015,2026-07-15,1.5,课堂参与积极
L002774,SCH0060,,T015,2026-07-22,1.67,需要加强口语练习
L002775,SCH0060,,T015,2026-07-29,1.0,完成本节内容
L002776,SCH0060,,T015,2026-08-05,2.0,完成本节内容
L002777,SCH0060,,T015,2026-08-12,1.67,需要加强口语练习
L002778,SCH0060,,T015,2026-08-19,1.0,语法掌握一般
L002779,SCH0060,,T015,2026-08-26,1.67,需要加强口语练习
L002780,SCH0061,,T012,2025-10-12,2.0,语法掌握一般
L002781,SCH0061,,T012,2025-10-19,1.0,语法掌握一般
L002782,SCH0061,,T012,2025-10-26,1.67,完成本节内容
L002783,SCH0061,,T012,2025-11-02,1.0,语法掌握一般
L002784,SCH0061,,T012,2025-11-09,1.0,课堂参与积极
L002785,SCH0061,,T012,2025-11-16,1.0,
L002786,SCH0061,,T012,2025-11-23,1.67,完成本节内容
L002787,SCH0061,,T012,2025-11-30,2.0,语法掌握一般
L002788,SCH0061,,T012,2025-12-07,1.0,课堂参与积极
L002789,SCH0061,,T012,2025-12-14,1.0,完成本节内容
L002790,SCH0061,,T012,2025-12-21,1.5,需要加强口语练习
L002791,SCH0061,,T012,2025-12-28,1.5,课堂参与积极
L002792,SCH0061,,T012,2026-01-04,1.0,完成本节内容
L002793,SCH0061,,T012,2026-01-11,1.0,完成本节内容
L002794,SCH0061,,T012,2026-01-18,1.5,需要加强口语练习
L002795,SCH0061,,T012,2026-01-25,1.0,完成本节内容
L002796,SCH0061,,T012,2026-02-01,1.0,课堂参与积极
L002797,SCH0061,,T012,2026-02-08,1.67,需要加强口语练习
L002798,SCH0061,,T012,2026-02-15,1.67,
L002799,SCH0061,,T012,2026-02-22,1.67,完成本节内容
L002800,SCH0061,,T012,2026-03-01,1.5,课堂参与积极
L002801,SCH0061,,T012,2026-03-08,1.67,需要加强口语练习
L002802,SCH0061,,T012,2026-03-15,1.5,完成本节内容
L002803,SCH0061,,T012,2026-03-22,1.0,完成本节内容
L002804,SCH0061,,T012,2026-03-29,1.67,课堂参与积极
L002805,SCH0061,,T012,2026-04-05,1.0,完成本节内容
L002806,SCH0061,,T012,2026-04-12,2.0,
L002807,SCH0061,,T012,2026-04-19,1.67,需要加强口语练习
L002808,SCH0061,,T012,2026-04-26,1.0,完成本节内容
L002809,SCH0061,,T012,2026-05-03,1.67,需要加强口语练习
L002810,SCH0061,,T012,2026-05-10,1.0,完成本节内容
L002811,SCH0061,,T012,2026-05-17,1.67,完成本节内容
L002812,SCH0061,,T012,2026-05-24,1.0,需要加强口语练习
L002813,SCH0061,,T012,2026-05-31,1.67,语法掌握一般
L002814,SCH0061,,T012,2026-06-07,1.67,语法掌握一般
L002815,SCH0061,,T012,2026-06-14,1.0,完成本节内容
L002816,SCH0061,,T012,2026-06-21,1.0,课堂参与积极
L002817,SCH0061,,T012,2026-06-28,1.5,需要加强口语练习
L002818,SCH0061,,T012,2026-07-05,1.67,语法掌握一般
L002819,SCH0061,,T012,2026-07-12,1.0,语法掌握一般
L002820,SCH0061,,T012,2026-07-19,1.0,完成本节内容
L002821,SCH0061,,T012,2026-07-26,1.67,
L002822,SCH0061,,T012,2026-08-02,1.67,完成本节内容
L002823,SCH0061,,T012,2026-08-09,1.67,课堂参与积极
L002824,SCH0061,,T012,2026-08-16,1.67,完成本节内容
L002825,SCH0061,,T012,2026-08-23,1.0,课堂参与积极
L002826,SCH0061,,T012,2026-08-30,1.67,
L002827,SCH0062,,T014,2025-11-02,1.0,语法掌握一般
L002828,SCH0062,,T014,2025-11-09,1.0,完成本节内容
L002829,SCH0062,,T014,2025-11-16,1.0,完成本节内容
L002830,SCH0062,,T014,2025-11-23,1.0,课堂参与积极
L002831,SCH0062,,T014,2025-11-30,1.67,完成本节内容
L002832,SCH0062,,T014,2025-12-07,1.0,需要加强口语练习
L002833,SCH0062,,T014,2025-12-14,1.5,需要加强口语练习
L002834,SCH0062,,T014,2025-12-21,1.0,完成本节内容
L002835,SCH0062,,T014,2025-12-28,1.0,语法掌握一般
L002836,SCH0062,,T014,2026-01-04,1.5,需要加强口语练习
L002837,SCH0062,,T014,2026-01-11,1.0,语法掌握一般
L002838,SCH0062,,T014,2026-01-18,1.0,需要加强口语练习
L002839,SCH0062,,T014,2026-01-25,1.67,课堂参与积极
L002840,SCH0062,,T014,2026-02-01,1.0,完成本节内容
L002841,SCH0062,,T014,2026-02-08,1.0,语法掌握一般
L002842,SCH0062,,T014,2026-02-15,1.0,需要加强口语练习
L002843,SCH0062,,T014,2026-02-22,1.5,课堂参与积极
L002844,SCH0062,,T014,2026-03-01,1.67,课堂参与积极
L002845,SCH0062,,T014,2026-03-08,2.0,完成本节内容
L002846,SCH0062,,T014,2026-03-15,1.0,完成本节内容
L002847,SCH0062,,T014,2026-03-22,2.0,
L002848,SCH0062,,T014,2026-03-29,1.0,语法掌握一般
L002849,SCH0062,,T014,2026-04-05,1.67,完成本节内容
L002850,SCH0062,,T014,2026-04-12,1.0,需要加强口语练习
L002851,SCH0062,,T014,2026-04-19,1.5,语法掌握一般
L002852,SCH0062,,T014,2026-04-26,1.0,
L002853,SCH0062,,T014,2026-05-03,1.5,完成本节内容
L002854,SCH0062,,T014,2026-05-10,2.0,需要加强口语练习
L002855,SCH0062,,T014,2026-05-17,1.67,
L002856,SCH0062,,T014,2026-05-24,1.0,课堂参与积极
L002857,SCH0062,,T014,2026-05-31,2.0,课堂参与积极
L002858,SCH0062,,T014,2026-06-07,1.0,完成本节内容
L002859,SCH0062,,T014,2026-06-14,1.5,需要加强口语练习
L002860,SCH0062,,T014,2026-06-21,1.0,语法掌握一般
L002861,SCH0062,,T014,2026-06-28,1.0,完成本节内容
L002862,SCH0062,,T014,2026-07-05,1.0,
L002863,SCH0062,,T014,2026-07-12,2.0,语法掌握一般
L002864,SCH0062,,T014,2026-07-19,1.5,需要加强口语练习
L002865,SCH0062,,T014,2026-07-26,1.67,完成本节内容
L002866,SCH0062,,T014,2026-08-02,1.67,语法掌握一般
L002867,SCH0062,,T014,2026-08-09,1.0,需要加强口语练习
L002868,SCH0062,,T014,2026-08-16,2.0,完成本节内容
L002869,SCH0062,,T014,2026-08-23,1.67,需要加强口语练习
L002870,SCH0062,,T014,2026-08-30,1.0,完成本节内容
L002871,SCH0063,,T013,2025-04-13,1.0,完成本节内容
L002872,SCH0063,,T013,2025-04-20,2.0,
L002873,SCH0063,,T013,2025-04-27,1.67,课堂参与积极
L002874,SCH0063,,T013,2025-05-04,1.0,语法掌握一般
L002875,SCH0063,,T013,2025-05-11,1.0,
L002876,SCH0063,,T013,2025-05-18,1.67,完成本节内容
L002877,SCH0063,,T013,2025-05-25,1.0,
L002878,SCH0063,,T013,2025-06-01,1.0,需要加强口语练习
L002879,SCH0063,,T013,2025-06-08,1.0,语法掌握一般
L002880,SCH0063,,T013,2025-06-15,1.0,完成本节内容
L002881,SCH0063,,T013,2025-06-22,1.0,完成本节内容
L002882,SCH0063,,T013,2025-06-29,1.0,完成本节内容
L002883,SCH0063,,T013,2025-07-06,1.5,完成本节内容
L002884,SCH0063,,T013,2025-07-13,1.0,语法掌握一般
L002885,SCH0063,,T013,2025-07-20,1.0,课堂参与积极
L002886,SCH0063,,T013,2025-07-27,1.0,课堂参与积极
L002887,SCH0063,,T013,2025-08-03,1.67,课堂参与积极
L002888,SCH0063,,T013,2025-08-10,1.0,
L002889,SCH0063,,T013,2025-08-17,1.67,需要加强口语练习
L002890,SCH0063,,T013,2025-08-24,1.5,需要加强口语练习
L002891,SCH0063,,T013,2025-08-31,1.5,课堂参与积极
L002892,SCH0063,,T013,2025-09-07,2.0,课堂参与积极
L002893,SCH0063,,T013,2025-09-14,1.0,需要加强口语练习
L002894,SCH0063,,T013,2025-09-21,1.67,完成本节内容
L002895,SCH0063,,T013,2025-09-28,1.0,课堂参与积极
L002896,SCH0063,,T013,2025-10-05,1.67,完成本节内容
L002897,SCH0063,,T013,2025-10-12,1.5,课堂参与积极
L002898,SCH0063,,T013,2025-10-19,1.5,语法掌握一般
L002899,SCH0063,,T013,2025-10-26,1.67,需要加强口语练习
L002900,SCH0063,,T013,2025-11-02,1.0,
L002901,SCH0063,,T013,2025-11-09,2.0,完成本节内容
L002902,SCH0063,,T013,2025-11-16,1.0,需要加强口语练习
L002903,SCH0063,,T013,2025-11-23,1.0,需要加强口语练习
L002904,SCH0063,,T013,2025-11-30,1.67,语法掌握一般
L002905,SCH0063,,T013,2025-12-07,1.0,课堂参与积极
L002906,SCH0063,,T013,2025-12-14,1.0,需要加强口语练习
L002907,SCH0063,,T013,2025-12-21,1.0,语法掌握一般
L002908,SCH0063,,T013,2025-12-28,1.67,完成本节内容
L002909,SCH0063,,T013,2026-01-04,1.0,课堂参与积极
L002910,SCH0063,,T013,2026-01-11,1.5,完成本节内容
L002911,SCH0063,,T013,2026-01-18,1.0,语法掌握一般
L002912,SCH0063,,T013,2026-01-25,1.67,课堂参与积极
L002913,SCH0063,,T013,2026-02-01,1.67,完成本节内容
L002914,SCH0063,,T013,2026-02-08,1.0,完成本节内容
L002915,SCH0063,,T013,2026-02-15,1.0,完成本节内容
L002916,SCH0063,,T013,2026-02-22,1.0,课堂参与积极
L002917,SCH0063,,T013,2026-03-01,1.0,需要加强口语练习
L002918,SCH0063,,T013,2026-03-08,1.67,课堂参与积极
L002919,SCH0063,,T013,2026-03-15,1.67,完成本节内容
L002920,SCH0063,,T013,2026-03-22,1.67,语法掌握一般
L002921,SCH0063,,T013,2026-03-29,1.67,语法掌握一般
L002922,SCH0063,,T013,2026-04-05,1.5,语法掌握一般
L002923,SCH0063,,T013,2026-04-12,1.67,语法掌握一般
L002924,SCH0063,,T013,2026-04-19,1.67,完成本节内容
L002925,SCH0063,,T013,2026-04-26,1.0,课堂参与积极
L002926,SCH0063,,T013,2026-05-03,1.5,课堂参与积极
L002927,SCH0063,,T013,2026-05-10,2.0,完成本节内容
L002928,SCH0063,,T013,2026-05-17,1.5,语法掌握一般
L002929,SCH0063,,T013,2026-05-24,1.67,需要加强口语练习
L002930,SCH0063,,T013,2026-05-31,1.0,
L002931,SCH0063,,T013,2026-06-07,1.0,语法掌握一般
L002932,SCH0063,,T013,2026-06-14,1.5,语法掌握一般
L002933,SCH0063,,T013,2026-06-21,1.5,课堂参与积极
L002934,SCH0063,,T013,2026-06-28,1.0,需要加强口语练习
L002935,SCH0063,,T013,2026-07-05,1.0,
L002936,SCH0063,,T013,2026-07-12,1.0,课堂参与积极
L002937,SCH0063,,T013,2026-07-19,1.0,需要加强口语练习
L002938,SCH0063,,T013,2026-07-26,2.0,
L002939,SCH0063,,T013,2026-08-02,1.0,完成本节内容
L002940,SCH0063,,T013,2026-08-09,1.5,需要加强口语练习
L002941,SCH0063,,T013,2026-08-16,1.5,完成本节内容
L002942,SCH0063,,T013,2026-08-23,1.0,完成本节内容
L002943,SCH0063,,T013,2026-08-30,1.67,
L002944,SCH0064,,T015,2025-11-12,2.0,
L002945,SCH0064,,T015,2025-11-19,1.0,语法掌握一般
L002946,SCH0064,,T015,2025-11-26,1.0,完成本节内容
L002947,SCH0064,,T015,2025-12-03,1.5,需要加强口语练习
L002948,SCH0064,,T015,2025-12-10,1.0,完成本节内容
L002949,SCH0064,,T015,2025-12-17,1.0,课堂参与积极
L002950,SCH0064,,T015,2025-12-24,1.0,需要加强口语练习
L002951,SCH0064,,T015,2025-12-31,1.0,完成本节内容
L002952,SCH0064,,T015,2026-01-07,1.0,
L002953,SCH0064,,T015,2026-01-14,1.0,语法掌握一般
L002954,SCH0064,,T015,2026-01-21,1.0,
L002955,SCH0064,,T015,2026-01-28,1.0,完成本节内容
L002956,SCH0064,,T015,2026-02-04,2.0,需要加强口语练习
L002957,SCH0064,,T015,2026-02-11,1.5,课堂参与积极
L002958,SCH0064,,T015,2026-02-18,1.5,语法掌握一般
L002959,SCH0064,,T015,2026-02-25,1.0,完成本节内容
L002960,SCH0064,,T015,2026-03-04,1.0,课堂参与积极
L002961,SCH0064,,T015,2026-03-11,1.67,语法掌握一般
L002962,SCH0064,,T015,2026-03-18,1.5,语法掌握一般
L002963,SCH0064,,T015,2026-03-25,1.67,课堂参与积极
L002964,SCH0064,,T015,2026-04-01,1.0,完成本节内容
L002965,SCH0064,,T015,2026-04-08,1.0,完成本节内容
L002966,SCH0064,,T015,2026-04-15,1.0,语法掌握一般
L002967,SCH0064,,T015,2026-04-22,2.0,
L002968,SCH0064,,T015,2026-04-29,1.0,课堂参与积极
L002969,SCH0064,,T015,2026-05-06,1.67,语法掌握一般
L002970,SCH0064,,T015,2026-05-13,1.0,需要加强口语练习
L002971,SCH0064,,T015,2026-05-20,1.0,需要加强口语练习
L002972,SCH0064,,T015,2026-05-27,1.67,需要加强口语练习
L002973,SCH0064,,T015,2026-06-03,1.67,完成本节内容
L002974,SCH0064,,T015,2026-06-10,1.5,课堂参与积极
L002975,SCH0064,,T015,2026-06-17,1.0,完成本节内容
L002976,SCH0064,,T015,2026-06-24,1.67,课堂参与积极
L002977,SCH0064,,T015,2026-07-01,1.0,语法掌握一般
L002978,SCH0064,,T015,2026-07-08,1.0,完成本节内容
L002979,SCH0064,,T015,2026-07-15,1.0,完成本节内容
L002980,SCH0064,,T015,2026-07-22,1.0,
L002981,SCH0064,,T015,2026-07-29,1.0,语法掌握一般
L002982,SCH0064,,T015,2026-08-05,1.67,课堂参与积极
L002983,SCH0064,,T015,2026-08-12,2.0,完成本节内容
L002984,SCH0064,,T015,2026-08-19,1.0,
L002985,SCH0064,,T015,2026-08-26,1.0,
L002986,SCH0065,,T017,2025-11-18,1.0,语法掌握一般
L002987,SCH0065,,T017,2025-11-25,2.0,需要加强口语练习
L002988,SCH0065,,T017,2025-12-02,2.0,课堂参与积极
L002989,SCH0065,,T017,2025-12-09,1.5,课堂参与积极
L002990,SCH0065,,T017,2025-12-16,2.0,语法掌握一般
L002991,SCH0065,,T017,2025-12-23,1.0,完成本节内容
L002992,SCH0065,,T017,2025-12-30,1.0,
L002993,SCH0065,,T017,2026-01-06,1.0,完成本节内容
L002994,SCH0065,,T017,2026-01-13,1.0,语法掌握一般
L002995,SCH0065,,T017,2026-01-20,1.0,完成本节内容
L002996,SCH0065,,T017,2026-01-27,1.67,完成本节内容
L002997,SCH0065,,T017,2026-02-03,1.67,语法掌握一般
L002998,SCH0065,,T017,2026-02-10,1.5,完成本节内容
L002999,SCH0065,,T017,2026-02-17,1.5,课堂参与积极
L003000,SCH0065,,T017,2026-02-24,1.67,
L003001,SCH0065,,T017,2026-03-03,1.0,完成本节内容
L003002,SCH0065,,T017,2026-03-10,1.5,需要加强口语练习
L003003,SCH0065,,T017,2026-03-17,1.67,语法掌握一般
L003004,SCH0065,,T017,2026-03-24,1.67,课堂参与积极
L003005,SCH0065,,T017,2026-03-31,1.5,语法掌握一般
L003006,SCH0065,,T017,2026-04-07,2.0,课堂参与积极
L003007,SCH0065,,T017,2026-04-14,1.5,完成本节内容
L003008,SCH0065,,T017,2026-04-21,1.0,语法掌握一般
L003009,SCH0065,,T017,2026-04-28,1.0,语法掌握一般
L003010,SCH0065,,T017,2026-05-05,1.67,课堂参与积极
L003011,SCH0065,,T017,2026-05-12,1.0,课堂参与积极
L003012,SCH0065,,T017,2026-05-19,1.5,课堂参与积极
L003013,SCH0065,,T017,2026-05-26,1.0,完成本节内容
L003014,SCH0065,,T017,2026-06-02,1.5,语法掌握一般
L003015,SCH0065,,T017,2026-06-09,1.0,需要加强口语练习
L003016,SCH0065,,T017,2026-06-16,1.0,完成本节内容
L003017,SCH0065,,T017,2026-06-23,1.5,语法掌握一般
L003018,SCH0065,,T017,2026-06-30,1.67,课堂参与积极
L003019,SCH0065,,T017,2026-07-07,1.0,需要加强口语练习
L003020,SCH0065,,T017,2026-07-14,1.0,课堂参与积极
L003021,SCH0065,,T017,2026-07-21,1.0,完成本节内容
L003022,SCH0065,,T017,2026-07-28,1.5,需要加强口语练习
L003023,SCH0065,,T017,2026-08-04,1.0,完成本节内容
L003024,SCH0065,,T017,2026-08-11,1.0,需要加强口语练习
L003025,SCH0065,,T017,2026-08-18,1.67,
L003026,SCH0065,,T017,2026-08-25,2.0,课堂参与积极
L003027,SCH0066,,T011,2025-06-29,1.0,课堂参与积极
L003028,SCH0066,,T011,2025-07-06,1.0,完成本节内容
L003029,SCH0066,,T011,2025-07-13,1.67,完成本节内容
L003030,SCH0066,,T011,2025-07-20,1.67,课堂参与积极
L003031,SCH0066,,T011,2025-07-27,1.0,课堂参与积极
L003032,SCH0066,,T011,2025-08-03,2.0,课堂参与积极
L003033,SCH0066,,T011,2025-08-10,1.5,完成本节内容
L003034,SCH0066,,T011,2025-08-17,1.0,需要加强口语练习
L003035,SCH0066,,T011,2025-08-24,1.0,完成本节内容
L003036,SCH0066,,T011,2025-08-31,1.0,完成本节内容
L003037,SCH0066,,T011,2025-09-07,1.0,完成本节内容
L003038,SCH0066,,T011,2025-09-14,1.0,课堂参与积极
L003039,SCH0066,,T011,2025-09-21,1.0,需要加强口语练习
L003040,SCH0066,,T011,2025-09-28,1.67,
L003041,SCH0066,,T011,2025-10-05,1.0,语法掌握一般
L003042,SCH0066,,T011,2025-10-12,1.0,完成本节内容
L003043,SCH0066,,T011,2025-10-19,1.0,完成本节内容
L003044,SCH0066,,T011,2025-10-26,1.5,完成本节内容
L003045,SCH0066,,T011,2025-11-02,1.0,语法掌握一般
L003046,SCH0066,,T011,2025-11-09,1.5,
L003047,SCH0066,,T011,2025-11-16,1.5,语法掌握一般
L003048,SCH0066,,T011,2025-11-23,1.0,语法掌握一般
L003049,SCH0066,,T011,2025-11-30,1.0,完成本节内容
L003050,SCH0066,,T011,2025-12-07,1.67,语法掌握一般
L003051,SCH0066,,T011,2025-12-14,1.0,课堂参与积极
L003052,SCH0066,,T011,2025-12-21,2.0,课堂参与积极
L003053,SCH0066,,T011,2025-12-28,1.0,完成本节内容
L003054,SCH0066,,T011,2026-01-04,1.0,语法掌握一般
L003055,SCH0066,,T011,2026-01-11,1.67,需要加强口语练习
L003056,SCH0066,,T011,2026-01-18,2.0,完成本节内容
L003057,SCH0066,,T011,2026-01-25,1.67,语法掌握一般
L003058,SCH0066,,T011,2026-02-01,1.5,课堂参与积极
L003059,SCH0066,,T011,2026-02-08,1.0,需要加强口语练习
L003060,SCH0066,,T011,2026-02-15,1.5,
L003061,SCH0066,,T011,2026-02-22,1.67,语法掌握一般
L003062,SCH0066,,T011,2026-03-01,2.0,语法掌握一般
L003063,SCH0066,,T011,2026-03-08,1.67,课堂参与积极
L003064,SCH0066,,T011,2026-03-15,1.67,需要加强口语练习
L003065,SCH0066,,T011,2026-03-22,1.0,完成本节内容
L003066,SCH0066,,T011,2026-03-29,1.67,语法掌握一般
L003067,SCH0066,,T011,2026-04-05,2.0,课堂参与积极
L003068,SCH0066,,T011,2026-04-12,1.0,需要加强口语练习
L003069,SCH0066,,T011,2026-04-19,1.0,完成本节内容
L003070,SCH0066,,T011,2026-04-26,2.0,完成本节内容
L003071,SCH0066,,T011,2026-05-03,1.5,完成本节内容
L003072,SCH0066,,T011,2026-05-10,1.67,完成本节内容
L003073,SCH0066,,T011,2026-05-17,1.67,需要加强口语练习
L003074,SCH0066,,T011,2026-05-24,1.0,完成本节内容
L003075,SCH0066,,T011,2026-05-31,1.0,完成本节内容
L003076,SCH0066,,T011,2026-06-07,1.0,语法掌握一般
L003077,SCH0066,,T011,2026-06-14,1.5,完成本节内容
L003078,SCH0066,,T011,2026-06-21,1.5,课堂参与积极
L003079,SCH0066,,T011,2026-06-28,2.0,课堂参与积极
L003080,SCH0066,,T011,2026-07-05,1.67,课堂参与积极
L003081,SCH0066,,T011,2026-07-12,1.0,
L003082,SCH0066,,T011,2026-07-19,1.67,课堂参与积极
L003083,SCH0066,,T011,2026-07-26,1.5,完成本节内容
L003084,SCH0066,,T011,2026-08-02,2.0,语法掌握一般
L003085,SCH0066,,T011,2026-08-09,1.67,需要加强口语练习
L003086,SCH0066,,T011,2026-08-16,1.0,完成本节内容
L003087,SCH0066,,T011,2026-08-23,2.0,语法掌握一般
L003088,SCH0066,,T011,2026-08-30,1.0,完成本节内容
