学生姓名,课程类型,教师,课程序号,上课日期,中文星期,西班牙语星期,英语星期,西班牙时间,学生当地时间,时差,课时计算,当日学习内容,页数,教师反馈
Tiger_460,一对一,Rocio,L000001,2025/10/04,周六,sábado,Saturday,10:00,15:00,+5h,1.67,口语,9,
Tiger460,1V1,Rocio,L000002,10/11/2025,周六,sábado,Saturday,10:00,16:00,+6h,1.0,听力,2,语法掌握一般
Tiger_460（教务）,私教,Rocio,L000003,2025-10-18,周六,sábado,Saturday,10:00,16:00,+6h,1.67,语法,13,完成本节内容
Tiger_460,1V1,Rocio（教务）,L000004,2025-10-25,周六,sábado,Saturday,10:00,16:00,+6h,1.5,语法,7,课堂参与积极
Tiger_460,一对一,Rocio,L000005,2025-11-01,周六,sábado,Saturday,10:00,17:00,+7h,1.67,口语,3,完成本节内容
Tiger_460,一对一,Rocio,L000006,2025年11月8日,周六,sábado,Saturday,10:00,17:00,+7h,1.0,语法,12,语法掌握一般
Tiger_460,私教,Rocio,L000007,2025年11月15日,周六,sábado,Saturday,10:00,17:00,+7h,1.5,听力,2,完成本节内容
Tiger_460,一对一,Rocio,L000008,2025/11/22,周六,sábado,Saturday,10:00,17:00,+7h,1.0,听力,7,完成本节内容
Tiger_460,一对一,Rocio,L000009,2025-11-29,周六,sábado,Saturday,10:00,17:00,+7h,1.0,口语,5,完成本节内容
Tiger_460,1V1,Rocio,L000010,2025/12/06,周六,sábado,Saturday,10:00,17:00,+7h,1.0,语法,5,课堂参与积极
Tiger_460,1V1,Rocio,L000011,2025/12/13,周六,sábado,Saturday,10:00,17:00,+7h,1.0,复习,12,
Tiger_460,一对一,Rocio,L000012,2025-12-20,周六,sábado,Saturday,10:00,16:00,+6h,1.0,语法,11,需要加强口语练习
Tiger_460,1V1,Rocio,L000013,2025-12-27,周六,sábado,Saturday,10:00,17:00,+7h,2.0,口语,4,完成本节内容
Tiger_460,1V1,Rocio,L000014,2026-01-03,周六,sábado,Saturday,10:00,17:00,+7h,2.0,阅读,14,课堂参与积极
Tiger_460,私教,Rocio,L000015,2026/01/10,周六,sábado,Saturday,10:00,17:00,+7h,1.0,语法,6,语法掌握一般
Tiger_460,一对一,Rocio,L000016,01/17/2026,周六,sábado,Saturday,10:00,17:00,+7h,1.0,阅读,3,完成本节内容
Tiger_460,私教,Rocio,L000017,2026-01-24,周六,sábado,Saturday,10:00,17:00,+7h,1.0,阅读,6,课堂参与积极
Tiger_460,一对一,Rocio,L000018,2026-01-31,周六,sábado,Saturday,10:00,17:00,+7h,1.67,复习,6,语法掌握一般
Tiger460,私教,Rocio（教务）,L000019,2026年2月7日,周六,sábado,Saturday,10:00,19:00,+9h,1.0,口语,10,完成本节内容
Tiger_460（教务）,私教,Rocio,L000020,2026-02-14,周六,sábado,Saturday,10:00,16:00,+6h,1.67,阅读,10,完成本节内容
Tiger_460,一对一,Rocio,L000021,02/21/2026,周六,sábado,Saturday,10:00,16:00,+6h,1.0,口语,8,需要加强口语练习
Tiger_460,一对一,Rocio,L000022,2026年2月28日,周六,sábado,Saturday,10:00,17:00,+7h,1.5,听力,2,
Tiger_460,一对一,Rocio,L000023,2026年3月7日,周六,sábado,Saturday,10:00,17:00,+7h,1.67,语法,2,完成本节内容
Tiger_460,一对一,Rocio,L000024,2026年3月14日,周六,sábado,Saturday,10:00,17:00,+7h,2.0,口语,8,课堂参与积极
Tiger_460,1V1,Rocio,L000025,2026年3月21日,周六,sábado,Saturday,10:00,17:00,+7h,1.0,听力,14,语法掌握一般
Tiger_460,私教,Rocio,L000026,2026-03-28,周六,sábado,Saturday,10:00,17:00,+7h,1.0,阅读,14,完成本节内容
Tiger460,一对一,Rocio,L000027,2026/04/04,周六,sábado,Saturday,10:00,16:00,+6h,1.0,语法,4,课堂参与积极
Tiger_460,1V1,Rocio,L000028,2026-04-11,周六,sábado,Saturday,10:00,16:00,+6h,1.67,阅读,11,语法掌握一般
Tiger_460,一对一,Rocio,L000029,2026-04-18,周六,sábado,Saturday,10:00,16:00,+6h,1.67,阅读,3,语法掌握一般
Tiger460,1V1,Rocio,L000030,2026-04-25,周六,sábado,Saturday,10:00,15:00,+5h,1.0,听力,4,课堂参与积极
Tiger_460,私教,Rocio,L000031,2026-05-02,周六,sábado,Saturday,10:00,16:00,+6h,1.67,听力,8,语法掌握一般
Tiger_460,1V1,Rocio,L000032,2026-05-09,周六,sábado,Saturday,10:00,16:00,+6h,2.0,口语,3,需要加强口语练习
Tiger_460,1V1,Rocio,L000033,2026年5月16日,周六,sábado,Saturday,10:00,16:00,+6h,1.5,语法,7,需要加强口语练习
Tiger_460,私教,Rocio,L000034,2026年5月23日,周六,sábado,Saturday,10:00,16:00,+6h,1.67,听力,1,需要加强口语练习
Tiger_460,一对一,Rocio,L000035,2026-05-30,周六,sábado,Saturday,10:00,16:00,+6h,1.5,口语,4,需要加强口语练习
Tiger_460,1V1,Rocio,L000036,2026年6月6日,周六,sábado,Saturday,10:00,16:00,+6h,1.0,语法,10,语法掌握一般
Tiger_460,1V1,Rocio,L000037,2026/06/13,周六,sábado,Saturday,10:00,16:00,+6h,1.0,复习,8,语法掌握一般
Tiger_460（教务）,私教,Rocio,L000038,06/20/2026,周六,sábado,Saturday,10:00,18:00,+8h,1.67,听力,13,需要加强口语练习
Tiger_460（教务）,1V1,Rocio,L000039,2026-06-27,周六,sábado,Saturday,10:00,16:00,+6h,1.0,复习,9,语法掌握一般
Tiger460,一对一,Rocio,L000040,2026-07-04,周六,sábado,Saturday,10:00,16:00,+6h,1.67,复习,13,完成本节内容
Tiger_460,1V1,Rocio,L000041,2026年7月11日,周六,sábado,Saturday,10:00,16:00,+6h,1.0,口语,4,课堂参与积极
Tiger_460,1V1,Rocio,L000042,2026-07-18,周六,sábado,Saturday,10:00,16:00,+6h,1.0,阅读,11,完成本节内容
Tiger460,一对一,Rocio,L000043,07/25/2026,周六,sábado,Saturday,10:00,14:00,+4h,1.0,口语,5,完成本节内容
Tiger_460,一对一,Rocio,L000044,2026年8月1日,周六,sábado,Saturday,10:00,16:00,+6h,2.0,听力,1,课堂参与积极
Tiger_460,一对一,Rocio,L000045,08/08/2026,周六,sábado,Saturday,10:00,16:00,+6h,1.0,口语,13,语法掌握一般
Tiger_460,私教,Rocio（教务）,L000046,2026-08-15,周六,sábado,Saturday,10:00,15:00,+5h,1.0,语法,8,语法掌握一般
Tiger_460,一对一,Rocio,L000047,2026-08-22,周六,sábado,Saturday,10:00,16:00,+6h,1.0,语法,9,课堂参与积极
Tiger_460,1V1,Rocio,L000048,2026-08-29,周六,sábado,Saturday,10:00,16:00,+6h,1.5,语法,4,完成本节内容
Alice_149,小组课,Natalia,L000049,2025-11-15,周六,sábado,Saturday,18:00,17:00,-1h,1.67,语法,8,语法掌握一般
Sarah_298,小组课,Natalia,L000049,2025年11月15日,周六,sábado,Saturday,18:00,01:00,+7h,1.67,口语,13,语法掌握一般
Alice_149,班课,Natalia,L000050,2025/11/22,周六,sábado,Saturday,18:00,17:00,-1h,1.0,语法,11,语法掌握一般
Sarah298,班课,Natalia,L000050,11/22/2025,周六,sábado,Saturday,18:00,01:00,+7h,1.0,听力,5,语法掌握一般
Alice149,小组课,Natalia,L000051,2025/11/29,周六,sábado,Saturday,18:00,17:00,-1h,1.67,阅读,6,完成本节内容
Sarah_298,小组课,Natalia,L000051,2025-11-29,周六,sábado,Saturday,18:00,02:00,+8h,1.67,阅读,7,完成本节内容
Alice_149,班课,Natalia,L000052,2025-12-06,周六,sábado,Saturday,18:00,17:00,-1h,1.0,复习,6,语法掌握一般
Sarah298,班课,Natalia,L000052,2025-12-06,周六,sábado,Saturday,18:00,01:00,+7h,1.0,语法,4,语法掌握一般
Alice_149（教务）,小组课,Natalia,L000053,2025/12/13,周六,sábado,Saturday,18:00,16:00,-2h,1.0,语法,10,完成本节内容
Sarah298,小组课,Natalia,L000053,12/13/2025,周六,sábado,Saturday,18:00,04:00,+10h,1.0,口语,1,完成本节内容
Alice_149,班课,Natalia（教务）,L000054,2025年12月20日,周六,sábado,Saturday,18:00,17:00,-1h,2.0,语法,8,课堂参与积极
Sarah298,小组课,Natalia,L000054,2025/12/20,周六,sábado,Saturday,18:00,01:00,+7h,2.0,阅读,8,课堂参与积极
Alice_149,班课,Natalia,L000055,2025-12-27,周六,sábado,Saturday,18:00,17:00,-1h,1.67,语法,14,需要加强口语练习
Sarah_298,班课,Natalia（教务）,L000055,2025-12-27,周六,sábado,Saturday,18:00,01:00,+7h,1.67,口语,7,需要加强口语练习
Alice_149,班课,Natalia（教务）,L000056,2026年1月3日,周六,sábado,Saturday,18:00,17:00,-1h,1.0,阅读,10,完成本节内容
Sarah_298,小组课,Natalia（教务）,L000056,01/03/2026,周六,sábado,Saturday,18:00,01:00,+7h,1.0,阅读,4,完成本节内容
Alice_149,班课,Natalia,L000057,2026/01/10,周六,sábado,Saturday,18:00,17:00,-1h,2.0,语法,12,完成本节内容
Sarah_298,班课,Natalia,L000057,2026-01-10,周六,sábado,Saturday,18:00,01:00,+7h,2.0,阅读,9,完成本节内容
Alice_149,班课,Natalia,L000058,2026/01/17,周六,sábado,Saturday,18:00,16:00,-2h,1.67,语法,3,
Sarah_298,小组课,Natalia,L000058,2026-01-17,周六,sábado,Saturday,18:00,01:00,+7h,1.67,阅读,14,
Alice_149,小组课,Natalia,L000059,2026年1月24日,周六,sábado,Saturday,18:00,17:00,-1h,1.67,复习,8,完成本节内容
Sarah_298,班课,Natalia,L000059,2026/01/24,周六,sábado,Saturday,18:00,01:00,+7h,1.67,复习,2,完成本节内容
Alice_149,小组课,Natalia,L000060,2026-01-31,周六,sábado,Saturday,18:00,17:00,-1h,1.0,语法,14,课堂参与积极
Sarah_298,小组课,Natalia,L000060,01/31/2026,周六,sábado,Saturday,18:00,01:00,+7h,1.0,听力,13,课堂参与积极
Alice_149,小组课,Natalia,L000061,02/07/2026,周六,sábado,Saturday,18:00,17:00,-1h,1.0,语法,7,需要加强口语练习
Sarah298,小组课,Natalia（教务）,L000061,2026-02-07,周六,sábado,Saturday,18:00,01:00,+7h,1.0,口语,6,需要加强口语练习
Alice_149,班课,Natalia,L000062,2026-02-14,周六,sábado,Saturday,18:00,17:00,-1h,1.0,口语,14,需要加强口语练习
Sarah_298,班课,Natalia,L000062,2026年2月14日,周六,sábado,Saturday,18:00,01:00,+7h,1.0,语法,6,需要加强口语练习
Alice_149,小组课,Natalia,L000063,2026年2月21日,周六,sábado,Saturday,18:00,17:00,-1h,1.67,语法,6,课堂参与积极
Sarah_298,班课,Natalia,L000063,2026年2月21日,周六,sábado,Saturday,18:00,01:00,+7h,1.67,复习,4,课堂参与积极
Alice149,班课,Natalia,L000064,2026/02/28,周六,sábado,Saturday,18:00,17:00,-1h,1.0,复习,7,完成本节内容
Sarah_298,小组课,Natalia,L000064,2026/02/28,周六,sábado,Saturday,18:00,01:00,+7h,1.0,口语,7,完成本节内容
Alice_149,小组课,Natalia（教务）,L000065,2026-03-07,周六,sábado,Saturday,18:00,17:00,-1h,2.0,复习,5,需要加强口语练习
Sarah_298,班课,Natalia,L000065,2026/03/07,周六,sábado,Saturday,18:00,01:00,+7h,2.0,口语,4,需要加强口语练习
Alice149,小组课,Natalia,L000066,2026年3月14日,周六,sábado,Saturday,18:00,18:00,+0h,1.0,复习,4,需要加强口语练习
Sarah298,小组课,Natalia,L000066,03/14/2026,周六,sábado,Saturday,18:00,04:00,+10h,1.0,听力,1,需要加强口语练习
Alice_149,班课,Natalia（教务）,L000067,03/21/2026,周六,sábado,Saturday,18:00,17:00,-1h,1.67,口语,12,语法掌握一般
Sarah_298（教务）,班课,Natalia,L000067,2026-03-21,周六,sábado,Saturday,18:00,23:00,+5h,1.67,口语,7,语法掌握一般
Alice_149,班课,Natalia,L000068,2026-03-28,周六,sábado,Saturday,18:00,17:00,-1h,1.0,复习,3,完成本节内容
Sarah_298,班课,Natalia,L000068,2026/03/28,周六,sábado,Saturday,18:00,01:00,+7h,1.0,复习,12,完成本节内容
Alice149,小组课,Natalia,L000069,2026/04/04,周六,sábado,Saturday,18:00,17:00,-1h,1.0,语法,2,需要加强口语练习
Sarah_298,班课,Natalia,L000069,2026/04/04,周六,sábado,Saturday,18:00,00:00,+6h,1.0,复习,4,需要加强口语练习
Alice_149,小组课,Natalia,L000070,04/11/2026,周六,sábado,Saturday,18:00,17:00,-1h,2.0,语法,11,完成本节内容
Sarah_298,小组课,Natalia（教务）,L000070,2026-04-11,周六,sábado,Saturday,18:00,00:00,+6h,2.0,语法,8,完成本节内容
Alice149,班课,Natalia,L000071,04/18/2026,周六,sábado,Saturday,18:00,18:00,+0h,1.5,语法,10,完成本节内容
Sarah_298,班课,Natalia（教务）,L000071,04/18/2026,周六,sábado,Saturday,18:00,00:00,+6h,1.5,口语,2,完成本节内容
Alice_149,班课,Natalia,L000072,2026-04-25,周六,sábado,Saturday,18:00,17:00,-1h,1.0,听力,13,课堂参与积极
Sarah_298,班课,Natalia,L000072,2026-04-25,周六,sábado,Saturday,18:00,00:00,+6h,1.0,口语,3,课堂参与积极
Alice_149,小组课,Natalia,L000073,2026年5月2日,周六,sábado,Saturday,18:00,17:00,-1h,1.5,复习,6,课堂参与积极
Sarah_298,班课,Natalia,L000073,2026/05/02,周六,sábado,Saturday,18:00,00:00,+6h,1.5,复习,3,课堂参与积极
Alice_149（教务）,班课,Natalia,L000074,2026-05-09,周六,sábado,Saturday,18:00,17:00,-1h,1.0,复习,10,完成本节内容
Sarah298,班课,Natalia,L000074,05/09/2026,周六,sábado,Saturday,18:00,00:00,+6h,1.0,复习,4,完成本节内容
Alice_149,小组课,Natalia,L000075,2026年5月16日,周六,sábado,Saturday,18:00,20:00,+2h,2.0,听力,13,完成本节内容
Sarah_298,班课,Natalia,L000075,2026/05/16,周六,sábado,Saturday,18:00,00:00,+6h,2.0,语法,5,完成本节内容
Alice149,小组课,Natalia,L000076,2026/05/23,周六,sábado,Saturday,18:00,17:00,-1h,1.0,语法,7,完成本节内容
Sarah_298,班课,Natalia,L000076,2026-05-23,周六,sábado,Saturday,18:00,00:00,+6h,1.0,语法,13,完成本节内容
Alice_149,班课,Natalia（教务）,L000077,2026/05/30,周六,sábado,Saturday,18:00,17:00,-1h,1.67,阅读,3,语法掌握一般
Sarah_298,班课,Natalia,L000077,2026-05-30,周六,sábado,Saturday,18:00,00:00,+6h,1.67,复习,10,语法掌握一般
Alice_149,小组课,Natalia,L000078,2026年6月6日,周六,sábado,Saturday,18:00,18:00,+0h,1.67,语法,5,需要加强口语练习
Sarah_298,班课,Natalia,L000078,2026/06/06,周六,sábado,Saturday,18:00,00:00,+6h,1.67,复习,11,需要加强口语练习
Alice_149,小组课,Natalia,L000079,2026-06-13,周六,sábado,Saturday,18:00,17:00,-1h,1.0,语法,14,语法掌握一般
Sarah_298（教务）,小组课,Natalia,L000079,2026-06-13,周六,sábado,Saturday,18:00,00:00,+6h,1.0,阅读,13,语法掌握一般
Alice149,班课,Natalia（教务）,L000080,2026-06-20,周六,sábado,Saturday,18:00,17:00,-1h,1.67,阅读,9,课堂参与积极
Sarah_298,班课,Natalia（教务）,L000080,2026/06/20,周六,sábado,Saturday,18:00,00:00,+6h,1.67,听力,8,课堂参与积极
Alice_149,班课,Natalia,L000081,2026/06/27,周六,sábado,Saturday,18:00,17:00,-1h,1.0,口语,11,完成本节内容
Sarah_298,班课,Natalia,L000081,2026-06-27,周六,sábado,Saturday,18:00,00:00,+6h,1.0,听力,6,完成本节内容
Alice_149（教务）,小组课,Natalia,L000082,2026-07-04,周六,sábado,Saturday,18:00,17:00,-1h,1.0,口语,5,
Sarah298,班课,Natalia,L000082,2026/07/04,周六,sábado,Saturday,18:00,00:00,+6h,1.0,口语,5,
Alice_149,小组课,Natalia,L000083,2026-07-11,周六,sábado,Saturday,18:00,17:00,-1h,1.5,口语,8,
Sarah_298（教务）,班课,Natalia,L000083,2026-07-11,周六,sábado,Saturday,18:00,23:00,+5h,1.5,复习,2,
Alice_149,小组课,Natalia,L000084,2026/07/18,周六,sábado,Saturday,18:00,17:00,-1h,2.0,语法,3,需要加强口语练习
Sarah_298（教务）,小组课,Natalia,L000084,2026/07/18,周六,sábado,Saturday,18:00,00:00,+6h,2.0,复习,6,需要加强口语练习
Alice_149（教务）,班课,Natalia,L000085,2026-07-25,周六,sábado,Saturday,18:00,17:00,-1h,1.0,复习,13,课堂参与积极
Sarah298,小组课,Natalia,L000085,2026-07-25,周六,sábado,Saturday,18:00,00:00,+6h,1.0,听力,1,课堂参与积极
Alice149,班课,Natalia,L000086,08/01/2026,周六,sábado,Saturday,18:00,17:00,-1h,1.67,口语,3,完成本节内容
Sarah_298,小组课,Natalia（教务）,L000086,2026-08-01,周六,sábado,Saturday,18:00,00:00,+6h,1.67,阅读,4,完成本节内容
Alice_149,班课,Natalia,L000087,2026-08-08,周六,sábado,Saturday,18:00,17:00,-1h,2.0,复习,3,需要加强口语练习
Sarah_298,小组课,Natalia,L000087,2026-08-08,周六,sábado,Saturday,18:00,22:00,+4h,2.0,阅读,12,需要加强口语练习
Alice_149,小组课,Natalia,L000088,2026-08-15,周六,sábado,Saturday,18:00,17:00,-1h,1.5,口语,6,完成本节内容
Sarah_298（教务）,班课,Natalia,L000088,2026-08-15,周六,sábado,Saturday,18:00,00:00,+6h,1.5,口语,7,完成本节内容
Alice_149,班课,Natalia,L000089,2026-08-22,周六,sábado,Saturday,18:00,17:00,-1h,1.67,听力,8,需要加强口语练习
Sarah_298,班课,Natalia,L000089,2026/08/22,周六,sábado,Saturday,18:00,00:00,+6h,1.67,阅读,13,需要加强口语练习
Alice_149,小组课,Natalia,L000090,2026/08/29,周六,sábado,Saturday,18:00,17:00,-1h,1.67,口语,10,完成本节内容
Sarah_298,班课,Natalia,L000090,08/29/2026,周六,sábado,Saturday,18:00,23:00,+5h,1.67,语法,14,完成本节内容
Nina_345,小组课,Carlos,L000091,2025年5月1日,周四,jueves,Thursday,17:00,17:00,+0h,1.5,口语,4,语法掌握一般
Tommy_054,班课,Carlos,L000091,2025-05-01,周四,jueves,Thursday,17:00,23:00,+6h,1.5,听力,14,语法掌握一般
Nina345,班课,Carlos,L000092,2025/05/08,周四,jueves,Thursday,17:00,16:00,-1h,1.67,语法,11,课堂参与积极
Tommy_054,小组课,Carlos,L000092,2025/05/08,周四,jueves,Thursday,17:00,00:00,+7h,1.67,口语,4,课堂参与积极
Nina345,班课,Carlos,L000093,2025/05/15,周四,jueves,Thursday,17:00,17:00,+0h,1.67,口语,8,完成本节内容
Tommy_054,班课,Carlos,L000093,2025年5月15日,周四,jueves,Thursday,17:00,23:00,+6h,1.67,口语,12,完成本节内容
Nina_345,班课,Carlos,L000094,2025-05-22,周四,jueves,Thursday,17:00,17:00,+0h,1.67,听力,1,需要加强口语练习
Tommy_054,小组课,Carlos,L000094,2025-05-22,周四,jueves,Thursday,17:00,23:00,+6h,1.67,阅读,4,需要加强口语练习
Nina_345,小组课,Carlos,L000095,2025-05-29,周四,jueves,Thursday,17:00,16:00,-1h,2.0,语法,1,语法掌握一般
Tommy_054,小组课,Carlos,L000095,2025-05-29,周四,jueves,Thursday,17:00,23:00,+6h,2.0,语法,7,语法掌握一般
Nina_345（教务）,班课,Carlos,L000096,06/05/2025,周四,jueves,Thursday,17:00,17:00,+0h,1.0,语法,11,需要加强口语练习
Tommy_054,班课,Carlos,L000096,2025年6月5日,周四,jueves,Thursday,17:00,23:00,+6h,1.0,阅读,6,需要加强口语练习
Nina_345,班课,Carlos,L000097,2025/06/12,周四,jueves,Thursday,17:00,17:00,+0h,1.67,口语,6,完成本节内容
Tommy_054,班课,Carlos,L000097,06/12/2025,周四,jueves,Thursday,17:00,23:00,+6h,1.67,阅读,7,完成本节内容
Nina_345,小组课,Carlos,L000098,2025年6月19日,周四,jueves,Thursday,17:00,17:00,+0h,1.0,听力,13,完成本节内容
Tommy_054（教务）,小组课,Carlos（教务）,L000098,2025-06-19,周四,jueves,Thursday,17:00,22:00,+5h,1.0,语法,3,完成本节内容
Nina_345,班课,Carlos,L000099,2025-06-26,周四,jueves,Thursday,17:00,17:00,+0h,1.5,听力,10,完成本节内容
Tommy_054,小组课,Carlos,L000099,06/26/2025,周四,jueves,Thursday,17:00,23:00,+6h,1.5,口语,13,完成本节内容
Nina345,小组课,Carlos,L000100,2025-07-03,周四,jueves,Thursday,17:00,17:00,+0h,1.67,复习,5,完成本节内容
Tommy_054（教务）,小组课,Carlos,L000100,2025-07-03,周四,jueves,Thursday,17:00,23:00,+6h,1.67,听力,12,完成本节内容
Nina_345,班课,Carlos,L000101,2025-07-10,周四,jueves,Thursday,17:00,17:00,+0h,1.5,复习,12,完成本节内容
Tommy_054,班课,Carlos,L000101,07/10/2025,周四,jueves,Thursday,17:00,23:00,+6h,1.5,语法,4,完成本节内容
Nina_345（教务）,班课,Carlos,L000102,2025-07-17,周四,jueves,Thursday,17:00,17:00,+0h,2.0,语法,7,需要加强口语练习
Tommy_054,小组课,Carlos,L000102,2025-07-17,周四,jueves,Thursday,17:00,23:00,+6h,2.0,语法,8,需要加强口语练习
Nina_345,班课,Carlos,L000103,2025/07/24,周四,jueves,Thursday,17:00,17:00,+0h,1.67,听力,12,需要加强口语练习
Tommy_054,小组课,Carlos,L000103,2025/07/24,周四,jueves,Thursday,17:00,23:00,+6h,1.67,复习,8,需要加强口语练习
Nina_345,班课,Carlos,L000104,2025/07/31,周四,jueves,Thursday,17:00,16:00,-1h,1.0,口语,5,课堂参与积极
Tommy_054,班课,Carlos,L000104,2025年7月31日,周四,jueves,Thursday,17:00,23:00,+6h,1.0,口语,9,课堂参与积极
Nina_345,小组课,Carlos,L000105,2025-08-07,周四,jueves,Thursday,17:00,17:00,+0h,1.67,口语,12,语法掌握一般
Tommy_054,小组课,Carlos,L000105,08/07/2025,周四,jueves,Thursday,17:00,23:00,+6h,1.67,语法,4,语法掌握一般
Nina345,小组课,Carlos,L000106,2025/08/14,周四,jueves,Thursday,17:00,17:00,+0h,1.0,语法,4,需要加强口语练习
Tommy_054,班课,Carlos（教务）,L000106,2025年8月14日,周四,jueves,Thursday,17:00,01:00,+8h,1.0,阅读,2,需要加强口语练习
Nina_345,班课,Carlos,L000107,08/21/2025,周四,jueves,Thursday,17:00,17:00,+0h,1.0,语法,1,语法掌握一般
Tommy_054,小组课,Carlos,L000107,2025/08/21,周四,jueves,Thursday,17:00,00:00,+7h,1.0,阅读,4,语法掌握一般
Nina_345,小组课,Carlos（教务）,L000108,2025/08/28,周四,jueves,Thursday,17:00,17:00,+0h,1.0,复习,13,课堂参与积极
Tommy_054,班课,Carlos,L000108,2025-08-28,周四,jueves,Thursday,17:00,23:00,+6h,1.0,阅读,13,课堂参与积极
Nina_345,小组课,Carlos,L000109,2025-09-04,周四,jueves,Thursday,17:00,17:00,+0h,1.0,复习,7,完成本节内容
Tommy_054,小组课,Carlos,L000109,2025-09-04,周四,jueves,Thursday,17:00,23:00,+6h,1.0,语法,5,完成本节内容
Nina_345,班课,Carlos,L000110,2025-09-11,周四,jueves,Thursday,17:00,17:00,+0h,1.0,阅读,12,课堂参与积极
Tommy_054,小组课,Carlos,L000110,2025-09-11,周四,jueves,Thursday,17:00,23:00,+6h,1.0,语法,13,课堂参与积极
Nina345,小组课,Carlos,L000111,2025-09-18,周四,jueves,Thursday,17:00,17:00,+0h,1.0,语法,5,完成本节内容
Tommy_054,班课,Carlos（教务）,L000111,2025-09-18,周四,jueves,Thursday,17:00,23:00,+6h,1.0,口语,12,完成本节内容
Nina_345,小组课,Carlos,L000112,2025年9月25日,周四,jueves,Thursday,17:00,15:00,-2h,1.67,语法,5,课堂参与积极
Tommy_054,小组课,Carlos（教务）,L000112,2025-09-25,周四,jueves,Thursday,17:00,23:00,+6h,1.67,听力,13,课堂参与积极
Nina345,班课,Carlos,L000113,2025-10-02,周四,jueves,Thursday,17:00,17:00,+0h,1.67,听力,9,完成本节内容
Tommy_054,班课,Carlos,L000113,2025/10/02,周四,jueves,Thursday,17:00,23:00,+6h,1.67,复习,2,完成本节内容
Nina_345,班课,Carlos,L000114,2025年10月9日,周四,jueves,Thursday,17:00,17:00,+0h,1.0,听力,13,课堂参与积极
Tommy_054,班课,Carlos,L000114,2025-10-09,周四,jueves,Thursday,17:00,22:00,+5h,1.0,听力,7,课堂参与积极
Nina345,班课,Carlos,L000115,2025/10/16,周四,jueves,Thursday,17:00,17:00,+0h,2.0,语法,4,语法掌握一般
Tommy_054,班课,Carlos,L000115,10/16/2025,周四,jueves,Thursday,17:00,23:00,+6h,2.0,口语,12,语法掌握一般
Nina_345（教务）,班课,Carlos,L000116,2025-10-23,周四,jueves,Thursday,17:00,17:00,+0h,1.0,语法,13,完成本节内容
Tommy_054,班课,Carlos,L000116,2025/10/23,周四,jueves,Thursday,17:00,23:00,+6h,1.0,口语,10,完成本节内容
Nina_345,班课,Carlos,L000117,2025/10/30,周四,jueves,Thursday,17:00,17:00,+0h,1.67,语法,10,完成本节内容
Tommy_054,班课,Carlos,L000117,2025-10-30,周四,jueves,Thursday,17:00,03:00,+10h,1.67,阅读,13,完成本节内容
Nina_345,班课,Carlos（教务）,L000118,2025-11-06,周四,jueves,Thursday,17:00,17:00,+0h,2.0,口语,8,需要加强口语练习
Tommy_054,小组课,Carlos,L000118,2025-11-06,周四,jueves,Thursday,17:00,00:00,+7h,2.0,口语,3,需要加强口语练习
Nina_345,小组课,Carlos,L000119,2025年11月13日,周四,jueves,Thursday,17:00,17:00,+0h,1.0,听力,8,
Tommy_054,小组课,Carlos,L000119,2025-11-13,周四,jueves,Thursday,17:00,00:00,+7h,1.0,阅读,9,
Nina_345,班课,Carlos,L000120,2025-11-20,周四,jueves,Thursday,17:00,17:00,+0h,1.0,口语,2,需要加强口语练习
Tommy054,小组课,Carlos,L000120,2025-11-20,周四,jueves,Thursday,17:00,00:00,+7h,1.0,复习,7,需要加强口语练习
Nina_345（教务）,小组课,Carlos（教务）,L000121,2025-11-27,周四,jueves,Thursday,17:00,17:00,+0h,1.0,口语,12,需要加强口语练习
Tommy054,小组课,Carlos,L000121,11/27/2025,周四,jueves,Thursday,17:00,00:00,+7h,1.0,口语,3,需要加强口语练习
Nina_345,小组课,Carlos,L000122,2025-12-04,周四,jueves,Thursday,17:00,19:00,+2h,1.67,语法,4,需要加强口语练习
Tommy_054,小组课,Carlos,L000122,2025/12/04,周四,jueves,Thursday,17:00,00:00,+7h,1.67,阅读,12,需要加强口语练习
Nina_345,班课,Carlos,L000123,12/11/2025,周四,jueves,Thursday,17:00,17:00,+0h,1.67,阅读,13,语法掌握一般
Tommy_054,小组课,Carlos（教务）,L000123,2025/12/11,周四,jueves,Thursday,17:00,00:00,+7h,1.67,口语,14,语法掌握一般
Nina_345,小组课,Carlos,L000124,2025/12/18,周四,jueves,Thursday,17:00,17:00,+0h,1.67,口语,5,需要加强口语练习
Tommy054,班课,Carlos,L000124,2025-12-18,周四,jueves,Thursday,17:00,00:00,+7h,1.67,语法,3,需要加强口语练习
Nina_345,小组课,Carlos,L000125,2025-12-25,周四,jueves,Thursday,17:00,17:00,+0h,1.67,阅读,7,语法掌握一般
Tommy054,班课,Carlos,L000125,2025-12-25,周四,jueves,Thursday,17:00,02:00,+9h,1.67,口语,10,语法掌握一般
Nina_345,班课,Carlos,L000126,2026/01/01,周四,jueves,Thursday,17:00,17:00,+0h,1.0,阅读,9,需要加强口语练习
Tommy_054,小组课,Carlos,L000126,2026-01-01,周四,jueves,Thursday,17:00,00:00,+7h,1.0,听力,13,需要加强口语练习
Nina345,班课,Carlos,L000127,2026-01-08,周四,jueves,Thursday,17:00,17:00,+0h,1.0,口语,6,需要加强口语练习
Tommy_054,班课,Carlos,L000127,2026年1月8日,周四,jueves,Thursday,17:00,00:00,+7h,1.0,语法,10,需要加强口语练习
Nina_345,班课,Carlos,L000128,01/15/2026,周四,jueves,Thursday,17:00,17:00,+0h,1.67,听力,14,语法掌握一般
Tommy_054,班课,Carlos,L000128,2026-01-15,周四,jueves,Thursday,17:00,00:00,+7h,1.67,复习,14,语法掌握一般
Nina_345,小组课,Carlos,L000129,2026/01/22,周四,jueves,Thursday,17:00,17:00,+0h,2.0,语法,5,需要加强口语练习
Tommy_054,班课,Carlos,L000129,2026-01-22,周四,jueves,Thursday,17:00,00:00,+7h,2.0,口语,6,需要加强口语练习
Nina345,小组课,Carlos,L000130,2026-01-29,周四,jueves,Thursday,17:00,17:00,+0h,1.5,听力,4,
Tommy_054,小组课,Carlos（教务）,L000130,2026-01-29,周四,jueves,Thursday,17:00,00:00,+7h,1.5,语法,6,
Nina_345,小组课,Carlos,L000131,2026-02-05,周四,jueves,Thursday,17:00,17:00,+0h,1.0,阅读,10,课堂参与积极
Tommy_054,班课,Carlos,L000131,2026/02/05,周四,jueves,Thursday,17:00,00:00,+7h,1.0,阅读,9,课堂参与积极
Nina_345,班课,Carlos,L000132,2026年2月12日,周四,jueves,Thursday,17:00,16:00,-1h,2.0,语法,6,语法掌握一般
Tommy_054,小组课,Carlos,L000132,2026-02-12,周四,jueves,Thursday,17:00,00:00,+7h,2.0,阅读,7,语法掌握一般
Nina_345,小组课,Carlos,L000133,2026年2月19日,周四,jueves,Thursday,17:00,17:00,+0h,1.0,阅读,3,课堂参与积极
Tommy_054,小组课,Carlos,L000133,2026年2月19日,周四,jueves,Thursday,17:00,00:00,+7h,1.0,复习,4,课堂参与积极
Nina_345,班课,Carlos,L000134,2026-02-26,周四,jueves,Thursday,17:00,17:00,+0h,2.0,阅读,6,课堂参与积极
Tommy_054,小组课,Carlos,L000134,2026/02/26,周四,jueves,Thursday,17:00,00:00,+7h,2.0,阅读,13,课堂参与积极
Nina345,小组课,Carlos,L000135,2026年3月5日,周四,jueves,Thursday,17:00,17:00,+0h,1.67,口语,8,
Tommy_054,班课,Carlos,L000135,2026/03/05,周四,jueves,Thursday,17:00,00:00,+7h,1.67,复习,8,
Nina345,班课,Carlos,L000136,2026年3月12日,周四,jueves,Thursday,17:00,17:00,+0h,1.5,语法,10,课堂参与积极
Tommy_054,班课,Carlos,L000136,03/12/2026,周四,jueves,Thursday,17:00,00:00,+7h,1.5,语法,14,课堂参与积极
Nina_345,班课,Carlos,L000137,2026年3月19日,周四,jueves,Thursday,17:00,17:00,+0h,1.0,口语,6,语法掌握一般
Tommy_054（教务）,小组课,Carlos,L000137,2026/03/19,周四,jueves,Thursday,17:00,00:00,+7h,1.0,语法,1,语法掌握一般
Nina_345,小组课,Carlos,L000138,2026/03/26,周四,jueves,Thursday,17:00,17:00,+0h,1.67,语法,13,课堂参与积极
Tommy_054,小组课,Carlos,L000138,2026-03-26,周四,jueves,Thursday,17:00,00:00,+7h,1.67,口语,9,课堂参与积极
Nina345,班课,Carlos,L000139,2026/04/02,周四,jueves,Thursday,17:00,18:00,+1h,1.5,口语,14,需要加强口语练习
Tommy054,小组课,Carlos,L000139,2026-04-02,周四,jueves,Thursday,17:00,23:00,+6h,1.5,听力,7,需要加强口语练习
Nina_345,班课,Carlos,L000140,2026-04-09,周四,jueves,Thursday,17:00,17:00,+0h,1.0,语法,9,完成本节内容
Tommy_054,小组课,Carlos,L000140,2026-04-09,周四,jueves,Thursday,17:00,23:00,+6h,1.0,听力,13,完成本节内容
Nina345,班课,Carlos,L000141,2026-04-16,周四,jueves,Thursday,17:00,17:00,+0h,1.0,阅读,10,语法掌握一般
Tommy_054,班课,Carlos,L000141,2026-04-16,周四,jueves,Thursday,17:00,23:00,+6h,1.0,口语,14,语法掌握一般
Nina345,班课,Carlos,L000142,2026-04-23,周四,jueves,Thursday,17:00,17:00,+0h,1.0,听力,8,
Tommy_054,班课,Carlos,L000142,2026年4月23日,周四,jueves,Thursday,17:00,23:00,+6h,1.0,阅读,5,
Nina345,小组课,Carlos,L000143,2026/04/30,周四,jueves,Thursday,17:00,17:00,+0h,2.0,听力,3,需要加强口语练习
Tommy054,小组课,Carlos,L000143,2026-04-30,周四,jueves,Thursday,17:00,23:00,+6h,2.0,复习,9,需要加强口语练习
Nina_345,班课,Carlos,L000144,2026-05-07,周四,jueves,Thursday,17:00,16:00,-1h,1.0,阅读,14,课堂参与积极
Tommy_054,小组课,Carlos,L000144,2026年5月7日,周四,jueves,Thursday,17:00,23:00,+6h,1.0,口语,11,课堂参与积极
Nina_345,班课,Carlos,L000145,05/14/2026,周四,jueves,Thursday,17:00,20:00,+3h,1.0,语法,8,完成本节内容
Tommy_054,小组课,Carlos（教务）,L000145,2026/05/14,周四,jueves,Thursday,17:00,23:00,+6h,1.0,听力,1,完成本节内容
Nina_345,班课,Carlos,L000146,05/21/2026,周四,jueves,Thursday,17:00,17:00,+0h,1.0,听力,1,课堂参与积极
Tommy_054,小组课,Carlos,L000146,2026-05-21,周四,jueves,Thursday,17:00,23:00,+6h,1.0,语法,14,课堂参与积极
Nina_345,小组课,Carlos,L000147,2026年5月28日,周四,jueves,Thursday,17:00,17:00,+0h,1.0,口语,12,需要加强口语练习
Tommy054,小组课,Carlos,L000147,2026-05-28,周四,jueves,Thursday,17:00,23:00,+6h,1.0,口语,6,需要加强口语练习
Nina_345（教务）,班课,Carlos,L000148,2026-06-04,周四,jueves,Thursday,17:00,17:00,+0h,1.0,语法,5,课堂参与积极
Tommy_054（教务）,班课,Carlos,L000148,06/04/2026,周四,jueves,Thursday,17:00,23:00,+6h,1.0,复习,9,课堂参与积极
Nina_345,班课,Carlos,L000149,06/11/2026,周四,jueves,Thursday,17:00,17:00,+0h,2.0,阅读,13,需要加强口语练习
Tommy_054,班课,Carlos,L000149,2026-06-11,周四,jueves,Thursday,17:00,23:00,+6h,2.0,听力,4,需要加强口语练习
Nina_345（教务）,班课,Carlos,L000150,06/18/2026,周四,jueves,Thursday,17:00,17:00,+0h,1.0,阅读,7,语法掌握一般
Tommy_054,班课,Carlos,L000150,2026-06-18,周四,jueves,Thursday,17:00,23:00,+6h,1.0,语法,4,语法掌握一般
Nina345,小组课,Carlos,L000151,06/25/2026,周四,jueves,Thursday,17:00,17:00,+0h,2.0,复习,7,
Tommy054,小组课,Carlos,L000151,06/25/2026,周四,jueves,Thursday,17:00,23:00,+6h,2.0,听力,5,
Nina_345,班课,Carlos,L000152,2026/07/02,周四,jueves,Thursday,17:00,17:00,+0h,1.5,复习,7,完成本节内容
Tommy_054,小组课,Carlos,L000152,07/02/2026,周四,jueves,Thursday,17:00,23:00,+6h,1.5,语法,6,完成本节内容
Nina_345,小组课,Carlos,L000153,2026-07-09,周四,jueves,Thursday,17:00,17:00,+0h,1.67,阅读,4,课堂参与积极
Tommy_054,班课,Carlos,L000153,2026-07-09,周四,jueves,Thursday,17:00,23:00,+6h,1.67,口语,13,课堂参与积极
Nina_345,小组课,Carlos,L000154,2026-07-16,周四,jueves,Thursday,17:00,17:00,+0h,1.0,听力,6,课堂参与积极
Tommy_054,小组课,Carlos（教务）,L000154,2026年7月16日,周四,jueves,Thursday,17:00,23:00,+6h,1.0,语法,2,课堂参与积极
Nina_345,小组课,Carlos（教务）,L000155,2026-07-23,周四,jueves,Thursday,17:00,17:00,+0h,1.5,语法,11,课堂参与积极
Tommy_054,班课,Carlos,L000155,2026年7月23日,周四,jueves,Thursday,17:00,23:00,+6h,1.5,口语,1,课堂参与积极
Nina345,班课,Carlos（教务）,L000156,07/30/2026,周四,jueves,Thursday,17:00,17:00,+0h,2.0,口语,11,完成本节内容
Tommy054,小组课,Carlos,L000156,2026-07-30,周四,jueves,Thursday,17:00,23:00,+6h,2.0,语法,3,完成本节内容
Nina345,小组课,Carlos,L000157,2026-08-06,周四,jueves,Thursday,17:00,17:00,+0h,1.5,听力,3,完成本节内容
Tommy_054,班课,Carlos,L000157,2026-08-06,周四,jueves,Thursday,17:00,23:00,+6h,1.5,语法,9,完成本节内容
Nina345,班课,Carlos,L000158,2026/08/13,周四,jueves,Thursday,17:00,17:00,+0h,1.0,口语,5,
Tommy_054（教务）,班课,Carlos,L000158,2026/08/13,周四,jueves,Thursday,17:00,22:00,+5h,1.0,听力,10,
Nina_345,班课,Carlos,L000159,2026-08-20,周四,jueves,Thursday,17:00,17:00,+0h,1.67,阅读,4,语法掌握一般
Tommy_054,小组课,Carlos,L000159,2026/08/20,周四,jueves,Thursday,17:00,23:00,+6h,1.67,阅读,3,语法掌握一般
Nina_345,小组课,Carlos,L000160,2026年8月27日,周四,jueves,Thursday,17:00,17:00,+0h,1.0,语法,8,完成本节内容
Tommy054,小组课,Carlos,L000160,2026/08/27,周四,jueves,Thursday,17:00,23:00,+6h,1.0,语法,13,完成本节内容
Tommy304,小组课,Rocio,L000161,2026/02/09,周一,lunes,Monday,18:00,17:00,-1h,2.0,听力,7,语法掌握一般
Tommy_454,小组课,Rocio,L000161,2026-02-09,周一,lunes,Monday,18:00,01:00,+7h,2.0,复习,4,语法掌握一般
Tommy_304,小组课,Rocio,L000162,02/16/2026,周一,lunes,Monday,18:00,17:00,-1h,1.0,语法,7,课堂参与积极
Tommy_454,班课,Rocio,L000162,2026-02-16,周一,lunes,Monday,18:00,01:00,+7h,1.0,听力,11,课堂参与积极
Tommy_304,小组课,Rocio,L000163,2026/02/23,周一,lunes,Monday,18:00,17:00,-1h,1.67,阅读,12,语法掌握一般
Tommy_454,班课,Rocio,L000163,2026-02-23,周一,lunes,Monday,18:00,01:00,+7h,1.67,语法,10,语法掌握一般
Tommy304,小组课,Rocio,L000164,2026-03-02,周一,lunes,Monday,18:00,17:00,-1h,1.0,听力,14,需要加强口语练习
Tommy_454,小组课,Rocio,L000164,2026年3月2日,周一,lunes,Monday,18:00,01:00,+7h,1.0,口语,6,需要加强口语练习
Tommy_304,班课,Rocio,L000165,2026/03/09,周一,lunes,Monday,18:00,17:00,-1h,1.0,语法,11,需要加强口语练习
Tommy_454,小组课,Rocio,L000165,2026/03/09,周一,lunes,Monday,18:00,01:00,+7h,1.0,口语,1,需要加强口语练习
Tommy_304,班课,Rocio,L000166,2026-03-16,周一,lunes,Monday,18:00,17:00,-1h,1.5,阅读,11,语法掌握一般
Tommy_454（教务）,班课,Rocio,L000166,2026/03/16,周一,lunes,Monday,18:00,01:00,+7h,1.5,语法,12,语法掌握一般
Tommy_304（教务）,小组课,Rocio,L000167,2026/03/23,周一,lunes,Monday,18:00,17:00,-1h,2.0,阅读,12,语法掌握一般
Tommy_454,小组课,Rocio,L000167,2026-03-23,周一,lunes,Monday,18:00,01:00,+7h,2.0,语法,10,语法掌握一般
Tommy_304,小组课,Rocio,L000168,2026/03/30,周一,lunes,Monday,18:00,18:00,+0h,1.67,复习,11,完成本节内容
Tommy_454,小组课,Rocio,L000168,2026/03/30,周一,lunes,Monday,18:00,00:00,+6h,1.67,口语,5,完成本节内容
Tommy_304,小组课,Rocio,L000169,2026-04-06,周一,lunes,Monday,18:00,17:00,-1h,1.67,语法,6,
Tommy_454,小组课,Rocio（教务）,L000169,04/06/2026,周一,lunes,Monday,18:00,23:00,+5h,1.67,复习,1,
Tommy304,小组课,Rocio（教务）,L000170,2026/04/13,周一,lunes,Monday,18:00,17:00,-1h,1.5,语法,7,完成本节内容
Tommy_454,班课,Rocio,L000170,04/13/2026,周一,lunes,Monday,18:00,00:00,+6h,1.5,复习,13,完成本节内容
Tommy_304,小组课,Rocio,L000171,04/20/2026,周一,lunes,Monday,18:00,17:00,-1h,1.5,听力,13,需要加强口语练习
Tommy_454,小组课,Rocio,L000171,2026-04-20,周一,lunes,Monday,18:00,23:00,+5h,1.5,听力,3,需要加强口语练习
Tommy_304,班课,Rocio,L000172,2026-04-27,周一,lunes,Monday,18:00,17:00,-1h,2.0,语法,6,课堂参与积极
Tommy_454,班课,Rocio,L000172,2026-04-27,周一,lunes,Monday,18:00,00:00,+6h,2.0,复习,9,课堂参与积极
Tommy_304,小组课,Rocio,L000173,05/04/2026,周一,lunes,Monday,18:00,17:00,-1h,1.0,口语,6,完成本节内容
Tommy_454,班课,Rocio,L000173,2026-05-04,周一,lunes,Monday,18:00,00:00,+6h,1.0,口语,4,完成本节内容
Tommy_304,小组课,Rocio,L000174,2026/05/11,周一,lunes,Monday,18:00,17:00,-1h,1.5,复习,14,需要加强口语练习
Tommy_454,小组课,Rocio,L000174,2026-05-11,周一,lunes,Monday,18:00,00:00,+6h,1.5,语法,14,需要加强口语练习
Tommy304,小组课,Rocio,L000175,2026/05/18,周一,lunes,Monday,18:00,17:00,-1h,1.0,口语,11,完成本节内容
Tommy_454,班课,Rocio,L000175,2026/05/18,周一,lunes,Monday,18:00,00:00,+6h,1.0,听力,9,完成本节内容
Tommy_304,班课,Rocio,L000176,2026-05-25,周一,lunes,Monday,18:00,17:00,-1h,1.0,复习,13,完成本节内容
Tommy_454,班课,Rocio,L000176,2026-05-25,周一,lunes,Monday,18:00,00:00,+6h,1.0,口语,9,完成本节内容
Tommy_304,班课,Rocio（教务）,L000177,06/01/2026,周一,lunes,Monday,18:00,17:00,-1h,1.0,阅读,14,
Tommy_454,班课,Rocio,L000177,2026-06-01,周一,lunes,Monday,18:00,00:00,+6h,1.0,听力,4,
Tommy_304,小组课,Rocio,L000178,2026/06/08,周一,lunes,Monday,18:00,14:00,-4h,1.67,听力,5,
Tommy_454,小组课,Rocio,L000178,2026/06/08,周一,lunes,Monday,18:00,00:00,+6h,1.67,口语,6,
Tommy_304,小组课,Rocio,L000179,06/15/2026,周一,lunes,Monday,18:00,17:00,-1h,2.0,听力,1,需要加强口语练习
Tommy454,班课,Rocio,L000179,2026-06-15,周一,lunes,Monday,18:00,00:00,+6h,2.0,口语,13,需要加强口语练习
Tommy304,小组课,Rocio,L000180,06/22/2026,周一,lunes,Monday,18:00,17:00,-1h,1.67,阅读,12,课堂参与积极
Tommy_454,班课,Rocio,L000180,2026/06/22,周一,lunes,Monday,18:00,00:00,+6h,1.67,阅读,3,课堂参与积极
Tommy304,小组课,Rocio,L000181,2026-06-29,周一,lunes,Monday,18:00,17:00,-1h,1.0,口语,13,语法掌握一般
Tommy_454,小组课,Rocio,L000181,2026-06-29,周一,lunes,Monday,18:00,00:00,+6h,1.0,语法,6,语法掌握一般
Tommy304,小组课,Rocio,L000182,2026年7月6日,周一,lunes,Monday,18:00,17:00,-1h,1.67,语法,4,课堂参与积极
Tommy_454,小组课,Rocio,L000182,07/06/2026,周一,lunes,Monday,18:00,00:00,+6h,1.67,听力,10,课堂参与积极
Tommy_304,小组课,Rocio,L000183,2026-07-13,周一,lunes,Monday,18:00,17:00,-1h,2.0,口语,13,语法掌握一般
Tommy_454,小组课,Rocio,L000183,07/13/2026,周一,lunes,Monday,18:00,00:00,+6h,2.0,口语,13,语法掌握一般
Tommy304,班课,Rocio,L000184,07/20/2026,周一,lunes,Monday,18:00,17:00,-1h,1.0,语法,11,课堂参与积极
Tommy454,小组课,Rocio,L000184,2026-07-20,周一,lunes,Monday,18:00,01:00,+7h,1.0,阅读,12,课堂参与积极
Tommy_304,小组课,Rocio,L000185,2026年7月27日,周一,lunes,Monday,18:00,17:00,-1h,1.67,口语,1,
Tommy_454,小组课,Rocio,L000185,2026-07-27,周一,lunes,Monday,18:00,01:00,+7h,1.67,语法,9,
Tommy304,班课,Rocio,L000186,2026/08/03,周一,lunes,Monday,18:00,17:00,-1h,1.5,语法,5,需要加强口语练习
Tommy_454,班课,Rocio,L000186,2026-08-03,周一,lunes,Monday,18:00,00:00,+6h,1.5,听力,14,需要加强口语练习
Tommy_304,小组课,Rocio,L000187,2026-08-10,周一,lunes,Monday,18:00,17:00,-1h,1.67,口语,2,需要加强口语练习
Tommy_454,班课,Rocio,L000187,2026年8月10日,周一,lunes,Monday,18:00,23:00,+5h,1.67,语法,1,需要加强口语练习
Tommy_304（教务）,班课,Rocio,L000188,2026/08/17,周一,lunes,Monday,18:00,17:00,-1h,1.0,语法,7,课堂参与积极
Tommy_454,班课,Rocio,L000188,2026-08-17,周一,lunes,Monday,18:00,00:00,+6h,1.0,复习,6,课堂参与积极
Tommy_304,班课,Rocio,L000189,08/24/2026,周一,lunes,Monday,18:00,17:00,-1h,1.67,听力,7,
Tommy_454,班课,Rocio,L000189,2026-08-24,周一,lunes,Monday,18:00,00:00,+6h,1.67,听力,8,
Alice_099,1V1,Sandra,L000190,2026/04/28,周二,martes,Tuesday,18:00,18:00,+0h,1.0,语法,9,完成本节内容
Alice_099（教务）,一对一,Sandra,L000191,2026-05-05,周二,martes,Tuesday,18:00,18:00,+0h,1.0,语法,4,语法掌握一般
Alice_099,1V1,Sandra（教务）,L000192,2026/05/12,周二,martes,Tuesday,18:00,17:00,-1h,1.0,阅读,1,语法掌握一般
Alice_099,私教,Sandra,L000193,2026-05-19,周二,martes,Tuesday,18:00,18:00,+0h,1.67,听力,12,完成本节内容
Alice_099,1V1,Sandra,L000194,2026年5月26日,周二,martes,Tuesday,18:00,18:00,+0h,1.67,听力,14,课堂参与积极
Alice_099,私教,Sandra,L000195,2026-06-02,周二,martes,Tuesday,18:00,18:00,+0h,1.5,口语,1,语法掌握一般
Alice_099,私教,Sandra,L000196,2026/06/09,周二,martes,Tuesday,18:00,18:00,+0h,1.67,口语,14,完成本节内容
Alice_099（教务）,一对一,Sandra（教务）,L000197,2026年6月16日,周二,martes,Tuesday,18:00,18:00,+0h,1.0,口语,2,完成本节内容
Alice_099（教务）,一对一,Sandra,L000198,06/23/2026,周二,martes,Tuesday,18:00,18:00,+0h,1.5,复习,3,语法掌握一般
Alice_099,一对一,Sandra（教务）,L000199,2026-06-30,周二,martes,Tuesday,18:00,18:00,+0h,1.5,语法,7,
Alice_099（教务）,私教,Sandra,L000200,2026-07-07,周二,martes,Tuesday,18:00,18:00,+0h,1.0,复习,9,需要加强口语练习
Alice_099,私教,Sandra,L000201,2026-07-14,周二,martes,Tuesday,18:00,18:00,+0h,1.67,阅读,2,完成本节内容
Alice_099（教务）,1V1,Sandra,L000202,07/21/2026,周二,martes,Tuesday,18:00,18:00,+0h,1.67,复习,8,课堂参与积极
Alice_099（教务）,1V1,Sandra,L000203,2026年7月28日,周二,martes,Tuesday,18:00,18:00,+0h,1.0,阅读,6,完成本节内容
Alice_099,一对一,Sandra,L000204,2026-08-04,周二,martes,Tuesday,18:00,18:00,+0h,2.0,听力,14,
Alice_099,1V1,Sandra,L000205,2026/08/11,周二,martes,Tuesday,18:00,18:00,+0h,1.67,语法,5,课堂参与积极
Alice_099,私教,Sandra,L000206,2026/08/18,周二,martes,Tuesday,18:00,18:00,+0h,1.0,语法,6,
Alice_099,一对一,Sandra,L000207,2026-08-25,周二,martes,Tuesday,18:00,18:00,+0h,2.0,口语,12,语法掌握一般
Chloe181,1V1,Natalia,L000208,2026-04-11,周六,sábado,Saturday,18:00,09:00,-9h,1.0,复习,5,课堂参与积极
Chloe_181（教务）,1V1,Natalia,L000209,2026-04-18,周六,sábado,Saturday,18:00,09:00,-9h,1.0,阅读,6,课堂参与积极
Chloe_181,一对一,Natalia,L000210,2026-04-25,周六,sábado,Saturday,18:00,09:00,-9h,1.5,听力,1,完成本节内容
Chloe181,1V1,Natalia,L000211,2026-05-02,周六,sábado,Saturday,18:00,09:00,-9h,1.0,阅读,2,课堂参与积极
Chloe_181,1V1,Natalia,L000212,2026/05/09,周六,sábado,Saturday,18:00,09:00,-9h,1.67,听力,8,完成本节内容
Chloe_181,1V1,Natalia,L000213,2026-05-16,周六,sábado,Saturday,18:00,09:00,-9h,1.0,语法,14,完成本节内容
Chloe_181,私教,Natalia,L000214,2026/05/23,周六,sábado,Saturday,18:00,09:00,-9h,1.0,口语,13,完成本节内容
Chloe181,1V1,Natalia,L000215,2026-05-30,周六,sábado,Saturday,18:00,09:00,-9h,1.5,听力,5,需要加强口语练习
Chloe181,私教,Natalia,L000216,06/06/2026,周六,sábado,Saturday,18:00,09:00,-9h,2.0,复习,12,语法掌握一般
Chloe_181,私教,Natalia,L000217,2026-06-13,周六,sábado,Saturday,18:00,09:00,-9h,1.0,复习,6,
Chloe_181,私教,Natalia（教务）,L000218,06/20/2026,周六,sábado,Saturday,18:00,09:00,-9h,2.0,语法,6,完成本节内容
Chloe_181,一对一,Natalia,L000219,06/27/2026,周六,sábado,Saturday,18:00,09:00,-9h,1.0,语法,5,需要加强口语练习
Chloe_181,一对一,Natalia,L000220,2026年7月4日,周六,sábado,Saturday,18:00,09:00,-9h,1.0,语法,5,完成本节内容
Chloe_181,私教,Natalia,L000221,2026-07-11,周六,sábado,Saturday,18:00,09:00,-9h,1.0,复习,14,完成本节内容
Chloe_181（教务）,私教,Natalia,L000222,07/18/2026,周六,sábado,Saturday,18:00,09:00,-9h,1.0,听力,8,完成本节内容
Chloe_181,一对一,Natalia,L000223,2026年7月25日,周六,sábado,Saturday,18:00,09:00,-9h,1.67,口语,6,完成本节内容
Chloe_181,一对一,Natalia,L000224,2026年8月1日,周六,sábado,Saturday,18:00,09:00,-9h,1.0,复习,4,
Chloe_181,一对一,Natalia,L000225,08/08/2026,周六,sábado,Saturday,18:00,09:00,-9h,1.0,语法,13,语法掌握一般
Chloe_181,私教,Natalia,L000226,2026-08-15,周六,sábado,Saturday,18:00,08:00,-10h,1.67,口语,11,语法掌握一般
Chloe_181,一对一,Natalia（教务）,L000227,2026/08/22,周六,sábado,Saturday,18:00,09:00,-9h,2.0,阅读,3,
Chloe_181,一对一,Natalia,L000228,2026-08-29,周六,sábado,Saturday,18:00,08:00,-10h,1.67,口语,2,课堂参与积极
Ella442,1V1,Natalia（教务）,L000229,2025-04-01,周二,martes,Tuesday,16:00,22:00,+6h,1.0,口语,12,需要加强口语练习
Ella_442,一对一,Natalia,L000230,2025-04-08,周二,martes,Tuesday,16:00,22:00,+6h,1.0,阅读,9,需要加强口语练习
Ella_442,一对一,Natalia,L000231,2025/04/15,周二,martes,Tuesday,16:00,22:00,+6h,1.67,语法,12,语法掌握一般
Ella_442,一对一,Natalia,L000232,2025年4月22日,周二,martes,Tuesday,16:00,22:00,+6h,1.67,复习,5,课堂参与积极
Ella_442,私教,Natalia,L000233,2025年4月29日,周二,martes,Tuesday,16:00,22:00,+6h,1.0,阅读,3,需要加强口语练习
Ella_442,私教,Natalia,L000234,05/06/2025,周二,martes,Tuesday,16:00,22:00,+6h,1.67,语法,9,完成本节内容
Ella442,一对一,Natalia,L000235,2025-05-13,周二,martes,Tuesday,16:00,22:00,+6h,1.0,语法,2,语法掌握一般
Ella_442,一对一,Natalia（教务）,L000236,2025年5月20日,周二,martes,Tuesday,16:00,22:00,+6h,1.0,口语,13,
Ella442,一对一,Natalia,L000237,2025-05-27,周二,martes,Tuesday,16:00,22:00,+6h,1.67,语法,13,完成本节内容
Ella_442,1V1,Natalia,L000238,2025/06/03,周二,martes,Tuesday,16:00,22:00,+6h,2.0,复习,6,课堂参与积极
Ella_442（教务）,1V1,Natalia,L000239,2025-06-10,周二,martes,Tuesday,16:00,22:00,+6h,1.5,口语,7,完成本节内容
Ella442,1V1,Natalia,L000240,2025-06-17,周二,martes,Tuesday,16:00,22:00,+6h,1.0,复习,14,需要加强口语练习
Ella_442,私教,Natalia,L000241,06/24/2025,周二,martes,Tuesday,16:00,22:00,+6h,1.5,语法,4,需要加强口语练习
Ella_442,一对一,Natalia,L000242,2025/07/01,周二,martes,Tuesday,16:00,23:00,+7h,1.0,听力,11,语法掌握一般
Ella_442,一对一,Natalia,L000243,2025年7月8日,周二,martes,Tuesday,16:00,00:00,+8h,1.0,复习,4,
Ella_442（教务）,一对一,Natalia,L000244,2025-07-15,周二,martes,Tuesday,16:00,22:00,+6h,1.0,听力,7,需要加强口语练习
Ella_442（教务）,私教,Natalia,L000245,2025/07/22,周二,martes,Tuesday,16:00,22:00,+6h,1.0,语法,12,语法掌握一般
Ella_442,1V1,Natalia,L000246,2025/07/29,周二,martes,Tuesday,16:00,22:00,+6h,1.5,阅读,13,语法掌握一般
Ella_442（教务）,私教,Natalia,L000247,2025-08-05,周二,martes,Tuesday,16:00,22:00,+6h,1.0,阅读,10,需要加强口语练习
Ella_442,一对一,Natalia,L000248,2025/08/12,周二,martes,Tuesday,16:00,22:00,+6h,1.0,听力,5,完成本节内容
Ella_442,一对一,Natalia,L000249,2025/08/19,周二,martes,Tuesday,16:00,22:00,+6h,1.0,听力,8,
Ella_442,私教,Natalia,L000250,08/26/2025,周二,martes,Tuesday,16:00,22:00,+6h,1.0,口语,12,语法掌握一般
Ella_442,1V1,Natalia,L000251,2025/09/02,周二,martes,Tuesday,16:00,22:00,+6h,1.0,口语,11,完成本节内容
Ella_442,私教,Natalia,L000252,09/09/2025,周二,martes,Tuesday,16:00,22:00,+6h,1.0,阅读,11,完成本节内容
Ella_442,私教,Natalia,L000253,2025/09/16,周二,martes,Tuesday,16:00,22:00,+6h,1.0,听力,11,课堂参与积极
Ella442,私教,Natalia,L000254,09/23/2025,周二,martes,Tuesday,16:00,22:00,+6h,1.0,复习,7,需要加强口语练习
Ella_442,私教,Natalia（教务）,L000255,2025/09/30,周二,martes,Tuesday,16:00,22:00,+6h,1.5,口语,7,完成本节内容
Ella442,私教,Natalia,L000256,2025-10-07,周二,martes,Tuesday,16:00,22:00,+6h,1.0,听力,1,语法掌握一般
Ella_442（教务）,一对一,Natalia,L000257,10/14/2025,周二,martes,Tuesday,16:00,23:00,+7h,1.0,口语,1,需要加强口语练习
Ella_442（教务）,私教,Natalia,L000258,10/21/2025,周二,martes,Tuesday,16:00,22:00,+6h,1.67,口语,11,需要加强口语练习
Ella_442,私教,Natalia,L000259,2025-10-28,周二,martes,Tuesday,16:00,23:00,+7h,1.0,复习,4,完成本节内容
Ella_442,私教,Natalia,L000260,2025-11-04,周二,martes,Tuesday,16:00,23:00,+7h,1.67,阅读,11,语法掌握一般
Ella_442（教务）,私教,Natalia,L000261,2025/11/11,周二,martes,Tuesday,16:00,23:00,+7h,2.0,听力,8,需要加强口语练习
Ella_442,1V1,Natalia,L000262,2025-11-18,周二,martes,Tuesday,16:00,23:00,+7h,1.0,语法,5,完成本节内容
Ella_442,1V1,Natalia,L000263,2025年11月25日,周二,martes,Tuesday,16:00,00:00,+8h,1.5,听力,14,语法掌握一般
Ella_442,私教,Natalia,L000264,2025-12-02,周二,martes,Tuesday,16:00,23:00,+7h,1.67,口语,3,课堂参与积极
Ella_442,1V1,Natalia,L000265,2025年12月9日,周二,martes,Tuesday,16:00,23:00,+7h,1.0,语法,12,完成本节内容
Ella_442,1V1,Natalia,L000266,2025-12-16,周二,martes,Tuesday,16:00,23:00,+7h,1.0,听力,8,完成本节内容
Ella_442,一对一,Natalia,L000267,2025-12-23,周二,martes,Tuesday,16:00,23:00,+7h,1.67,语法,8,完成本节内容
Ella442,私教,Natalia,L000268,2025-12-30,周二,martes,Tuesday,16:00,23:00,+7h,1.0,口语,4,语法掌握一般
Ella_442,1V1,Natalia,L000269,2026年1月6日,周二,martes,Tuesday,16:00,23:00,+7h,1.0,语法,4,需要加强口语练习
Ella_442,1V1,Natalia,L000270,2026/01/13,周二,martes,Tuesday,16:00,23:00,+7h,1.0,口语,1,完成本节内容
Ella_442,1V1,Natalia,L000271,2026年1月20日,周二,martes,Tuesday,16:00,23:00,+7h,1.67,语法,8,需要加强口语练习
Ella_442,一对一,Natalia,L000272,2026-01-27,周二,martes,Tuesday,16:00,23:00,+7h,1.0,口语,1,需要加强口语练习
Ella_442,私教,Natalia,L000273,2026-02-03,周二,martes,Tuesday,16:00,23:00,+7h,1.67,口语,7,需要加强口语练习
Ella442,私教,Natalia,L000274,2026-02-10,周二,martes,Tuesday,16:00,23:00,+7h,1.0,口语,12,完成本节内容
Ella_442,1V1,Natalia,L000275,2026-02-17,周二,martes,Tuesday,16:00,22:00,+6h,1.5,口语,12,完成本节内容
Ella442,1V1,Natalia,L000276,2026/02/24,周二,martes,Tuesday,16:00,22:00,+6h,1.5,口语,10,需要加强口语练习
Ella_442,一对一,Natalia,L000277,2026/03/03,周二,martes,Tuesday,16:00,23:00,+7h,2.0,语法,12,课堂参与积极
Ella_442,私教,Natalia,L000278,2026/03/10,周二,martes,Tuesday,16:00,23:00,+7h,1.0,口语,1,课堂参与积极
Ella_442,私教,Natalia,L000279,2026-03-17,周二,martes,Tuesday,16:00,23:00,+7h,1.67,听力,6,完成本节内容
Ella_442,私教,Natalia,L000280,2026-03-24,周二,martes,Tuesday,16:00,23:00,+7h,1.67,复习,13,课堂参与积极
Ella_442（教务）,1V1,Natalia,L000281,2026年3月31日,周二,martes,Tuesday,16:00,00:00,+8h,1.0,阅读,13,语法掌握一般
Ella_442,一对一,Natalia,L000282,2026/04/07,周二,martes,Tuesday,16:00,22:00,+6h,1.67,语法,1,
Ella_442,私教,Natalia（教务）,L000283,2026-04-14,周二,martes,Tuesday,16:00,22:00,+6h,1.67,复习,10,完成本节内容
Ella_442,私教,Natalia,L000284,04/21/2026,周二,martes,Tuesday,16:00,22:00,+6h,1.0,听力,4,完成本节内容
Ella_442,1V1,Natalia,L000285,04/28/2026,周二,martes,Tuesday,16:00,22:00,+6h,1.5,口语,8,完成本节内容
Ella_442,一对一,Natalia,L000286,2026-05-05,周二,martes,Tuesday,16:00,22:00,+6h,1.0,语法,6,需要加强口语练习
Ella_442,私教,Natalia,L000287,2026/05/12,周二,martes,Tuesday,16:00,22:00,+6h,1.0,口语,5,完成本节内容
Ella_442（教务）,私教,Natalia（教务）,L000288,2026年5月19日,周二,martes,Tuesday,16:00,22:00,+6h,1.0,听力,4,课堂参与积极
Ella_442,1V1,Natalia,L000289,05/26/2026,周二,martes,Tuesday,16:00,22:00,+6h,1.67,复习,7,语法掌握一般
Ella_442,一对一,Natalia,L000290,2026-06-02,周二,martes,Tuesday,16:00,22:00,+6h,1.0,听力,13,需要加强口语练习
Ella_442,1V1,Natalia,L000291,2026-06-09,周二,martes,Tuesday,16:00,22:00,+6h,2.0,口语,2,
Ella_442,一对一,Natalia,L000292,2026年6月16日,周二,martes,Tuesday,16:00,22:00,+6h,2.0,语法,9,
Ella_442,一对一,Natalia,L000293,06/23/2026,周二,martes,Tuesday,16:00,21:00,+5h,1.67,复习,13,语法掌握一般
Ella_442,私教,Natalia,L000294,2026-06-30,周二,martes,Tuesday,16:00,22:00,+6h,1.0,口语,11,需要加强口语练习
Ella_442,私教,Natalia,L000295,2026-07-07,周二,martes,Tuesday,16:00,21:00,+5h,1.67,复习,3,需要加强口语练习
Ella_442,一对一,Natalia,L000296,2026/07/14,周二,martes,Tuesday,16:00,22:00,+6h,1.5,听力,2,语法掌握一般
Ella_442,私教,Natalia,L000297,2026/07/21,周二,martes,Tuesday,16:00,22:00,+6h,1.0,语法,6,需要加强口语练习
Ella442,1V1,Natalia,L000298,2026-07-28,周二,martes,Tuesday,16:00,22:00,+6h,1.67,语法,10,需要加强口语练习
Ella_442,一对一,Natalia,L000299,2026-08-04,周二,martes,Tuesday,16:00,22:00,+6h,1.67,阅读,13,课堂参与积极
Ella_442,1V1,Natalia,L000300,2026年8月11日,周二,martes,Tuesday,16:00,22:00,+6h,1.67,复习,14,需要加强口语练习
Ella_442,一对一,Natalia,L000301,08/18/2026,周二,martes,Tuesday,16:00,22:00,+6h,2.0,口语,13,课堂参与积极
Ella442,一对一,Natalia（教务）,L000302,2026-08-25,周二,martes,Tuesday,16:00,00:00,+8h,1.0,语法,5,课堂参与积极
Kevin_347,一对一,Carmen,L000303,2026/05/16,周六,sábado,Saturday,18:00,12:00,-6h,1.0,阅读,4,
Kevin_347,1V1,Carmen,L000304,2026-05-23,周六,sábado,Saturday,18:00,12:00,-6h,1.5,语法,2,需要加强口语练习
Kevin_347（教务）,私教,Carmen,L000305,2026年5月30日,周六,sábado,Saturday,18:00,12:00,-6h,1.0,口语,14,课堂参与积极
Kevin347,一对一,Carmen,L000306,2026/06/06,周六,sábado,Saturday,18:00,12:00,-6h,1.0,阅读,13,完成本节内容
Kevin_347,1V1,Carmen,L000307,2026-06-13,周六,sábado,Saturday,18:00,12:00,-6h,1.5,语法,4,语法掌握一般
Kevin_347,1V1,Carmen,L000308,2026/06/20,周六,sábado,Saturday,18:00,11:00,-7h,1.67,阅读,1,完成本节内容
Kevin_347,私教,Carmen,L000309,2026/06/27,周六,sábado,Saturday,18:00,13:00,-5h,1.0,阅读,3,需要加强口语练习
Kevin_347,私教,Carmen,L000310,2026-07-04,周六,sábado,Saturday,18:00,12:00,-6h,1.0,语法,10,语法掌握一般
Kevin_347,一对一,Carmen,L000311,2026-07-11,周六,sábado,Saturday,18:00,12:00,-6h,1.0,语法,10,完成本节内容
Kevin_347,私教,Carmen,L000312,2026/07/18,周六,sábado,Saturday,18:00,12:00,-6h,1.0,口语,4,课堂参与积极
Kevin_347,1V1,Carmen（教务）,L000313,2026年7月25日,周六,sábado,Saturday,18:00,12:00,-6h,1.0,阅读,9,完成本节内容
Kevin347,1V1,Carmen,L000314,08/01/2026,周六,sábado,Saturday,18:00,12:00,-6h,1.0,听力,2,课堂参与积极
Kevin_347,私教,Carmen（教务）,L000315,2026年8月8日,周六,sábado,Saturday,18:00,12:00,-6h,1.0,听力,6,课堂参与积极
Kevin_347,一对一,Carmen,L000316,08/15/2026,周六,sábado,Saturday,18:00,12:00,-6h,1.0,语法,7,需要加强口语练习
Kevin_347（教务）,一对一,Carmen,L000317,2026/08/22,周六,sábado,Saturday,18:00,12:00,-6h,1.0,语法,14,完成本节内容
Kevin_347,1V1,Carmen,L000318,2026/08/29,周六,sábado,Saturday,18:00,12:00,-6h,1.67,语法,12,完成本节内容
Lydia_114（教务）,班课,Carmen（教务）,L000319,09/05/2025,周五,viernes,Friday,10:00,04:00,-6h,1.0,听力,14,需要加强口语练习
Mia_025,班课,Carmen,L000319,2025/09/05,周五,viernes,Friday,10:00,01:00,-9h,1.0,复习,7,需要加强口语练习
Lydia_114,小组课,Carmen,L000320,2025-09-12,周五,viernes,Friday,10:00,04:00,-6h,1.67,语法,7,需要加强口语练习
Mia_025,班课,Carmen,L000320,2025/09/12,周五,viernes,Friday,10:00,01:00,-9h,1.67,复习,3,需要加强口语练习
Lydia_114,班课,Carmen（教务）,L000321,09/19/2025,周五,viernes,Friday,10:00,04:00,-6h,1.0,复习,4,课堂参与积极
Mia_025,班课,Carmen（教务）,L000321,2025年9月19日,周五,viernes,Friday,10:00,01:00,-9h,1.0,口语,6,课堂参与积极
Lydia_114,班课,Carmen,L000322,2025/09/26,周五,viernes,Friday,10:00,04:00,-6h,1.67,口语,1,完成本节内容
Mia_025,小组课,Carmen,L000322,2025/09/26,周五,viernes,Friday,10:00,01:00,-9h,1.67,口语,12,完成本节内容
Lydia_114（教务）,小组课,Carmen,L000323,2025年10月3日,周五,viernes,Friday,10:00,04:00,-6h,1.67,口语,11,完成本节内容
Mia_025,班课,Carmen,L000323,2025-10-03,周五,viernes,Friday,10:00,01:00,-9h,1.67,口语,14,完成本节内容
Lydia_114,小组课,Carmen,L000324,2025-10-10,周五,viernes,Friday,10:00,04:00,-6h,1.67,口语,3,需要加强口语练习
Mia_025,班课,Carmen（教务）,L000324,2025-10-10,周五,viernes,Friday,10:00,01:00,-9h,1.67,复习,5,需要加强口语练习
Lydia_114,班课,Carmen,L000325,2025/10/17,周五,viernes,Friday,10:00,04:00,-6h,2.0,口语,9,语法掌握一般
Mia_025,班课,Carmen（教务）,L000325,2025/10/17,周五,viernes,Friday,10:00,01:00,-9h,2.0,口语,7,语法掌握一般
Lydia114,小组课,Carmen,L000326,2025-10-24,周五,viernes,Friday,10:00,04:00,-6h,1.0,听力,1,课堂参与积极
Mia_025,小组课,Carmen,L000326,2025年10月24日,周五,viernes,Friday,10:00,03:00,-7h,1.0,阅读,3,课堂参与积极
Lydia_114,班课,Carmen,L000327,10/31/2025,周五,viernes,Friday,10:00,05:00,-5h,1.0,阅读,9,课堂参与积极
Mia_025（教务）,班课,Carmen,L000327,2025年10月31日,周五,viernes,Friday,10:00,02:00,-8h,1.0,复习,11,课堂参与积极
Lydia_114,小组课,Carmen（教务）,L000328,2025-11-07,周五,viernes,Friday,10:00,04:00,-6h,1.67,语法,9,课堂参与积极
Mia_025,小组课,Carmen,L000328,2025/11/07,周五,viernes,Friday,10:00,01:00,-9h,1.67,阅读,14,课堂参与积极
Lydia_114,小组课,Carmen,L000329,2025/11/14,周五,viernes,Friday,10:00,04:00,-6h,1.0,口语,14,课堂参与积极
Mia_025（教务）,班课,Carmen,L000329,11/14/2025,周五,viernes,Friday,10:00,01:00,-9h,1.0,复习,10,课堂参与积极
Lydia_114,小组课,Carmen,L000330,2025/11/21,周五,viernes,Friday,10:00,04:00,-6h,1.0,听力,10,语法掌握一般
Mia025,小组课,Carmen,L000330,2025-11-21,周五,viernes,Friday,10:00,01:00,-9h,1.0,复习,9,语法掌握一般
Lydia_114,小组课,Carmen,L000331,2025年11月28日,周五,viernes,Friday,10:00,04:00,-6h,2.0,语法,3,完成本节内容
Mia_025（教务）,班课,Carmen,L000331,2025-11-28,周五,viernes,Friday,10:00,01:00,-9h,2.0,语法,9,完成本节内容
Lydia_114,小组课,Carmen,L000332,12/05/2025,周五,viernes,Friday,10:00,04:00,-6h,1.0,口语,7,课堂参与积极
Mia025,小组课,Carmen,L000332,2025年12月5日,周五,viernes,Friday,10:00,01:00,-9h,1.0,阅读,9,课堂参与积极
Lydia_114,小组课,Carmen,L000333,12/12/2025,周五,viernes,Friday,10:00,04:00,-6h,1.0,听力,3,需要加强口语练习
Mia_025,小组课,Carmen,L000333,12/12/2025,周五,viernes,Friday,10:00,01:00,-9h,1.0,阅读,14,需要加强口语练习
Lydia_114,班课,Carmen,L000334,2025年12月19日,周五,viernes,Friday,10:00,04:00,-6h,1.0,听力,10,语法掌握一般
Mia_025,小组课,Carmen,L000334,2025/12/19,周五,viernes,Friday,10:00,01:00,-9h,1.0,语法,3,语法掌握一般
Lydia_114,班课,Carmen,L000335,12/26/2025,周五,viernes,Friday,10:00,04:00,-6h,1.67,听力,7,语法掌握一般
Mia_025,小组课,Carmen,L000335,12/26/2025,周五,viernes,Friday,10:00,01:00,-9h,1.67,口语,6,语法掌握一般
Lydia_114,班课,Carmen,L000336,2026年1月2日,周五,viernes,Friday,10:00,04:00,-6h,1.0,语法,14,课堂参与积极
Mia_025,小组课,Carmen,L000336,2026-01-02,周五,viernes,Friday,10:00,01:00,-9h,1.0,听力,5,课堂参与积极
Lydia_114,小组课,Carmen,L000337,2026-01-09,周五,viernes,Friday,10:00,03:00,-7h,1.0,听力,8,完成本节内容
Mia_025,小组课,Carmen,L000337,2026-01-09,周五,viernes,Friday,10:00,01:00,-9h,1.0,阅读,1,完成本节内容
Lydia_114,小组课,Carmen,L000338,2026-01-16,周五,viernes,Friday,10:00,04:00,-6h,2.0,听力,12,课堂参与积极
Mia_025,小组课,Carmen,L000338,01/16/2026,周五,viernes,Friday,10:00,01:00,-9h,2.0,听力,13,课堂参与积极
Lydia_114,小组课,Carmen,L000339,2026/01/23,周五,viernes,Friday,10:00,04:00,-6h,1.0,听力,12,课堂参与积极
Mia_025,小组课,Carmen,L000339,2026年1月23日,周五,viernes,Friday,10:00,01:00,-9h,1.0,语法,5,课堂参与积极
Lydia_114,班课,Carmen,L000340,2026/01/30,周五,viernes,Friday,10:00,04:00,-6h,1.0,口语,13,完成本节内容
Mia_025,小组课,Carmen,L000340,2026/01/30,周五,viernes,Friday,10:00,01:00,-9h,1.0,语法,14,完成本节内容
Lydia_114,班课,Carmen,L000341,02/06/2026,周五,viernes,Friday,10:00,04:00,-6h,2.0,语法,1,完成本节内容
Mia025,小组课,Carmen,L000341,2026-02-06,周五,viernes,Friday,10:00,01:00,-9h,2.0,口语,8,完成本节内容
Lydia_114,小组课,Carmen,L000342,2026年2月13日,周五,viernes,Friday,10:00,04:00,-6h,1.67,语法,6,
Mia025,班课,Carmen,L000342,2026/02/13,周五,viernes,Friday,10:00,01:00,-9h,1.67,口语,3,
Lydia114,班课,Carmen,L000343,2026-02-20,周五,viernes,Friday,10:00,04:00,-6h,1.0,听力,11,完成本节内容
Mia_025（教务）,小组课,Carmen,L000343,2026/02/20,周五,viernes,Friday,10:00,22:00,-12h,1.0,阅读,8,完成本节内容
Lydia_114,小组课,Carmen,L000344,2026-02-27,周五,viernes,Friday,10:00,04:00,-6h,1.0,口语,12,语法掌握一般
Mia_025,小组课,Carmen,L000344,2026/02/27,周五,viernes,Friday,10:00,01:00,-9h,1.0,口语,4,语法掌握一般
Lydia_114,班课,Carmen,L000345,2026-03-06,周五,viernes,Friday,10:00,04:00,-6h,1.67,口语,12,完成本节内容
Mia_025,小组课,Carmen,L000345,2026年3月6日,周五,viernes,Friday,10:00,01:00,-9h,1.67,语法,11,完成本节内容
Lydia_114,小组课,Carmen,L000346,2026-03-13,周五,viernes,Friday,10:00,05:00,-5h,1.5,口语,9,语法掌握一般
Mia025,小组课,Carmen,L000346,2026-03-13,周五,viernes,Friday,10:00,02:00,-8h,1.5,复习,13,语法掌握一般
Lydia_114,小组课,Carmen,L000347,2026-03-20,周五,viernes,Friday,10:00,05:00,-5h,1.0,语法,10,语法掌握一般
Mia_025,小组课,Carmen,L000347,2026-03-20,周五,viernes,Friday,10:00,02:00,-8h,1.0,听力,14,语法掌握一般
Lydia_114,小组课,Carmen（教务）,L000348,2026-03-27,周五,viernes,Friday,10:00,05:00,-5h,1.0,复习,7,完成本节内容
Mia_025,班课,Carmen（教务）,L000348,2026/03/27,周五,viernes,Friday,10:00,02:00,-8h,1.0,复习,11,完成本节内容
Lydia_114,小组课,Carmen,L000349,2026-04-03,周五,viernes,Friday,10:00,04:00,-6h,1.67,阅读,10,需要加强口语练习
Mia_025,小组课,Carmen,L000349,2026/04/03,周五,viernes,Friday,10:00,01:00,-9h,1.67,阅读,14,需要加强口语练习
Lydia114,班课,Carmen,L000350,2026年4月10日,周五,viernes,Friday,10:00,04:00,-6h,1.0,复习,4,课堂参与积极
Mia025,班课,Carmen,L000350,2026-04-10,周五,viernes,Friday,10:00,01:00,-9h,1.0,阅读,4,课堂参与积极
Lydia_114,小组课,Carmen,L000351,2026-04-17,周五,viernes,Friday,10:00,04:00,-6h,1.5,阅读,4,完成本节内容
Mia_025,小组课,Carmen（教务）,L000351,04/17/2026,周五,viernes,Friday,10:00,01:00,-9h,1.5,听力,7,完成本节内容
Lydia_114,班课,Carmen,L000352,04/24/2026,周五,viernes,Friday,10:00,04:00,-6h,1.0,口语,11,需要加强口语练习
Mia_025,班课,Carmen,L000352,2026-04-24,周五,viernes,Friday,10:00,01:00,-9h,1.0,阅读,4,需要加强口语练习
Lydia_114,小组课,Carmen（教务）,L000353,2026/05/01,周五,viernes,Friday,10:00,04:00,-6h,1.0,语法,6,完成本节内容
Mia_025（教务）,班课,Carmen,L000353,2026/05/01,周五,viernes,Friday,10:00,01:00,-9h,1.0,口语,2,完成本节内容
Lydia_114,班课,Carmen,L000354,05/08/2026,周五,viernes,Friday,10:00,04:00,-6h,1.5,听力,1,需要加强口语练习
Mia_025,班课,Carmen,L000354,2026-05-08,周五,viernes,Friday,10:00,01:00,-9h,1.5,语法,6,需要加强口语练习
Lydia_114,小组课,Carmen（教务）,L000355,2026-05-15,周五,viernes,Friday,10:00,04:00,-6h,1.67,阅读,8,完成本节内容
Mia_025,小组课,Carmen,L000355,05/15/2026,周五,viernes,Friday,10:00,01:00,-9h,1.67,阅读,13,完成本节内容
Lydia_114,小组课,Carmen（教务）,L000356,2026-05-22,周五,viernes,Friday,10:00,04:00,-6h,1.0,语法,8,语法掌握一般
Mia_025（教务）,小组课,Carmen,L000356,2026年5月22日,周五,viernes,Friday,10:00,01:00,-9h,1.0,语法,7,语法掌握一般
Lydia114,班课,Carmen,L000357,2026-05-29,周五,viernes,Friday,10:00,04:00,-6h,2.0,语法,2,语法掌握一般
Mia_025,小组课,Carmen,L000357,2026年5月29日,周五,viernes,Friday,10:00,01:00,-9h,2.0,语法,2,语法掌握一般
Lydia_114,班课,Carmen,L000358,2026-06-05,周五,viernes,Friday,10:00,05:00,-5h,1.0,语法,10,完成本节内容
Mia_025,小组课,Carmen,L000358,06/05/2026,周五,viernes,Friday,10:00,01:00,-9h,1.0,阅读,13,完成本节内容
Lydia114,小组课,Carmen,L000359,2026/06/12,周五,viernes,Friday,10:00,04:00,-6h,2.0,听力,13,需要加强口语练习
Mia_025,班课,Carmen,L000359,2026-06-12,周五,viernes,Friday,10:00,02:00,-8h,2.0,听力,10,需要加强口语练习
Lydia_114,小组课,Carmen,L000360,06/19/2026,周五,viernes,Friday,10:00,04:00,-6h,1.5,口语,4,课堂参与积极
Mia025,小组课,Carmen,L000360,2026-06-19,周五,viernes,Friday,10:00,01:00,-9h,1.5,复习,5,课堂参与积极
Lydia_114,班课,Carmen,L000361,2026/06/26,周五,viernes,Friday,10:00,04:00,-6h,1.0,阅读,5,需要加强口语练习
Mia_025（教务）,班课,Carmen,L000361,06/26/2026,周五,viernes,Friday,10:00,01:00,-9h,1.0,复习,6,需要加强口语练习
Lydia_114,班课,Carmen,L000362,2026-07-03,周五,viernes,Friday,10:00,04:00,-6h,1.5,听力,8,需要加强口语练习
Mia_025,班课,Carmen,L000362,2026-07-03,周五,viernes,Friday,10:00,02:00,-8h,1.5,语法,14,需要加强口语练习
Lydia_114（教务）,班课,Carmen,L000363,2026年7月10日,周五,viernes,Friday,10:00,05:00,-5h,1.0,复习,14,需要加强口语练习
Mia_025,小组课,Carmen（教务）,L000363,2026-07-10,周五,viernes,Friday,10:00,01:00,-9h,1.0,听力,10,需要加强口语练习
Lydia_114,小组课,Carmen,L000364,2026-07-17,周五,viernes,Friday,10:00,04:00,-6h,1.0,语法,9,完成本节内容
Mia_025,班课,Carmen,L000364,2026年7月17日,周五,viernes,Friday,10:00,01:00,-9h,1.0,听力,4,完成本节内容
Lydia_114,小组课,Carmen,L000365,2026-07-24,周五,viernes,Friday,10:00,04:00,-6h,1.0,阅读,3,完成本节内容
Mia_025,小组课,Carmen,L000365,2026-07-24,周五,viernes,Friday,10:00,01:00,-9h,1.0,阅读,2,完成本节内容
Lydia114,小组课,Carmen,L000366,2026-07-31,周五,viernes,Friday,10:00,01:00,-9h,1.67,口语,3,课堂参与积极
Mia_025,班课,Carmen,L000366,2026-07-31,周五,viernes,Friday,10:00,01:00,-9h,1.67,口语,5,课堂参与积极
Lydia_114,小组课,Carmen,L000367,2026-08-07,周五,viernes,Friday,10:00,04:00,-6h,1.0,听力,14,课堂参与积极
Mia_025,小组课,Carmen,L000367,2026/08/07,周五,viernes,Friday,10:00,01:00,-9h,1.0,阅读,4,课堂参与积极
Lydia_114,班课,Carmen,L000368,2026/08/14,周五,viernes,Friday,10:00,04:00,-6h,1.67,复习,14,课堂参与积极
Mia_025,班课,Carmen,L000368,2026-08-14,周五,viernes,Friday,10:00,01:00,-9h,1.67,语法,9,课堂参与积极
Lydia_114,班课,Carmen,L000369,2026-08-21,周五,viernes,Friday,10:00,04:00,-6h,1.5,听力,14,需要加强口语练习
Mia025,班课,Carmen,L000369,2026-08-21,周五,viernes,Friday,10:00,01:00,-9h,1.5,听力,7,需要加强口语练习
Lydia_114,小组课,Carmen,L000370,2026年8月28日,周五,viernes,Friday,10:00,04:00,-6h,2.0,语法,12,完成本节内容
Mia_025（教务）,班课,Carmen,L000370,2026-08-28,周五,viernes,Friday,10:00,01:00,-9h,2.0,阅读,14,完成本节内容
Luna133,小组课,Javier,L000371,2026/04/07,周二,martes,Tuesday,09:00,00:00,-9h,1.5,口语,14,需要加强口语练习
Nina_395（教务）,班课,Javier,L000371,04/07/2026,周二,martes,Tuesday,09:00,08:00,-1h,1.5,口语,3,需要加强口语练习
Tiger010,班课,Javier,L000371,2026-04-07,周二,martes,Tuesday,09:00,15:00,+6h,1.5,口语,9,需要加强口语练习
Kevin_397（教务）,小组课,Javier,L000371,2026年4月7日,周二,martes,Tuesday,09:00,09:00,+0h,1.5,复习,7,需要加强口语练习
Luna_133,班课,Javier,L000372,04/14/2026,周二,martes,Tuesday,09:00,00:00,-9h,1.0,口语,12,课堂参与积极
Nina395,小组课,Javier,L000372,2026-04-14,周二,martes,Tuesday,09:00,08:00,-1h,1.0,阅读,3,课堂参与积极
Tiger_010,小组课,Javier,L000372,2026-04-14,周二,martes,Tuesday,09:00,14:00,+5h,1.0,口语,8,课堂参与积极
Kevin_397（教务）,小组课,Javier,L000372,04/14/2026,周二,martes,Tuesday,09:00,09:00,+0h,1.0,阅读,11,课堂参与积极
Luna133,小组课,Javier,L000373,2026/04/21,周二,martes,Tuesday,09:00,01:00,-8h,1.0,阅读,6,需要加强口语练习
Nina395,小组课,Javier,L000373,04/21/2026,周二,martes,Tuesday,09:00,05:00,-4h,1.0,口语,14,需要加强口语练习
Tiger_010,班课,Javier,L000373,2026/04/21,周二,martes,Tuesday,09:00,15:00,+6h,1.0,口语,2,需要加强口语练习
Kevin_397,班课,Javier,L000373,2026-04-21,周二,martes,Tuesday,09:00,09:00,+0h,1.0,阅读,11,需要加强口语练习
Luna_133,班课,Javier,L000374,2026-04-28,周二,martes,Tuesday,09:00,00:00,-9h,1.67,阅读,7,需要加强口语练习
Nina_395,小组课,Javier,L000374,2026年4月28日,周二,martes,Tuesday,09:00,07:00,-2h,1.67,口语,1,需要加强口语练习
Tiger_010,班课,Javier,L000374,04/28/2026,周二,martes,Tuesday,09:00,15:00,+6h,1.67,语法,3,需要加强口语练习
Kevin_397,班课,Javier,L000374,2026-04-28,周二,martes,Tuesday,09:00,09:00,+0h,1.67,听力,4,需要加强口语练习
Luna133,班课,Javier,L000375,05/05/2026,周二,martes,Tuesday,09:00,00:00,-9h,2.0,语法,9,
Nina_395,小组课,Javier,L000375,2026-05-05,周二,martes,Tuesday,09:00,08:00,-1h,2.0,口语,4,
Tiger010,班课,Javier（教务）,L000375,2026-05-05,周二,martes,Tuesday,09:00,15:00,+6h,2.0,复习,5,
Kevin397,班课,Javier,L000375,2026-05-05,周二,martes,Tuesday,09:00,09:00,+0h,2.0,口语,11,
Luna_133,小组课,Javier,L000376,2026年5月12日,周二,martes,Tuesday,09:00,00:00,-9h,1.0,口语,5,完成本节内容
Nina_395,小组课,Javier,L000376,2026/05/12,周二,martes,Tuesday,09:00,07:00,-2h,1.0,口语,3,完成本节内容
Tiger_010,班课,Javier,L000376,2026-05-12,周二,martes,Tuesday,09:00,15:00,+6h,1.0,阅读,6,完成本节内容
Kevin_397,小组课,Javier,L000376,2026-05-12,周二,martes,Tuesday,09:00,09:00,+0h,1.0,语法,11,完成本节内容
Luna_133,班课,Javier,L000377,2026-05-19,周二,martes,Tuesday,09:00,00:00,-9h,1.0,听力,3,课堂参与积极
Nina_395,小组课,Javier（教务）,L000377,05/19/2026,周二,martes,Tuesday,09:00,08:00,-1h,1.0,听力,14,课堂参与积极
Tiger_010,小组课,Javier,L000377,2026-05-19,周二,martes,Tuesday,09:00,15:00,+6h,1.0,听力,8,课堂参与积极
Kevin_397,小组课,Javier,L000377,05/19/2026,周二,martes,Tuesday,09:00,09:00,+0h,1.0,阅读,3,课堂参与积极
Luna_133,班课,Javier,L000378,2026/05/26,周二,martes,Tuesday,09:00,00:00,-9h,1.0,口语,12,完成本节内容
Nina_395,班课,Javier,L000378,05/26/2026,周二,martes,Tuesday,09:00,08:00,-1h,1.0,语法,10,完成本节内容
Tiger_010,小组课,Javier,L000378,2026年5月26日,周二,martes,Tuesday,09:00,15:00,+6h,1.0,阅读,10,完成本节内容
Kevin_397,小组课,Javier,L000378,2026/05/26,周二,martes,Tuesday,09:00,09:00,+0h,1.0,口语,6,完成本节内容
Luna_133,班课,Javier,L000379,2026年6月2日,周二,martes,Tuesday,09:00,00:00,-9h,1.0,听力,14,课堂参与积极
Nina_395,小组课,Javier（教务）,L000379,2026-06-02,周二,martes,Tuesday,09:00,07:00,-2h,1.0,阅读,13,课堂参与积极
Tiger_010,小组课,Javier,L000379,2026年6月2日,周二,martes,Tuesday,09:00,15:00,+6h,1.0,听力,6,课堂参与积极
Kevin_397,班课,Javier,L000379,2026-06-02,周二,martes,Tuesday,09:00,10:00,+1h,1.0,语法,4,课堂参与积极
Luna_133（教务）,小组课,Javier,L000380,2026-06-09,周二,martes,Tuesday,09:00,00:00,-9h,1.0,阅读,14,
Nina_395,班课,Javier,L000380,2026-06-09,周二,martes,Tuesday,09:00,08:00,-1h,1.0,口语,6,
Tiger_010（教务）,小组课,Javier,L000380,2026/06/09,周二,martes,Tuesday,09:00,16:00,+7h,1.0,阅读,4,
Kevin_397,班课,Javier,L000380,2026-06-09,周二,martes,Tuesday,09:00,09:00,+0h,1.0,复习,9,
Luna_133（教务）,小组课,Javier,L000381,2026-06-16,周二,martes,Tuesday,09:00,00:00,-9h,1.5,阅读,1,课堂参与积极
Nina_395,班课,Javier,L000381,2026-06-16,周二,martes,Tuesday,09:00,08:00,-1h,1.5,语法,13,课堂参与积极
Tiger_010,小组课,Javier,L000381,2026/06/16,周二,martes,Tuesday,09:00,14:00,+5h,1.5,口语,8,课堂参与积极
Kevin_397（教务）,班课,Javier,L000381,2026/06/16,周二,martes,Tuesday,09:00,09:00,+0h,1.5,复习,9,课堂参与积极
Luna_133,班课,Javier,L000382,2026/06/23,周二,martes,Tuesday,09:00,00:00,-9h,2.0,口语,3,完成本节内容
Nina_395,班课,Javier,L000382,2026-06-23,周二,martes,Tuesday,09:00,08:00,-1h,2.0,阅读,8,完成本节内容
Tiger010,班课,Javier,L000382,2026/06/23,周二,martes,Tuesday,09:00,15:00,+6h,2.0,阅读,1,完成本节内容
Kevin_397,小组课,Javier,L000382,06/23/2026,周二,martes,Tuesday,09:00,10:00,+1h,2.0,语法,12,完成本节内容
Luna133,班课,Javier,L000383,2026-06-30,周二,martes,Tuesday,09:00,00:00,-9h,2.0,听力,4,课堂参与积极
Nina_395,班课,Javier,L000383,2026-06-30,周二,martes,Tuesday,09:00,08:00,-1h,2.0,口语,3,课堂参与积极
Tiger_010,班课,Javier,L000383,2026-06-30,周二,martes,Tuesday,09:00,15:00,+6h,2.0,听力,12,课堂参与积极
Kevin_397,班课,Javier,L000383,2026年6月30日,周二,martes,Tuesday,09:00,09:00,+0h,2.0,语法,6,课堂参与积极
Luna_133,班课,Javier（教务）,L000384,2026/07/07,周二,martes,Tuesday,09:00,00:00,-9h,1.67,口语,10,完成本节内容
Nina395,班课,Javier,L000384,07/07/2026,周二,martes,Tuesday,09:00,08:00,-1h,1.67,听力,2,完成本节内容
Tiger_010（教务）,小组课,Javier,L000384,2026/07/07,周二,martes,Tuesday,09:00,15:00,+6h,1.67,复习,2,完成本节内容
Kevin_397（教务）,班课,Javier,L000384,2026-07-07,周二,martes,Tuesday,09:00,09:00,+0h,1.67,复习,12,完成本节内容
Luna_133（教务）,班课,Javier,L000385,2026/07/14,周二,martes,Tuesday,09:00,00:00,-9h,1.0,语法,14,需要加强口语练习
Nina_395,小组课,Javier,L000385,2026/07/14,周二,martes,Tuesday,09:00,08:00,-1h,1.0,听力,14,需要加强口语练习
Tiger_010,小组课,Javier,L000385,2026-07-14,周二,martes,Tuesday,09:00,15:00,+6h,1.0,听力,8,需要加强口语练习
Kevin397,班课,Javier,L000385,2026-07-14,周二,martes,Tuesday,09:00,09:00,+0h,1.0,语法,1,需要加强口语练习
Luna_133,小组课,Javier,L000386,2026-07-21,周二,martes,Tuesday,09:00,00:00,-9h,2.0,口语,10,课堂参与积极
Nina_395,小组课,Javier,L000386,2026/07/21,周二,martes,Tuesday,09:00,08:00,-1h,2.0,阅读,14,课堂参与积极
Tiger_010,小组课,Javier,L000386,07/21/2026,周二,martes,Tuesday,09:00,12:00,+3h,2.0,语法,10,课堂参与积极
Kevin_397,班课,Javier,L000386,2026-07-21,周二,martes,Tuesday,09:00,10:00,+1h,2.0,口语,8,课堂参与积极
Luna_133,小组课,Javier,L000387,2026年7月28日,周二,martes,Tuesday,09:00,00:00,-9h,1.0,口语,2,需要加强口语练习
Nina_395,班课,Javier,L000387,2026年7月28日,周二,martes,Tuesday,09:00,08:00,-1h,1.0,复习,5,需要加强口语练习
Tiger_010,小组课,Javier,L000387,07/28/2026,周二,martes,Tuesday,09:00,15:00,+6h,1.0,口语,6,需要加强口语练习
Kevin_397,班课,Javier,L000387,2026-07-28,周二,martes,Tuesday,09:00,09:00,+0h,1.0,语法,9,需要加强口语练习
Luna133,小组课,Javier,L000388,2026年8月4日,周二,martes,Tuesday,09:00,23:00,-10h,1.0,语法,4,需要加强口语练习
Nina_395（教务）,班课,Javier（教务）,L000388,2026-08-04,周二,martes,Tuesday,09:00,08:00,-1h,1.0,阅读,2,需要加强口语练习
Tiger_010,小组课,Javier,L000388,2026-08-04,周二,martes,Tuesday,09:00,15:00,+6h,1.0,阅读,7,需要加强口语练习
Kevin_397,小组课,Javier,L000388,08/04/2026,周二,martes,Tuesday,09:00,09:00,+0h,1.0,听力,12,需要加强口语练习
Luna133,小组课,Javier,L000389,2026/08/11,周二,martes,Tuesday,09:00,00:00,-9h,2.0,阅读,13,课堂参与积极
Nina_395,班课,Javier,L000389,2026-08-11,周二,martes,Tuesday,09:00,08:00,-1h,2.0,口语,7,课堂参与积极
Tiger_010,班课,Javier,L000389,08/11/2026,周二,martes,Tuesday,09:00,15:00,+6h,2.0,口语,2,课堂参与积极
Kevin_397,小组课,Javier,L000389,2026-08-11,周二,martes,Tuesday,09:00,09:00,+0h,2.0,阅读,7,课堂参与积极
Luna_133,小组课,Javier,L000390,2026-08-18,周二,martes,Tuesday,09:00,00:00,-9h,1.0,阅读,8,
Nina_395,小组课,Javier,L000390,2026/08/18,周二,martes,Tuesday,09:00,08:00,-1h,1.0,口语,4,
Tiger_010,班课,Javier,L000390,2026-08-18,周二,martes,Tuesday,09:00,15:00,+6h,1.0,复习,10,
Kevin_397,班课,Javier,L000390,2026/08/18,周二,martes,Tuesday,09:00,09:00,+0h,1.0,复习,11,
Luna_133,班课,Javier,L000391,2026/08/25,周二,martes,Tuesday,09:00,00:00,-9h,1.0,阅读,9,完成本节内容
Nina_395,小组课,Javier,L000391,2026-08-25,周二,martes,Tuesday,09:00,08:00,-1h,1.0,口语,11,完成本节内容
Tiger_010,小组课,Javier,L000391,2026年8月25日,周二,martes,Tuesday,09:00,15:00,+6h,1.0,复习,3,完成本节内容
Kevin_397,班课,Javier,L000391,2026-08-25,周二,martes,Tuesday,09:00,09:00,+0h,1.0,口语,6,完成本节内容
Alice_449,私教,Alba,L000392,2025-06-10,周二,martes,Tuesday,09:00,15:00,+6h,1.0,听力,12,课堂参与积极
Alice_449,私教,Alba（教务）,L000393,2025年6月17日,周二,martes,Tuesday,09:00,15:00,+6h,1.5,语法,14,语法掌握一般
Alice449,私教,Alba,L000394,06/24/2025,周二,martes,Tuesday,09:00,15:00,+6h,1.0,口语,7,完成本节内容
Alice449,一对一,Alba,L000395,2025-07-01,周二,martes,Tuesday,09:00,15:00,+6h,1.67,复习,2,完成本节内容
Alice_449,一对一,Alba,L000396,07/08/2025,周二,martes,Tuesday,09:00,15:00,+6h,1.0,听力,9,
Alice_449,私教,Alba,L000397,2025-07-15,周二,martes,Tuesday,09:00,15:00,+6h,1.0,阅读,8,完成本节内容
Alice_449,一对一,Alba,L000398,2025-07-22,周二,martes,Tuesday,09:00,13:00,+4h,1.0,口语,8,语法掌握一般
Alice_449,一对一,Alba,L000399,2025-07-29,周二,martes,Tuesday,09:00,15:00,+6h,1.0,阅读,1,需要加强口语练习
Alice_449,私教,Alba,L000400,2025年8月5日,周二,martes,Tuesday,09:00,15:00,+6h,1.0,阅读,10,语法掌握一般
Alice_449,私教,Alba,L000401,2025/08/12,周二,martes,Tuesday,09:00,15:00,+6h,1.0,语法,3,需要加强口语练习
Alice449,私教,Alba,L000402,2025-08-19,周二,martes,Tuesday,09:00,15:00,+6h,1.67,阅读,5,
Alice_449,1V1,Alba,L000403,08/26/2025,周二,martes,Tuesday,09:00,15:00,+6h,1.67,语法,3,课堂参与积极
Alice_449（教务）,1V1,Alba,L000404,2025/09/02,周二,martes,Tuesday,09:00,15:00,+6h,1.0,语法,12,完成本节内容
Alice_449,私教,Alba,L000405,2025/09/09,周二,martes,Tuesday,09:00,15:00,+6h,2.0,口语,7,课堂参与积极
Alice_449,私教,Alba,L000406,2025年9月16日,周二,martes,Tuesday,09:00,15:00,+6h,1.0,听力,5,
Alice449,1V1,Alba,L000407,2025-09-23,周二,martes,Tuesday,09:00,14:00,+5h,1.67,口语,4,语法掌握一般
Alice_449（教务）,私教,Alba,L000408,2025-09-30,周二,martes,Tuesday,09:00,15:00,+6h,1.67,复习,11,完成本节内容
Alice_449,一对一,Alba,L000409,10/07/2025,周二,martes,Tuesday,09:00,15:00,+6h,1.5,语法,6,语法掌握一般
Alice_449,私教,Alba,L000410,2025/10/14,周二,martes,Tuesday,09:00,14:00,+5h,1.0,听力,14,需要加强口语练习
Alice_449,1V1,Alba,L000411,2025/10/21,周二,martes,Tuesday,09:00,15:00,+6h,1.5,口语,5,完成本节内容
Alice_449,一对一,Alba,L000412,2025-10-28,周二,martes,Tuesday,09:00,16:00,+7h,2.0,听力,3,
Alice449,一对一,Alba,L000413,11/04/2025,周二,martes,Tuesday,09:00,16:00,+7h,2.0,阅读,6,课堂参与积极
Alice_449,一对一,Alba,L000414,2025-11-11,周二,martes,Tuesday,09:00,16:00,+7h,1.67,口语,13,课堂参与积极
Alice_449,私教,Alba,L000415,2025年11月18日,周二,martes,Tuesday,09:00,16:00,+7h,1.67,口语,14,完成本节内容
Alice_449,1V1,Alba,L000416,2025-11-25,周二,martes,Tuesday,09:00,17:00,+8h,1.0,口语,8,
Alice_449,1V1,Alba,L000417,2025年12月2日,周二,martes,Tuesday,09:00,16:00,+7h,1.0,语法,14,完成本节内容
Alice_449,私教,Alba,L000418,2025-12-09,周二,martes,Tuesday,09:00,16:00,+7h,1.0,听力,4,语法掌握一般
Alice_449,1V1,Alba,L000419,2025-12-16,周二,martes,Tuesday,09:00,16:00,+7h,1.0,阅读,2,课堂参与积极
Alice_449,一对一,Alba（教务）,L000420,12/23/2025,周二,martes,Tuesday,09:00,16:00,+7h,1.67,口语,1,完成本节内容
Alice_449,1V1,Alba,L000421,2025年12月30日,周二,martes,Tuesday,09:00,16:00,+7h,1.0,复习,5,语法掌握一般
Alice_449,一对一,Alba,L000422,2026-01-06,周二,martes,Tuesday,09:00,16:00,+7h,1.67,复习,9,课堂参与积极
Alice449,1V1,Alba,L000423,2026-01-13,周二,martes,Tuesday,09:00,16:00,+7h,1.67,听力,10,完成本节内容
Alice_449,1V1,Alba,L000424,2026-01-20,周二,martes,Tuesday,09:00,16:00,+7h,1.0,语法,12,
Alice_449,一对一,Alba,L000425,2026/01/27,周二,martes,Tuesday,09:00,16:00,+7h,1.0,口语,12,完成本节内容
Alice_449,一对一,Alba,L000426,2026-02-03,周二,martes,Tuesday,09:00,16:00,+7h,1.5,口语,3,完成本节内容
Alice_449,私教,Alba,L000427,2026/02/10,周二,martes,Tuesday,09:00,16:00,+7h,1.5,听力,2,课堂参与积极
Alice_449,一对一,Alba,L000428,2026-02-17,周二,martes,Tuesday,09:00,16:00,+7h,1.67,阅读,3,完成本节内容
Alice_449（教务）,1V1,Alba,L000429,2026-02-24,周二,martes,Tuesday,09:00,16:00,+7h,1.0,复习,9,语法掌握一般
Alice_449,一对一,Alba,L000430,2026-03-03,周二,martes,Tuesday,09:00,16:00,+7h,1.5,听力,3,需要加强口语练习
Alice449,一对一,Alba,L000431,2026年3月10日,周二,martes,Tuesday,09:00,13:00,+4h,1.0,语法,8,需要加强口语练习
Alice_449,一对一,Alba,L000432,2026-03-17,周二,martes,Tuesday,09:00,16:00,+7h,1.0,语法,14,完成本节内容
Alice_449,私教,Alba,L000433,2026-03-24,周二,martes,Tuesday,09:00,16:00,+7h,1.67,语法,11,
Alice_449,一对一,Alba,L000434,2026/03/31,周二,martes,Tuesday,09:00,15:00,+6h,1.0,听力,5,课堂参与积极
Alice_449,一对一,Alba,L000435,2026/04/07,周二,martes,Tuesday,09:00,15:00,+6h,1.0,阅读,8,课堂参与积极
Alice_449,1V1,Alba,L000436,2026/04/14,周二,martes,Tuesday,09:00,15:00,+6h,1.67,听力,10,完成本节内容
Alice449,一对一,Alba,L000437,2026/04/21,周二,martes,Tuesday,09:00,15:00,+6h,1.0,阅读,2,
Alice_449,私教,Alba（教务）,L000438,2026年4月28日,周二,martes,Tuesday,09:00,15:00,+6h,1.5,阅读,8,
Alice_449（教务）,私教,Alba,L000439,2026/05/05,周二,martes,Tuesday,09:00,15:00,+6h,1.0,复习,13,语法掌握一般
Alice_449,一对一,Alba,L000440,2026/05/12,周二,martes,Tuesday,09:00,15:00,+6h,1.0,口语,8,需要加强口语练习
Alice_449,一对一,Alba,L000441,2026年5月19日,周二,martes,Tuesday,09:00,15:00,+6h,1.0,复习,6,完成本节内容
Alice_449,一对一,Alba,L000442,2026年5月26日,周二,martes,Tuesday,09:00,15:00,+6h,1.0,听力,5,需要加强口语练习
Alice_449,一对一,Alba（教务）,L000443,06/02/2026,周二,martes,Tuesday,09:00,16:00,+7h,1.67,语法,1,课堂参与积极
Alice449,1V1,Alba,L000444,2026-06-09,周二,martes,Tuesday,09:00,15:00,+6h,1.67,语法,4,完成本节内容
Alice_449,一对一,Alba,L000445,06/16/2026,周二,martes,Tuesday,09:00,15:00,+6h,1.0,语法,3,课堂参与积极
Alice_449,1V1,Alba,L000446,2026年6月23日,周二,martes,Tuesday,09:00,14:00,+5h,1.67,阅读,14,
Alice_449,一对一,Alba（教务）,L000447,06/30/2026,周二,martes,Tuesday,09:00,15:00,+6h,1.0,口语,12,课堂参与积极
Alice_449,私教,Alba,L000448,2026-07-07,周二,martes,Tuesday,09:00,15:00,+6h,1.5,听力,7,完成本节内容
Alice449,私教,Alba,L000449,2026/07/14,周二,martes,Tuesday,09:00,15:00,+6h,1.0,口语,4,完成本节内容
Alice_449,1V1,Alba,L000450,2026/07/21,周二,martes,Tuesday,09:00,15:00,+6h,1.0,口语,5,需要加强口语练习
Alice449,1V1,Alba,L000451,2026/07/28,周二,martes,Tuesday,09:00,15:00,+6h,1.5,语法,10,完成本节内容
Alice_449,私教,Alba,L000452,08/04/2026,周二,martes,Tuesday,09:00,15:00,+6h,1.0,复习,14,语法掌握一般
Alice449,私教,Alba,L000453,08/11/2026,周二,martes,Tuesday,09:00,15:00,+6h,1.0,口语,5,需要加强口语练习
Alice_449,1V1,Alba,L000454,2026-08-18,周二,martes,Tuesday,09:00,15:00,+6h,1.0,复习,6,完成本节内容
Alice_449,一对一,Alba,L000455,2026-08-25,周二,martes,Tuesday,09:00,15:00,+6h,1.67,听力,4,语法掌握一般
Alice_199,小组课,Diego,L000456,2025-06-06,周五,viernes,Friday,21:00,16:00,-5h,1.0,阅读,13,课堂参与积极
Lucas_502,小组课,Diego,L000456,2025/06/06,周五,viernes,Friday,21:00,12:00,-9h,1.0,口语,11,课堂参与积极
Alice199,班课,Diego,L000457,2025年6月13日,周五,viernes,Friday,21:00,15:00,-6h,1.67,阅读,4,
Lucas_502,小组课,Diego,L000457,2025-06-13,周五,viernes,Friday,21:00,12:00,-9h,1.67,复习,4,
Alice_199,班课,Diego,L000458,2025年6月20日,周五,viernes,Friday,21:00,15:00,-6h,2.0,口语,1,
Lucas_502,小组课,Diego,L000458,2025/06/20,周五,viernes,Friday,21:00,12:00,-9h,2.0,阅读,3,
Alice199,班课,Diego,L000459,2025-06-27,周五,viernes,Friday,21:00,14:00,-7h,1.67,语法,14,语法掌握一般
Lucas_502,班课,Diego,L000459,2025-06-27,周五,viernes,Friday,21:00,12:00,-9h,1.67,复习,12,语法掌握一般
Alice_199,班课,Diego,L000460,2025年7月4日,周五,viernes,Friday,21:00,18:00,-3h,1.0,口语,1,需要加强口语练习
Lucas_502,小组课,Diego,L000460,2025-07-04,周五,viernes,Friday,21:00,12:00,-9h,1.0,阅读,2,需要加强口语练习
Alice_199,小组课,Diego,L000461,2025/07/11,周五,viernes,Friday,21:00,14:00,-7h,2.0,听力,6,
Lucas_502,班课,Diego,L000461,2025-07-11,周五,viernes,Friday,21:00,12:00,-9h,2.0,听力,12,
Alice_199,班课,Diego,L000462,2025-07-18,周五,viernes,Friday,21:00,15:00,-6h,1.67,听力,2,需要加强口语练习
Lucas_502（教务）,小组课,Diego（教务）,L000462,2025-07-18,周五,viernes,Friday,21:00,12:00,-9h,1.67,听力,2,需要加强口语练习
Alice199,班课,Diego,L000463,2025-07-25,周五,viernes,Friday,21:00,15:00,-6h,1.0,复习,12,完成本节内容
Lucas_502,班课,Diego,L000463,2025/07/25,周五,viernes,Friday,21:00,12:00,-9h,1.0,阅读,10,完成本节内容
Alice_199,小组课,Diego（教务）,L000464,2025-08-01,周五,viernes,Friday,21:00,16:00,-5h,1.0,语法,3,
Lucas_502,班课,Diego,L000464,2025年8月1日,周五,viernes,Friday,21:00,12:00,-9h,1.0,复习,7,
Alice_199,班课,Diego,L000465,2025年8月8日,周五,viernes,Friday,21:00,15:00,-6h,1.67,口语,2,语法掌握一般
Lucas_502,小组课,Diego,L000465,2025-08-08,周五,viernes,Friday,21:00,12:00,-9h,1.67,阅读,13,语法掌握一般
Alice199,班课,Diego,L000466,2025-08-15,周五,viernes,Friday,21:00,15:00,-6h,1.5,听力,11,需要加强口语练习
Lucas502,班课,Diego,L000466,2025-08-15,周五,viernes,Friday,21:00,12:00,-9h,1.5,口语,5,需要加强口语练习
Alice_199,班课,Diego,L000467,2025/08/22,周五,viernes,Friday,21:00,15:00,-6h,1.67,语法,5,语法掌握一般
Lucas_502,班课,Diego,L000467,2025/08/22,周五,viernes,Friday,21:00,12:00,-9h,1.67,口语,5,语法掌握一般
Alice_199,班课,Diego,L000468,2025-08-29,周五,viernes,Friday,21:00,15:00,-6h,1.0,复习,10,完成本节内容
Lucas_502,班课,Diego（教务）,L000468,2025/08/29,周五,viernes,Friday,21:00,13:00,-8h,1.0,阅读,6,完成本节内容
Alice_199,班课,Diego,L000469,2025-09-05,周五,viernes,Friday,21:00,15:00,-6h,1.67,听力,6,
Lucas502,小组课,Diego,L000469,2025-09-05,周五,viernes,Friday,21:00,12:00,-9h,1.67,听力,5,
Alice_199,班课,Diego,L000470,2025年9月12日,周五,viernes,Friday,21:00,14:00,-7h,1.5,口语,1,完成本节内容
Lucas502,班课,Diego（教务）,L000470,2025-09-12,周五,viernes,Friday,21:00,12:00,-9h,1.5,语法,9,完成本节内容
Alice_199,小组课,Diego,L000471,09/19/2025,周五,viernes,Friday,21:00,15:00,-6h,1.5,口语,6,语法掌握一般
Lucas_502,班课,Diego,L000471,2025年9月19日,周五,viernes,Friday,21:00,12:00,-9h,1.5,语法,12,语法掌握一般
Alice199,班课,Diego,L000472,2025年9月26日,周五,viernes,Friday,21:00,15:00,-6h,1.5,听力,1,完成本节内容
Lucas502,小组课,Diego,L000472,2025-09-26,周五,viernes,Friday,21:00,12:00,-9h,1.5,口语,3,完成本节内容
Alice_199（教务）,小组课,Diego,L000473,2025-10-03,周五,viernes,Friday,21:00,15:00,-6h,1.0,口语,12,
Lucas_502,小组课,Diego,L000473,2025/10/03,周五,viernes,Friday,21:00,12:00,-9h,1.0,语法,7,
Alice199,小组课,Diego,L000474,2025-10-10,周五,viernes,Friday,21:00,15:00,-6h,1.0,语法,6,完成本节内容
Lucas_502,班课,Diego,L000474,2025-10-10,周五,viernes,Friday,21:00,12:00,-9h,1.0,复习,7,完成本节内容
Alice_199,班课,Diego,L000475,10/17/2025,周五,viernes,Friday,21:00,15:00,-6h,1.67,语法,10,需要加强口语练习
Lucas_502,班课,Diego,L000475,2025-10-17,周五,viernes,Friday,21:00,12:00,-9h,1.67,复习,2,需要加强口语练习
Alice_199,班课,Diego,L000476,2025-10-24,周五,viernes,Friday,21:00,15:00,-6h,1.0,语法,1,需要加强口语练习
Lucas_502,小组课,Diego,L000476,2025/10/24,周五,viernes,Friday,21:00,12:00,-9h,1.0,口语,12,需要加强口语练习
Alice_199,班课,Diego,L000477,2025年10月31日,周五,viernes,Friday,21:00,15:00,-6h,1.0,口语,11,完成本节内容
Lucas502,班课,Diego,L000477,2025年10月31日,周五,viernes,Friday,21:00,13:00,-8h,1.0,听力,3,完成本节内容
Alice_199,小组课,Diego,L000478,2025-11-07,周五,viernes,Friday,21:00,15:00,-6h,1.0,阅读,4,完成本节内容
Lucas502,小组课,Diego,L000478,2025年11月7日,周五,viernes,Friday,21:00,12:00,-9h,1.0,阅读,6,完成本节内容
Alice_199,小组课,Diego,L000479,2025-11-14,周五,viernes,Friday,21:00,15:00,-6h,1.67,语法,11,
Lucas_502,班课,Diego（教务）,L000479,2025-11-14,周五,viernes,Friday,21:00,12:00,-9h,1.67,语法,1,
Alice_199,小组课,Diego,L000480,11/21/2025,周五,viernes,Friday,21:00,15:00,-6h,1.0,口语,2,
Lucas_502,小组课,Diego,L000480,2025/11/21,周五,viernes,Friday,21:00,11:00,-10h,1.0,口语,8,
Alice_199,班课,Diego,L000481,2025-11-28,周五,viernes,Friday,21:00,15:00,-6h,1.5,语法,11,课堂参与积极
Lucas_502,小组课,Diego,L000481,2025-11-28,周五,viernes,Friday,21:00,12:00,-9h,1.5,语法,11,课堂参与积极
Alice_199,小组课,Diego（教务）,L000482,2025-12-05,周五,viernes,Friday,21:00,15:00,-6h,1.0,听力,2,需要加强口语练习
Lucas_502,小组课,Diego,L000482,2025-12-05,周五,viernes,Friday,21:00,12:00,-9h,1.0,口语,8,需要加强口语练习
Alice199,班课,Diego,L000483,12/12/2025,周五,viernes,Friday,21:00,15:00,-6h,2.0,语法,8,完成本节内容
Lucas_502,班课,Diego,L000483,12/12/2025,周五,viernes,Friday,21:00,12:00,-9h,2.0,口语,3,完成本节内容
Alice_199,班课,Diego,L000484,2025/12/19,周五,viernes,Friday,21:00,15:00,-6h,1.67,语法,11,需要加强口语练习
Lucas_502,班课,Diego,L000484,2025-12-19,周五,viernes,Friday,21:00,12:00,-9h,1.67,阅读,4,需要加强口语练习
Alice_199,小组课,Diego,L000485,2025-12-26,周五,viernes,Friday,21:00,15:00,-6h,1.5,口语,12,
Lucas_502,班课,Diego,L000485,2025-12-26,周五,viernes,Friday,21:00,12:00,-9h,1.5,口语,4,
Alice_199,小组课,Diego,L000486,2026-01-02,周五,viernes,Friday,21:00,15:00,-6h,1.5,口语,4,语法掌握一般
Lucas_502（教务）,小组课,Diego,L000486,01/02/2026,周五,viernes,Friday,21:00,12:00,-9h,1.5,阅读,11,语法掌握一般
Alice_199,小组课,Diego,L000487,2026/01/09,周五,viernes,Friday,21:00,15:00,-6h,1.0,口语,8,课堂参与积极
Lucas502,小组课,Diego,L000487,2026-01-09,周五,viernes,Friday,21:00,12:00,-9h,1.0,语法,8,课堂参与积极
Alice_199,班课,Diego,L000488,2026/01/16,周五,viernes,Friday,21:00,15:00,-6h,1.0,口语,11,语法掌握一般
Lucas_502,小组课,Diego,L000488,2026/01/16,周五,viernes,Friday,21:00,12:00,-9h,1.0,复习,4,语法掌握一般
Alice_199,班课,Diego,L000489,2026/01/23,周五,viernes,Friday,21:00,15:00,-6h,1.67,语法,4,语法掌握一般
Lucas502,小组课,Diego,L000489,2026-01-23,周五,viernes,Friday,21:00,12:00,-9h,1.67,语法,1,语法掌握一般
Alice_199,班课,Diego,L000490,2026年1月30日,周五,viernes,Friday,21:00,14:00,-7h,1.67,口语,11,需要加强口语练习
Lucas_502,班课,Diego,L000490,2026-01-30,周五,viernes,Friday,21:00,10:00,-11h,1.67,口语,9,需要加强口语练习
Alice_199,小组课,Diego,L000491,2026-02-06,周五,viernes,Friday,21:00,15:00,-6h,1.0,口语,9,完成本节内容
Lucas_502,小组课,Diego,L000491,2026-02-06,周五,viernes,Friday,21:00,12:00,-9h,1.0,语法,12,完成本节内容
Alice199,小组课,Diego,L000492,2026年2月13日,周五,viernes,Friday,21:00,15:00,-6h,1.0,语法,14,课堂参与积极
Lucas_502,小组课,Diego,L000492,2026/02/13,周五,viernes,Friday,21:00,12:00,-9h,1.0,听力,13,课堂参与积极
Alice199,班课,Diego,L000493,2026-02-20,周五,viernes,Friday,21:00,15:00,-6h,1.67,阅读,14,需要加强口语练习
Lucas_502（教务）,班课,Diego,L000493,2026-02-20,周五,viernes,Friday,21:00,12:00,-9h,1.67,语法,1,需要加强口语练习
Alice_199,班课,Diego,L000494,2026-02-27,周五,viernes,Friday,21:00,15:00,-6h,1.0,听力,3,需要加强口语练习
Lucas_502,小组课,Diego,L000494,2026/02/27,周五,viernes,Friday,21:00,12:00,-9h,1.0,阅读,14,需要加强口语练习
Alice_199,班课,Diego,L000495,03/06/2026,周五,viernes,Friday,21:00,15:00,-6h,1.67,复习,12,语法掌握一般
Lucas_502,班课,Diego,L000495,2026/03/06,周五,viernes,Friday,21:00,12:00,-9h,1.67,口语,1,语法掌握一般
Alice199,班课,Diego,L000496,2026-03-13,周五,viernes,Friday,21:00,16:00,-5h,1.0,口语,6,完成本节内容
Lucas502,小组课,Diego,L000496,2026年3月13日,周五,viernes,Friday,21:00,13:00,-8h,1.0,语法,5,完成本节内容
Alice_199,班课,Diego,L000497,2026/03/20,周五,viernes,Friday,21:00,16:00,-5h,2.0,口语,8,需要加强口语练习
Lucas_502,班课,Diego,L000497,03/20/2026,周五,viernes,Friday,21:00,13:00,-8h,2.0,语法,3,需要加强口语练习
Alice199,小组课,Diego,L000498,2026-03-27,周五,viernes,Friday,21:00,16:00,-5h,2.0,语法,11,语法掌握一般
Lucas_502,班课,Diego,L000498,2026/03/27,周五,viernes,Friday,21:00,13:00,-8h,2.0,口语,5,语法掌握一般
Alice199,小组课,Diego,L000499,2026年4月3日,周五,viernes,Friday,21:00,15:00,-6h,1.5,口语,4,课堂参与积极
Lucas_502（教务）,班课,Diego,L000499,2026-04-03,周五,viernes,Friday,21:00,12:00,-9h,1.5,阅读,3,课堂参与积极
Alice_199,班课,Diego,L000500,2026/04/10,周五,viernes,Friday,21:00,15:00,-6h,1.5,听力,13,课堂参与积极
Lucas_502,班课,Diego,L000500,2026-04-10,周五,viernes,Friday,21:00,12:00,-9h,1.5,语法,12,课堂参与积极
Alice199,班课,Diego,L000501,2026-04-17,周五,viernes,Friday,21:00,15:00,-6h,1.0,语法,10,完成本节内容
Lucas_502,小组课,Diego,L000501,04/17/2026,周五,viernes,Friday,21:00,12:00,-9h,1.0,口语,4,完成本节内容
Alice199,班课,Diego,L000502,2026-04-24,周五,viernes,Friday,21:00,15:00,-6h,1.5,口语,5,语法掌握一般
Lucas_502,小组课,Diego,L000502,2026年4月24日,周五,viernes,Friday,21:00,12:00,-9h,1.5,语法,14,语法掌握一般
Alice_199,小组课,Diego,L000503,2026-05-01,周五,viernes,Friday,21:00,15:00,-6h,1.67,阅读,2,课堂参与积极
Lucas_502,小组课,Diego,L000503,2026/05/01,周五,viernes,Friday,21:00,12:00,-9h,1.67,语法,2,课堂参与积极
Alice_199,小组课,Diego,L000504,05/08/2026,周五,viernes,Friday,21:00,15:00,-6h,1.5,阅读,6,课堂参与积极
Lucas_502,小组课,Diego,L000504,05/08/2026,周五,viernes,Friday,21:00,12:00,-9h,1.5,口语,12,课堂参与积极
Alice_199,小组课,Diego,L000505,2026/05/15,周五,viernes,Friday,21:00,15:00,-6h,1.67,复习,13,完成本节内容
Lucas_502,班课,Diego,L000505,2026-05-15,周五,viernes,Friday,21:00,12:00,-9h,1.67,口语,7,完成本节内容
Alice_199（教务）,班课,Diego,L000506,05/22/2026,周五,viernes,Friday,21:00,15:00,-6h,1.0,阅读,11,
Lucas_502（教务）,小组课,Diego,L000506,2026-05-22,周五,viernes,Friday,21:00,12:00,-9h,1.0,语法,2,
Alice_199,小组课,Diego,L000507,2026-05-29,周五,viernes,Friday,21:00,15:00,-6h,1.67,口语,6,需要加强口语练习
Lucas_502,小组课,Diego,L000507,2026-05-29,周五,viernes,Friday,21:00,12:00,-9h,1.67,语法,8,需要加强口语练习
Alice_199,小组课,Diego（教务）,L000508,2026年6月5日,周五,viernes,Friday,21:00,15:00,-6h,1.0,口语,13,课堂参与积极
Lucas_502（教务）,小组课,Diego,L000508,2026-06-05,周五,viernes,Friday,21:00,12:00,-9h,1.0,口语,14,课堂参与积极
Alice_199（教务）,班课,Diego,L000509,2026-06-12,周五,viernes,Friday,21:00,15:00,-6h,1.0,阅读,2,语法掌握一般
Lucas502,小组课,Diego,L000509,2026年6月12日,周五,viernes,Friday,21:00,12:00,-9h,1.0,阅读,10,语法掌握一般
Alice199,小组课,Diego,L000510,06/19/2026,周五,viernes,Friday,21:00,15:00,-6h,1.0,听力,9,需要加强口语练习
Lucas502,小组课,Diego,L000510,2026-06-19,周五,viernes,Friday,21:00,11:00,-10h,1.0,口语,10,需要加强口语练习
Alice_199,班课,Diego,L000511,2026/06/26,周五,viernes,Friday,21:00,15:00,-6h,1.5,语法,3,语法掌握一般
Lucas502,小组课,Diego,L000511,2026-06-26,周五,viernes,Friday,21:00,12:00,-9h,1.5,听力,6,语法掌握一般
Alice_199,班课,Diego,L000512,2026-07-03,周五,viernes,Friday,21:00,15:00,-6h,2.0,口语,13,语法掌握一般
Lucas502,班课,Diego,L000512,2026-07-03,周五,viernes,Friday,21:00,11:00,-10h,2.0,阅读,2,语法掌握一般
Alice_199,小组课,Diego,L000513,2026年7月10日,周五,viernes,Friday,21:00,15:00,-6h,1.5,语法,13,课堂参与积极
Lucas502,小组课,Diego,L000513,07/10/2026,周五,viernes,Friday,21:00,12:00,-9h,1.5,阅读,3,课堂参与积极
Alice199,小组课,Diego,L000514,2026-07-17,周五,viernes,Friday,21:00,15:00,-6h,2.0,语法,7,语法掌握一般
Lucas_502,班课,Diego,L000514,2026-07-17,周五,viernes,Friday,21:00,12:00,-9h,2.0,口语,4,语法掌握一般
Alice_199,班课,Diego（教务）,L000515,2026-07-24,周五,viernes,Friday,21:00,15:00,-6h,2.0,复习,7,需要加强口语练习
Lucas_502,班课,Diego,L000515,2026-07-24,周五,viernes,Friday,21:00,13:00,-8h,2.0,语法,11,需要加强口语练习
Alice_199,小组课,Diego,L000516,2026/07/31,周五,viernes,Friday,21:00,16:00,-5h,1.5,听力,14,需要加强口语练习
Lucas_502,小组课,Diego,L000516,07/31/2026,周五,viernes,Friday,21:00,12:00,-9h,1.5,语法,1,需要加强口语练习
Alice_199,小组课,Diego,L000517,2026-08-07,周五,viernes,Friday,21:00,15:00,-6h,1.5,语法,12,
Lucas_502,班课,Diego,L000517,2026/08/07,周五,viernes,Friday,21:00,12:00,-9h,1.5,语法,2,
Alice_199（教务）,班课,Diego,L000518,2026年8月14日,周五,viernes,Friday,21:00,15:00,-6h,1.0,听力,5,完成本节内容
Lucas_502（教务）,小组课,Diego,L000518,08/14/2026,周五,viernes,Friday,21:00,12:00,-9h,1.0,听力,5,完成本节内容
Alice199,小组课,Diego,L000519,2026年8月21日,周五,viernes,Friday,21:00,15:00,-6h,1.0,语法,1,完成本节内容
Lucas_502（教务）,小组课,Diego（教务）,L000519,08/21/2026,周五,viernes,Friday,21:00,12:00,-9h,1.0,口语,3,完成本节内容
Alice_199,小组课,Diego,L000520,2026-08-28,周五,viernes,Friday,21:00,15:00,-6h,1.0,阅读,1,语法掌握一般
Lucas_502,小组课,Diego,L000520,2026-08-28,周五,viernes,Friday,21:00,12:00,-9h,1.0,阅读,7,语法掌握一般
Ryan_182,一对一,Carmen,L000521,05/23/2026,周六,sábado,Saturday,18:00,17:00,-1h,1.0,口语,8,
Ryan_182,1V1,Carmen,L000522,2026-05-30,周六,sábado,Saturday,18:00,19:00,+1h,2.0,阅读,12,语法掌握一般
Ryan_182,1V1,Carmen,L000523,06/06/2026,周六,sábado,Saturday,18:00,18:00,+0h,1.0,听力,11,完成本节内容
Ryan_182,1V1,Carmen,L000524,06/13/2026,周六,sábado,Saturday,18:00,18:00,+0h,1.67,口语,3,完成本节内容
Ryan_182,私教,Carmen,L000525,2026/06/20,周六,sábado,Saturday,18:00,19:00,+1h,1.67,听力,2,课堂参与积极
Ryan_182,1V1,Carmen,L000526,2026-06-27,周六,sábado,Saturday,18:00,18:00,+0h,1.0,语法,6,课堂参与积极
Ryan_182,1V1,Carmen,L000527,2026-07-04,周六,sábado,Saturday,18:00,18:00,+0h,1.67,阅读,6,需要加强口语练习
Ryan_182,一对一,Carmen,L000528,07/11/2026,周六,sábado,Saturday,18:00,18:00,+0h,2.0,口语,7,课堂参与积极
Ryan_182,一对一,Carmen,L000529,2026年7月18日,周六,sábado,Saturday,18:00,18:00,+0h,1.67,口语,1,需要加强口语练习
Ryan_182,私教,Carmen,L000530,07/25/2026,周六,sábado,Saturday,18:00,18:00,+0h,1.5,阅读,8,完成本节内容
Ryan_182,一对一,Carmen,L000531,2026/08/01,周六,sábado,Saturday,18:00,18:00,+0h,2.0,阅读,5,完成本节内容
Ryan182,私教,Carmen,L000532,2026/08/08,周六,sábado,Saturday,18:00,18:00,+0h,1.0,语法,11,语法掌握一般
Ryan182,私教,Carmen,L000533,08/15/2026,周六,sábado,Saturday,18:00,18:00,+0h,2.0,口语,10,需要加强口语练习
Ryan_182,1V1,Carmen,L000534,2026-08-22,周六,sábado,Saturday,18:00,18:00,+0h,1.0,阅读,10,
Ryan_182,一对一,Carmen,L000535,2026-08-29,周六,sábado,Saturday,18:00,18:00,+0h,1.67,语法,2,完成本节内容
Ethan_130,班课,Sandra,L000536,2025-08-17,周日,domingo,Sunday,15:00,21:00,+6h,1.67,口语,1,
Chloe_231,班课,Sandra,L000536,2025年8月17日,周日,domingo,Sunday,15:00,15:00,+0h,1.67,语法,3,
Ethan_130,小组课,Sandra,L000537,2025-08-24,周日,domingo,Sunday,15:00,21:00,+6h,1.67,听力,5,完成本节内容
Chloe231,小组课,Sandra,L000537,2025/08/24,周日,domingo,Sunday,15:00,15:00,+0h,1.67,阅读,14,完成本节内容
Ethan_130,班课,Sandra,L000538,2025年8月31日,周日,domingo,Sunday,15:00,21:00,+6h,1.67,听力,2,课堂参与积极
Chloe231,班课,Sandra（教务）,L000538,2025年8月31日,周日,domingo,Sunday,15:00,15:00,+0h,1.67,听力,5,课堂参与积极
Ethan_130,小组课,Sandra,L000539,2025/09/07,周日,domingo,Sunday,15:00,21:00,+6h,1.0,语法,5,完成本节内容
Chloe_231,班课,Sandra,L000539,2025-09-07,周日,domingo,Sunday,15:00,15:00,+0h,1.0,口语,3,完成本节内容
Ethan_130,班课,Sandra,L000540,2025-09-14,周日,domingo,Sunday,15:00,21:00,+6h,1.67,复习,1,需要加强口语练习
Chloe_231（教务）,小组课,Sandra,L000540,2025年9月14日,周日,domingo,Sunday,15:00,15:00,+0h,1.67,口语,8,需要加强口语练习
Ethan130,小组课,Sandra,L000541,09/21/2025,周日,domingo,Sunday,15:00,21:00,+6h,1.5,听力,4,语法掌握一般
Chloe_231,小组课,Sandra,L000541,2025年9月21日,周日,domingo,Sunday,15:00,15:00,+0h,1.5,阅读,5,语法掌握一般
Ethan130,班课,Sandra（教务）,L000542,2025-09-28,周日,domingo,Sunday,15:00,21:00,+6h,1.5,口语,4,完成本节内容
Chloe_231,小组课,Sandra（教务）,L000542,2025年9月28日,周日,domingo,Sunday,15:00,15:00,+0h,1.5,语法,14,完成本节内容
Ethan_130,小组课,Sandra,L000543,2025-10-05,周日,domingo,Sunday,15:00,21:00,+6h,1.0,阅读,5,需要加强口语练习
Chloe_231（教务）,班课,Sandra,L000543,2025/10/05,周日,domingo,Sunday,15:00,15:00,+0h,1.0,听力,2,需要加强口语练习
Ethan_130,小组课,Sandra,L000544,10/12/2025,周日,domingo,Sunday,15:00,21:00,+6h,1.0,复习,1,课堂参与积极
Chloe_231,班课,Sandra,L000544,2025/10/12,周日,domingo,Sunday,15:00,15:00,+0h,1.0,阅读,12,课堂参与积极
Ethan_130,班课,Sandra（教务）,L000545,2025-10-19,周日,domingo,Sunday,15:00,21:00,+6h,2.0,口语,14,课堂参与积极
Chloe231,班课,Sandra,L000545,2025/10/19,周日,domingo,Sunday,15:00,15:00,+0h,2.0,听力,9,课堂参与积极
Ethan130,班课,Sandra（教务）,L000546,2025-10-26,周日,domingo,Sunday,15:00,22:00,+7h,1.0,语法,4,需要加强口语练习
Chloe_231,班课,Sandra,L000546,2025-10-26,周日,domingo,Sunday,15:00,15:00,+0h,1.0,复习,2,需要加强口语练习
Ethan_130,小组课,Sandra（教务）,L000547,2025/11/02,周日,domingo,Sunday,15:00,22:00,+7h,1.0,语法,6,完成本节内容
Chloe_231（教务）,小组课,Sandra,L000547,2025-11-02,周日,domingo,Sunday,15:00,15:00,+0h,1.0,阅读,13,完成本节内容
Ethan_130,班课,Sandra,L000548,2025-11-09,周日,domingo,Sunday,15:00,22:00,+7h,1.67,口语,11,需要加强口语练习
Chloe_231,班课,Sandra,L000548,11/09/2025,周日,domingo,Sunday,15:00,15:00,+0h,1.67,复习,2,需要加强口语练习
Ethan130,班课,Sandra,L000549,11/16/2025,周日,domingo,Sunday,15:00,23:00,+8h,1.5,阅读,8,课堂参与积极
Chloe_231,班课,Sandra,L000549,2025-11-16,周日,domingo,Sunday,15:00,15:00,+0h,1.5,听力,4,课堂参与积极
Ethan_130,班课,Sandra,L000550,2025/11/23,周日,domingo,Sunday,15:00,22:00,+7h,1.0,阅读,12,需要加强口语练习
Chloe231,小组课,Sandra,L000550,2025-11-23,周日,domingo,Sunday,15:00,15:00,+0h,1.0,口语,13,需要加强口语练习
Ethan_130,小组课,Sandra,L000551,11/30/2025,周日,domingo,Sunday,15:00,23:00,+8h,1.0,口语,7,语法掌握一般
Chloe_231,班课,Sandra（教务）,L000551,2025年11月30日,周日,domingo,Sunday,15:00,15:00,+0h,1.0,口语,11,语法掌握一般
Ethan_130,班课,Sandra,L000552,2025年12月7日,周日,domingo,Sunday,15:00,22:00,+7h,1.0,口语,9,完成本节内容
Chloe_231,班课,Sandra,L000552,2025/12/07,周日,domingo,Sunday,15:00,15:00,+0h,1.0,阅读,7,完成本节内容
Ethan130,小组课,Sandra,L000553,2025年12月14日,周日,domingo,Sunday,15:00,21:00,+6h,1.0,听力,9,完成本节内容
Chloe231,班课,Sandra,L000553,12/14/2025,周日,domingo,Sunday,15:00,15:00,+0h,1.0,语法,3,完成本节内容
Ethan_130,班课,Sandra,L000554,12/21/2025,周日,domingo,Sunday,15:00,22:00,+7h,1.0,阅读,9,完成本节内容
Chloe_231,小组课,Sandra,L000554,2025-12-21,周日,domingo,Sunday,15:00,15:00,+0h,1.0,听力,14,完成本节内容
Ethan130,班课,Sandra,L000555,2025-12-28,周日,domingo,Sunday,15:00,22:00,+7h,1.0,语法,7,语法掌握一般
Chloe231,小组课,Sandra,L000555,2025/12/28,周日,domingo,Sunday,15:00,15:00,+0h,1.0,口语,6,语法掌握一般
Ethan130,班课,Sandra,L000556,2026/01/04,周日,domingo,Sunday,15:00,22:00,+7h,1.5,听力,13,课堂参与积极
Chloe_231,班课,Sandra,L000556,2026/01/04,周日,domingo,Sunday,15:00,15:00,+0h,1.5,语法,12,课堂参与积极
Ethan130,班课,Sandra,L000557,2026-01-11,周日,domingo,Sunday,15:00,22:00,+7h,1.67,听力,11,课堂参与积极
Chloe_231,小组课,Sandra,L000557,2026/01/11,周日,domingo,Sunday,15:00,15:00,+0h,1.67,语法,14,课堂参与积极
Ethan_130,班课,Sandra,L000558,2026-01-18,周日,domingo,Sunday,15:00,22:00,+7h,1.0,阅读,10,完成本节内容
Chloe_231,班课,Sandra,L000558,2026/01/18,周日,domingo,Sunday,15:00,15:00,+0h,1.0,语法,8,完成本节内容
Ethan_130,小组课,Sandra,L000559,2026-01-25,周日,domingo,Sunday,15:00,22:00,+7h,1.67,口语,3,需要加强口语练习
Chloe_231,班课,Sandra,L000559,2026-01-25,周日,domingo,Sunday,15:00,15:00,+0h,1.67,复习,6,需要加强口语练习
Ethan_130,班课,Sandra,L000560,02/01/2026,周日,domingo,Sunday,15:00,22:00,+7h,1.0,口语,2,课堂参与积极
Chloe231,班课,Sandra（教务）,L000560,2026-02-01,周日,domingo,Sunday,15:00,15:00,+0h,1.0,口语,2,课堂参与积极
Ethan_130,班课,Sandra,L000561,02/08/2026,周日,domingo,Sunday,15:00,22:00,+7h,1.0,阅读,6,完成本节内容
Chloe231,小组课,Sandra,L000561,2026-02-08,周日,domingo,Sunday,15:00,15:00,+0h,1.0,复习,4,完成本节内容
Ethan_130（教务）,班课,Sandra,L000562,2026-02-15,周日,domingo,Sunday,15:00,22:00,+7h,1.0,复习,9,课堂参与积极
Chloe231,班课,Sandra,L000562,02/15/2026,周日,domingo,Sunday,15:00,15:00,+0h,1.0,听力,2,课堂参与积极
Ethan_130,班课,Sandra,L000563,2026年2月22日,周日,domingo,Sunday,15:00,22:00,+7h,1.0,阅读,6,需要加强口语练习
Chloe_231,小组课,Sandra,L000563,02/22/2026,周日,domingo,Sunday,15:00,13:00,-2h,1.0,听力,2,需要加强口语练习
Ethan_130（教务）,小组课,Sandra,L000564,2026-03-01,周日,domingo,Sunday,15:00,21:00,+6h,1.0,听力,9,语法掌握一般
Chloe_231,班课,Sandra,L000564,2026-03-01,周日,domingo,Sunday,15:00,15:00,+0h,1.0,复习,6,语法掌握一般
Ethan130,班课,Sandra,L000565,2026年3月8日,周日,domingo,Sunday,15:00,22:00,+7h,1.0,复习,7,
Chloe_231,班课,Sandra,L000565,2026年3月8日,周日,domingo,Sunday,15:00,15:00,+0h,1.0,口语,6,
Ethan_130,小组课,Sandra,L000566,2026-03-15,周日,domingo,Sunday,15:00,22:00,+7h,1.0,复习,1,语法掌握一般
Chloe_231,小组课,Sandra,L000566,2026-03-15,周日,domingo,Sunday,15:00,15:00,+0h,1.0,阅读,1,语法掌握一般
Ethan_130,小组课,Sandra,L000567,2026/03/22,周日,domingo,Sunday,15:00,22:00,+7h,2.0,语法,8,语法掌握一般
Chloe_231,小组课,Sandra,L000567,2026-03-22,周日,domingo,Sunday,15:00,15:00,+0h,2.0,阅读,5,语法掌握一般
Ethan_130,小组课,Sandra,L000568,2026/03/29,周日,domingo,Sunday,15:00,21:00,+6h,1.0,语法,4,需要加强口语练习
Chloe_231,班课,Sandra,L000568,03/29/2026,周日,domingo,Sunday,15:00,15:00,+0h,1.0,语法,14,需要加强口语练习
Ethan_130（教务）,班课,Sandra,L000569,2026年4月5日,周日,domingo,Sunday,15:00,21:00,+6h,1.0,语法,8,需要加强口语练习
Chloe_231,小组课,Sandra,L000569,2026年4月5日,周日,domingo,Sunday,15:00,15:00,+0h,1.0,复习,10,需要加强口语练习
Ethan_130,小组课,Sandra（教务）,L000570,2026-04-12,周日,domingo,Sunday,15:00,21:00,+6h,1.67,口语,6,
Chloe231,小组课,Sandra,L000570,2026年4月12日,周日,domingo,Sunday,15:00,15:00,+0h,1.67,阅读,6,
Ethan_130,班课,Sandra,L000571,2026-04-19,周日,domingo,Sunday,15:00,21:00,+6h,1.0,口语,13,语法掌握一般
Chloe_231,小组课,Sandra,L000571,2026/04/19,周日,domingo,Sunday,15:00,15:00,+0h,1.0,语法,7,语法掌握一般
Ethan_130,小组课,Sandra,L000572,04/26/2026,周日,domingo,Sunday,15:00,21:00,+6h,1.67,阅读,13,语法掌握一般
Chloe_231（教务）,班课,Sandra,L000572,2026/04/26,周日,domingo,Sunday,15:00,15:00,+0h,1.67,阅读,12,语法掌握一般
Ethan_130（教务）,班课,Sandra,L000573,2026-05-03,周日,domingo,Sunday,15:00,21:00,+6h,1.0,听力,4,完成本节内容
Chloe231,小组课,Sandra,L000573,2026年5月3日,周日,domingo,Sunday,15:00,15:00,+0h,1.0,语法,4,完成本节内容
Ethan_130,班课,Sandra,L000574,2026-05-10,周日,domingo,Sunday,15:00,21:00,+6h,1.0,复习,13,语法掌握一般
Chloe_231,小组课,Sandra,L000574,2026/05/10,周日,domingo,Sunday,15:00,15:00,+0h,1.0,语法,10,语法掌握一般
Ethan130,班课,Sandra,L000575,2026-05-17,周日,domingo,Sunday,15:00,21:00,+6h,1.67,复习,10,课堂参与积极
Chloe_231,班课,Sandra,L000575,2026-05-17,周日,domingo,Sunday,15:00,15:00,+0h,1.67,口语,4,课堂参与积极
Ethan_130,班课,Sandra,L000576,2026/05/24,周日,domingo,Sunday,15:00,21:00,+6h,1.0,阅读,12,完成本节内容
Chloe_231,小组课,Sandra,L000576,2026-05-24,周日,domingo,Sunday,15:00,14:00,-1h,1.0,语法,7,完成本节内容
Ethan_130,小组课,Sandra,L000577,2026-05-31,周日,domingo,Sunday,15:00,21:00,+6h,1.0,语法,11,语法掌握一般
Chloe_231,班课,Sandra,L000577,2026-05-31,周日,domingo,Sunday,15:00,15:00,+0h,1.0,复习,8,语法掌握一般
Ethan_130,小组课,Sandra,L000578,2026-06-07,周日,domingo,Sunday,15:00,22:00,+7h,1.0,语法,14,完成本节内容
Chloe231,小组课,Sandra,L000578,06/07/2026,周日,domingo,Sunday,15:00,15:00,+0h,1.0,口语,9,完成本节内容
Ethan_130（教务）,班课,Sandra,L000579,06/14/2026,周日,domingo,Sunday,15:00,21:00,+6h,1.67,语法,5,语法掌握一般
Chloe_231,小组课,Sandra（教务）,L000579,2026-06-14,周日,domingo,Sunday,15:00,14:00,-1h,1.67,听力,1,语法掌握一般
Ethan_130,班课,Sandra,L000580,2026-06-21,周日,domingo,Sunday,15:00,23:00,+8h,1.67,口语,6,需要加强口语练习
Chloe_231（教务）,小组课,Sandra,L000580,2026年6月21日,周日,domingo,Sunday,15:00,15:00,+0h,1.67,听力,3,需要加强口语练习
Ethan_130,班课,Sandra,L000581,2026/06/28,周日,domingo,Sunday,15:00,21:00,+6h,1.0,语法,5,课堂参与积极
Chloe_231,班课,Sandra,L000581,2026/06/28,周日,domingo,Sunday,15:00,15:00,+0h,1.0,复习,14,课堂参与积极
Ethan_130,小组课,Sandra,L000582,2026-07-05,周日,domingo,Sunday,15:00,21:00,+6h,1.0,语法,9,需要加强口语练习
Chloe_231,小组课,Sandra,L000582,2026-07-05,周日,domingo,Sunday,15:00,15:00,+0h,1.0,语法,10,需要加强口语练习
Ethan_130,小组课,Sandra,L000583,07/12/2026,周日,domingo,Sunday,15:00,21:00,+6h,2.0,听力,9,语法掌握一般
Chloe_231,小组课,Sandra,L000583,07/12/2026,周日,domingo,Sunday,15:00,15:00,+0h,2.0,阅读,7,语法掌握一般
Ethan130,小组课,Sandra,L000584,2026-07-19,周日,domingo,Sunday,15:00,18:00,+3h,1.0,听力,6,完成本节内容
Chloe_231,小组课,Sandra（教务）,L000584,2026-07-19,周日,domingo,Sunday,15:00,15:00,+0h,1.0,复习,3,完成本节内容
Ethan_130,小组课,Sandra,L000585,2026-07-26,周日,domingo,Sunday,15:00,21:00,+6h,1.5,口语,7,课堂参与积极
Chloe_231,小组课,Sandra,L000585,2026/07/26,周日,domingo,Sunday,15:00,15:00,+0h,1.5,语法,5,课堂参与积极
Ethan_130,小组课,Sandra,L000586,2026-08-02,周日,domingo,Sunday,15:00,21:00,+6h,1.0,复习,8,完成本节内容
Chloe_231,小组课,Sandra,L000586,2026-08-02,周日,domingo,Sunday,15:00,15:00,+0h,1.0,语法,1,完成本节内容
Ethan_130（教务）,小组课,Sandra,L000587,2026-08-09,周日,domingo,Sunday,15:00,21:00,+6h,1.5,语法,9,语法掌握一般
Chloe231,班课,Sandra,L000587,2026-08-09,周日,domingo,Sunday,15:00,15:00,+0h,1.5,阅读,13,语法掌握一般
Ethan_130（教务）,班课,Sandra（教务）,L000588,2026-08-16,周日,domingo,Sunday,15:00,21:00,+6h,1.0,语法,8,完成本节内容
Chloe_231,班课,Sandra,L000588,2026-08-16,周日,domingo,Sunday,15:00,15:00,+0h,1.0,阅读,6,完成本节内容
Ethan_130,小组课,Sandra,L000589,2026-08-23,周日,domingo,Sunday,15:00,21:00,+6h,2.0,复习,8,需要加强口语练习
Chloe_231,小组课,Sandra,L000589,2026年8月23日,周日,domingo,Sunday,15:00,15:00,+0h,2.0,语法,6,需要加强口语练习
Ethan130,小组课,Sandra,L000590,2026年8月30日,周日,domingo,Sunday,15:00,21:00,+6h,1.0,听力,9,课堂参与积极
Chloe231,小组课,Sandra,L000590,2026-08-30,周日,domingo,Sunday,15:00,15:00,+0h,1.0,口语,3,课堂参与积极
Noah_278,私教,Carmen,L000591,2026年8月1日,周六,sábado,Saturday,18:00,00:00,+6h,1.0,复习,9,完成本节内容
Noah_278（教务）,私教,Carmen,L000592,08/08/2026,周六,sábado,Saturday,18:00,00:00,+6h,1.5,语法,10,完成本节内容
Noah_278,1V1,Carmen,L000593,2026-08-15,周六,sábado,Saturday,18:00,00:00,+6h,1.5,语法,8,需要加强口语练习
Noah_278,私教,Carmen,L000594,2026/08/22,周六,sábado,Saturday,18:00,00:00,+6h,1.0,口语,7,完成本节内容
Noah_278,私教,Carmen,L000595,2026/08/29,周六,sábado,Saturday,18:00,00:00,+6h,1.0,阅读,13,语法掌握一般
Lydia_514,私教,Natalia,L000596,2026-01-03,周六,sábado,Saturday,18:00,18:00,+0h,1.5,语法,11,课堂参与积极
Lydia_514,私教,Natalia,L000597,2026-01-10,周六,sábado,Saturday,18:00,18:00,+0h,1.0,口语,12,语法掌握一般
Lydia_514,1V1,Natalia,L000598,2026/01/17,周六,sábado,Saturday,18:00,18:00,+0h,1.0,口语,4,语法掌握一般
Lydia_514（教务）,一对一,Natalia,L000599,2026-01-24,周六,sábado,Saturday,18:00,18:00,+0h,1.67,口语,4,
Lydia_514（教务）,1V1,Natalia,L000600,01/31/2026,周六,sábado,Saturday,18:00,18:00,+0h,1.5,阅读,7,语法掌握一般
Lydia_514（教务）,私教,Natalia（教务）,L000601,2026-02-07,周六,sábado,Saturday,18:00,18:00,+0h,1.67,阅读,1,完成本节内容
Lydia_514,私教,Natalia,L000602,2026年2月14日,周六,sábado,Saturday,18:00,18:00,+0h,1.0,语法,13,完成本节内容
Lydia_514,一对一,Natalia,L000603,2026/02/21,周六,sábado,Saturday,18:00,18:00,+0h,1.0,语法,11,完成本节内容
Lydia_514,私教,Natalia,L000604,02/28/2026,周六,sábado,Saturday,18:00,18:00,+0h,1.5,口语,6,
Lydia_514,1V1,Natalia,L000605,2026-03-07,周六,sábado,Saturday,18:00,18:00,+0h,1.0,阅读,9,完成本节内容
Lydia_514,1V1,Natalia,L000606,2026/03/14,周六,sábado,Saturday,18:00,18:00,+0h,1.67,口语,8,完成本节内容
Lydia_514,私教,Natalia,L000607,2026/03/21,周六,sábado,Saturday,18:00,18:00,+0h,1.0,阅读,6,语法掌握一般
Lydia514,私教,Natalia,L000608,2026-03-28,周六,sábado,Saturday,18:00,18:00,+0h,1.0,阅读,12,语法掌握一般
Lydia_514,1V1,Natalia,L000609,2026/04/04,周六,sábado,Saturday,18:00,18:00,+0h,1.5,复习,6,语法掌握一般
Lydia_514,一对一,Natalia,L000610,2026年4月11日,周六,sábado,Saturday,18:00,18:00,+0h,1.5,阅读,12,课堂参与积极
Lydia_514（教务）,1V1,Natalia,L000611,2026-04-18,周六,sábado,Saturday,18:00,18:00,+0h,1.67,听力,10,完成本节内容
Lydia_514,私教,Natalia,L000612,2026/04/25,周六,sábado,Saturday,18:00,18:00,+0h,2.0,口语,11,完成本节内容
Lydia_514（教务）,1V1,Natalia,L000613,2026年5月2日,周六,sábado,Saturday,18:00,18:00,+0h,1.5,口语,4,课堂参与积极
Lydia_514,1V1,Natalia,L000614,2026-05-09,周六,sábado,Saturday,18:00,18:00,+0h,1.0,口语,12,课堂参与积极
Lydia_514,一对一,Natalia,L000615,2026-05-16,周六,sábado,Saturday,18:00,18:00,+0h,1.67,阅读,12,完成本节内容
Lydia514,一对一,Natalia,L000616,2026/05/23,周六,sábado,Saturday,18:00,18:00,+0h,1.5,听力,14,完成本节内容
Lydia_514,一对一,Natalia,L000617,2026-05-30,周六,sábado,Saturday,18:00,18:00,+0h,1.67,语法,2,需要加强口语练习
Lydia_514,1V1,Natalia,L000618,2026-06-06,周六,sábado,Saturday,18:00,18:00,+0h,1.67,复习,2,
Lydia_514（教务）,1V1,Natalia（教务）,L000619,2026-06-13,周六,sábado,Saturday,18:00,18:00,+0h,1.67,阅读,2,需要加强口语练习
Lydia_514,一对一,Natalia,L000620,06/20/2026,周六,sábado,Saturday,18:00,18:00,+0h,1.5,口语,13,完成本节内容
Lydia_514,1V1,Natalia,L000621,2026年6月27日,周六,sábado,Saturday,18:00,18:00,+0h,1.67,语法,6,完成本节内容
Lydia_514,1V1,Natalia,L000622,2026/07/04,周六,sábado,Saturday,18:00,18:00,+0h,1.0,复习,5,语法掌握一般
Lydia514,1V1,Natalia,L000623,2026-07-11,周六,sábado,Saturday,18:00,19:00,+1h,1.67,语法,13,课堂参与积极
Lydia514,1V1,Natalia,L000624,2026-07-18,周六,sábado,Saturday,18:00,18:00,+0h,1.67,口语,14,语法掌握一般
Lydia514,私教,Natalia,L000625,2026/07/25,周六,sábado,Saturday,18:00,18:00,+0h,1.5,听力,11,完成本节内容
Lydia_514,一对一,Natalia,L000626,2026-08-01,周六,sábado,Saturday,18:00,18:00,+0h,1.0,复习,4,课堂参与积极
Lydia_514,一对一,Natalia,L000627,2026/08/08,周六,sábado,Saturday,18:00,18:00,+0h,1.0,口语,14,完成本节内容
Lydia_514（教务）,1V1,Natalia,L000628,08/15/2026,周六,sábado,Saturday,18:00,18:00,+0h,1.0,语法,13,语法掌握一般
Lydia_514,一对一,Natalia,L000629,2026年8月22日,周六,sábado,Saturday,18:00,18:00,+0h,2.0,语法,6,语法掌握一般
Lydia514,1V1,Natalia（教务）,L000630,2026-08-29,周六,sábado,Saturday,18:00,18:00,+0h,1.0,口语,2,完成本节内容
Sarah_398,班课,Pilar,L000631,04/03/2026,周五,viernes,Friday,18:00,17:00,-1h,1.67,复习,4,语法掌握一般
Luis_053,班课,Pilar,L000631,2026-04-03,周五,viernes,Friday,18:00,00:00,+6h,1.67,语法,14,语法掌握一般
Snow_269,班课,Pilar,L000631,04/03/2026,周五,viernes,Friday,18:00,00:00,+6h,1.67,阅读,14,语法掌握一般
Henry340,班课,Pilar,L000631,2026-04-03,周五,viernes,Friday,18:00,00:00,+6h,1.67,听力,6,语法掌握一般
Sarah_398（教务）,班课,Pilar,L000632,2026-04-10,周五,viernes,Friday,18:00,18:00,+0h,1.0,语法,11,完成本节内容
Luis053,小组课,Pilar,L000632,2026年4月10日,周五,viernes,Friday,18:00,00:00,+6h,1.0,语法,7,完成本节内容
Snow_269,小组课,Pilar,L000632,2026/04/10,周五,viernes,Friday,18:00,00:00,+6h,1.0,复习,7,完成本节内容
Henry340,小组课,Pilar（教务）,L000632,2026-04-10,周五,viernes,Friday,18:00,00:00,+6h,1.0,复习,6,完成本节内容
Sarah_398,班课,Pilar,L000633,2026年4月17日,周五,viernes,Friday,18:00,17:00,-1h,1.5,语法,6,完成本节内容
Luis_053,小组课,Pilar,L000633,2026/04/17,周五,viernes,Friday,18:00,00:00,+6h,1.5,复习,10,完成本节内容
Snow_269,小组课,Pilar（教务）,L000633,2026-04-17,周五,viernes,Friday,18:00,00:00,+6h,1.5,语法,2,完成本节内容
Henry340,班课,Pilar,L000633,2026/04/17,周五,viernes,Friday,18:00,00:00,+6h,1.5,阅读,1,完成本节内容
Sarah398,小组课,Pilar,L000634,2026-04-24,周五,viernes,Friday,18:00,17:00,-1h,1.5,口语,13,需要加强口语练习
Luis_053（教务）,小组课,Pilar,L000634,2026/04/24,周五,viernes,Friday,18:00,00:00,+6h,1.5,复习,14,需要加强口语练习
Snow_269（教务）,小组课,Pilar,L000634,2026-04-24,周五,viernes,Friday,18:00,00:00,+6h,1.5,口语,11,需要加强口语练习
Henry340,小组课,Pilar,L000634,2026-04-24,周五,viernes,Friday,18:00,00:00,+6h,1.5,语法,3,需要加强口语练习
Sarah_398（教务）,班课,Pilar,L000635,2026/05/01,周五,viernes,Friday,18:00,16:00,-2h,1.0,口语,10,
Luis_053（教务）,小组课,Pilar,L000635,2026/05/01,周五,viernes,Friday,18:00,00:00,+6h,1.0,阅读,14,
Snow_269,小组课,Pilar,L000635,05/01/2026,周五,viernes,Friday,18:00,23:00,+5h,1.0,复习,6,
Henry_340,班课,Pilar,L000635,2026-05-01,周五,viernes,Friday,18:00,01:00,+7h,1.0,复习,2,
Sarah_398,小组课,Pilar,L000636,2026/05/08,周五,viernes,Friday,18:00,17:00,-1h,1.5,复习,2,需要加强口语练习
Luis_053,小组课,Pilar,L000636,05/08/2026,周五,viernes,Friday,18:00,00:00,+6h,1.5,口语,5,需要加强口语练习
Snow_269,小组课,Pilar,L000636,2026/05/08,周五,viernes,Friday,18:00,00:00,+6h,1.5,口语,14,需要加强口语练习
Henry_340,班课,Pilar,L000636,2026-05-08,周五,viernes,Friday,18:00,00:00,+6h,1.5,语法,5,需要加强口语练习
Sarah398,班课,Pilar,L000637,2026-05-15,周五,viernes,Friday,18:00,17:00,-1h,1.67,语法,7,需要加强口语练习
Luis_053,小组课,Pilar,L000637,05/15/2026,周五,viernes,Friday,18:00,00:00,+6h,1.67,语法,4,需要加强口语练习
Snow_269,班课,Pilar,L000637,2026/05/15,周五,viernes,Friday,18:00,00:00,+6h,1.67,听力,11,需要加强口语练习
Henry340,班课,Pilar,L000637,2026年5月15日,周五,viernes,Friday,18:00,00:00,+6h,1.67,口语,8,需要加强口语练习
Sarah_398,小组课,Pilar,L000638,2026-05-22,周五,viernes,Friday,18:00,17:00,-1h,1.0,语法,11,课堂参与积极
Luis053,小组课,Pilar,L000638,05/22/2026,周五,viernes,Friday,18:00,00:00,+6h,1.0,语法,14,课堂参与积极
Snow_269,小组课,Pilar,L000638,05/22/2026,周五,viernes,Friday,18:00,00:00,+6h,1.0,阅读,2,课堂参与积极
Henry_340,班课,Pilar（教务）,L000638,2026-05-22,周五,viernes,Friday,18:00,00:00,+6h,1.0,口语,14,课堂参与积极
Sarah_398,小组课,Pilar,L000639,2026-05-29,周五,viernes,Friday,18:00,17:00,-1h,1.67,语法,6,
Luis_053,小组课,Pilar,L000639,2026/05/29,周五,viernes,Friday,18:00,00:00,+6h,1.67,语法,13,
Snow_269,班课,Pilar,L000639,2026-05-29,周五,viernes,Friday,18:00,00:00,+6h,1.67,听力,5,
Henry_340,班课,Pilar,L000639,2026-05-29,周五,viernes,Friday,18:00,00:00,+6h,1.67,口语,4,
Sarah_398,班课,Pilar,L000640,2026-06-05,周五,viernes,Friday,18:00,17:00,-1h,1.67,阅读,2,语法掌握一般
Luis_053,班课,Pilar,L000640,2026年6月5日,周五,viernes,Friday,18:00,00:00,+6h,1.67,听力,7,语法掌握一般
Snow_269,小组课,Pilar（教务）,L000640,2026年6月5日,周五,viernes,Friday,18:00,00:00,+6h,1.67,口语,5,语法掌握一般
Henry_340,小组课,Pilar,L000640,2026-06-05,周五,viernes,Friday,18:00,00:00,+6h,1.67,阅读,11,语法掌握一般
Sarah_398,小组课,Pilar,L000641,2026/06/12,周五,viernes,Friday,18:00,17:00,-1h,1.5,语法,4,需要加强口语练习
Luis_053,班课,Pilar,L000641,2026/06/12,周五,viernes,Friday,18:00,00:00,+6h,1.5,阅读,7,需要加强口语练习
Snow269,小组课,Pilar,L000641,2026/06/12,周五,viernes,Friday,18:00,00:00,+6h,1.5,语法,9,需要加强口语练习
Henry_340,小组课,Pilar,L000641,2026-06-12,周五,viernes,Friday,18:00,00:00,+6h,1.5,口语,11,需要加强口语练习
Sarah398,班课,Pilar,L000642,2026/06/19,周五,viernes,Friday,18:00,17:00,-1h,1.0,口语,7,需要加强口语练习
Luis_053,小组课,Pilar,L000642,2026-06-19,周五,viernes,Friday,18:00,00:00,+6h,1.0,阅读,5,需要加强口语练习
Snow269,班课,Pilar,L000642,2026年6月19日,周五,viernes,Friday,18:00,00:00,+6h,1.0,阅读,2,需要加强口语练习
Henry_340,班课,Pilar（教务）,L000642,2026/06/19,周五,viernes,Friday,18:00,00:00,+6h,1.0,口语,7,需要加强口语练习
Sarah_398,班课,Pilar,L000643,2026年6月26日,周五,viernes,Friday,18:00,17:00,-1h,1.0,阅读,14,需要加强口语练习
Luis_053（教务）,小组课,Pilar,L000643,06/26/2026,周五,viernes,Friday,18:00,00:00,+6h,1.0,听力,2,需要加强口语练习
Snow_269,班课,Pilar,L000643,2026-06-26,周五,viernes,Friday,18:00,00:00,+6h,1.0,复习,11,需要加强口语练习
Henry340,班课,Pilar,L000643,2026-06-26,周五,viernes,Friday,18:00,00:00,+6h,1.0,口语,10,需要加强口语练习
Sarah_398（教务）,班课,Pilar,L000644,2026-07-03,周五,viernes,Friday,18:00,17:00,-1h,1.0,听力,7,课堂参与积极
Luis_053,班课,Pilar,L000644,2026-07-03,周五,viernes,Friday,18:00,00:00,+6h,1.0,口语,4,课堂参与积极
Snow_269,班课,Pilar,L000644,2026-07-03,周五,viernes,Friday,18:00,00:00,+6h,1.0,听力,7,课堂参与积极
Henry340,班课,Pilar,L000644,2026-07-03,周五,viernes,Friday,18:00,00:00,+6h,1.0,语法,13,课堂参与积极
Sarah_398,小组课,Pilar,L000645,2026-07-10,周五,viernes,Friday,18:00,17:00,-1h,1.5,口语,4,完成本节内容
Luis_053（教务）,小组课,Pilar,L000645,07/10/2026,周五,viernes,Friday,18:00,00:00,+6h,1.5,语法,2,完成本节内容
Snow_269,小组课,Pilar,L000645,2026年7月10日,周五,viernes,Friday,18:00,00:00,+6h,1.5,阅读,2,完成本节内容
Henry340,班课,Pilar,L000645,2026/07/10,周五,viernes,Friday,18:00,00:00,+6h,1.5,语法,2,完成本节内容
Sarah_398（教务）,小组课,Pilar,L000646,07/17/2026,周五,viernes,Friday,18:00,17:00,-1h,1.0,复习,10,语法掌握一般
Luis_053,班课,Pilar,L000646,2026-07-17,周五,viernes,Friday,18:00,00:00,+6h,1.0,语法,2,语法掌握一般
Snow_269,班课,Pilar,L000646,2026/07/17,周五,viernes,Friday,18:00,00:00,+6h,1.0,口语,1,语法掌握一般
Henry_340（教务）,班课,Pilar,L000646,07/17/2026,周五,viernes,Friday,18:00,00:00,+6h,1.0,口语,5,语法掌握一般
Sarah_398,班课,Pilar,L000647,2026-07-24,周五,viernes,Friday,18:00,17:00,-1h,1.0,语法,4,
Luis053,小组课,Pilar,L000647,07/24/2026,周五,viernes,Friday,18:00,00:00,+6h,1.0,口语,8,
Snow_269,小组课,Pilar,L000647,2026年7月24日,周五,viernes,Friday,18:00,00:00,+6h,1.0,语法,2,
Henry340,班课,Pilar（教务）,L000647,2026年7月24日,周五,viernes,Friday,18:00,00:00,+6h,1.0,复习,12,
Sarah_398,小组课,Pilar,L000648,07/31/2026,周五,viernes,Friday,18:00,17:00,-1h,2.0,口语,6,语法掌握一般
Luis_053,班课,Pilar,L000648,2026-07-31,周五,viernes,Friday,18:00,00:00,+6h,2.0,口语,9,语法掌握一般
Snow_269,小组课,Pilar,L000648,2026/07/31,周五,viernes,Friday,18:00,23:00,+5h,2.0,口语,4,语法掌握一般
Henry_340（教务）,班课,Pilar（教务）,L000648,2026年7月31日,周五,viernes,Friday,18:00,03:00,+9h,2.0,阅读,12,语法掌握一般
Sarah_398,班课,Pilar,L000649,08/07/2026,周五,viernes,Friday,18:00,17:00,-1h,1.0,阅读,13,需要加强口语练习
Luis053,班课,Pilar,L000649,2026-08-07,周五,viernes,Friday,18:00,21:00,+3h,1.0,复习,4,需要加强口语练习
Snow_269,班课,Pilar（教务）,L000649,2026-08-07,周五,viernes,Friday,18:00,00:00,+6h,1.0,口语,11,需要加强口语练习
Henry_340,班课,Pilar,L000649,2026-08-07,周五,viernes,Friday,18:00,23:00,+5h,1.0,听力,4,需要加强口语练习
Sarah398,小组课,Pilar,L000650,2026-08-14,周五,viernes,Friday,18:00,17:00,-1h,1.0,语法,2,课堂参与积极
Luis053,小组课,Pilar,L000650,08/14/2026,周五,viernes,Friday,18:00,01:00,+7h,1.0,口语,12,课堂参与积极
Snow_269,小组课,Pilar,L000650,08/14/2026,周五,viernes,Friday,18:00,00:00,+6h,1.0,语法,5,课堂参与积极
Henry_340,班课,Pilar,L000650,2026-08-14,周五,viernes,Friday,18:00,00:00,+6h,1.0,语法,5,课堂参与积极
Sarah_398（教务）,小组课,Pilar,L000651,2026-08-21,周五,viernes,Friday,18:00,17:00,-1h,1.0,口语,1,课堂参与积极
Luis_053,班课,Pilar,L000651,2026-08-21,周五,viernes,Friday,18:00,00:00,+6h,1.0,阅读,12,课堂参与积极
Snow_269（教务）,小组课,Pilar,L000651,2026/08/21,周五,viernes,Friday,18:00,00:00,+6h,1.0,口语,5,课堂参与积极
Henry_340,小组课,Pilar,L000651,2026-08-21,周五,viernes,Friday,18:00,00:00,+6h,1.0,语法,3,课堂参与积极
Sarah398,小组课,Pilar,L000652,2026/08/28,周五,viernes,Friday,18:00,17:00,-1h,1.0,听力,3,完成本节内容
Luis053,小组课,Pilar,L000652,2026-08-28,周五,viernes,Friday,18:00,00:00,+6h,1.0,语法,12,完成本节内容
Snow_269,小组课,Pilar,L000652,08/28/2026,周五,viernes,Friday,18:00,00:00,+6h,1.0,听力,13,完成本节内容
Henry340,班课,Pilar,L000652,2026-08-28,周五,viernes,Friday,18:00,00:00,+6h,1.0,听力,9,完成本节内容
Daniel_034,班课,Sandra,L000653,2025-11-15,周六,sábado,Saturday,17:00,00:00,+7h,1.0,口语,2,
Wilson_366,班课,Sandra,L000653,11/15/2025,周六,sábado,Saturday,17:00,17:00,+0h,1.0,口语,11,
Daniel_034,班课,Sandra（教务）,L000654,2025/11/22,周六,sábado,Saturday,17:00,00:00,+7h,1.0,听力,4,完成本节内容
Wilson366,小组课,Sandra,L000654,2025-11-22,周六,sábado,Saturday,17:00,17:00,+0h,1.0,语法,10,完成本节内容
Daniel_034,小组课,Sandra,L000655,2025/11/29,周六,sábado,Saturday,17:00,00:00,+7h,1.67,听力,12,完成本节内容
Wilson_366,小组课,Sandra,L000655,2025-11-29,周六,sábado,Saturday,17:00,17:00,+0h,1.67,听力,13,完成本节内容
Daniel_034,小组课,Sandra,L000656,2025-12-06,周六,sábado,Saturday,17:00,00:00,+7h,1.67,阅读,12,完成本节内容
Wilson366,班课,Sandra,L000656,2025-12-06,周六,sábado,Saturday,17:00,17:00,+0h,1.67,复习,14,完成本节内容
Daniel_034,小组课,Sandra（教务）,L000657,2025年12月13日,周六,sábado,Saturday,17:00,23:00,+6h,1.0,听力,3,需要加强口语练习
Wilson_366,小组课,Sandra,L000657,2025/12/13,周六,sábado,Saturday,17:00,17:00,+0h,1.0,口语,2,需要加强口语练习
Daniel_034,小组课,Sandra,L000658,2025-12-20,周六,sábado,Saturday,17:00,00:00,+7h,1.5,语法,3,语法掌握一般
Wilson_366,班课,Sandra,L000658,2025/12/20,周六,sábado,Saturday,17:00,17:00,+0h,1.5,口语,4,语法掌握一般
Daniel_034,班课,Sandra,L000659,2025-12-27,周六,sábado,Saturday,17:00,00:00,+7h,1.0,阅读,5,课堂参与积极
Wilson_366,小组课,Sandra,L000659,2025-12-27,周六,sábado,Saturday,17:00,17:00,+0h,1.0,阅读,6,课堂参与积极
Daniel_034,小组课,Sandra,L000660,01/03/2026,周六,sábado,Saturday,17:00,00:00,+7h,1.5,口语,5,
Wilson366,班课,Sandra,L000660,2026/01/03,周六,sábado,Saturday,17:00,17:00,+0h,1.5,阅读,5,
Daniel_034（教务）,小组课,Sandra,L000661,2026/01/10,周六,sábado,Saturday,17:00,00:00,+7h,1.67,阅读,13,课堂参与积极
Wilson_366（教务）,小组课,Sandra,L000661,2026-01-10,周六,sábado,Saturday,17:00,14:00,-3h,1.67,口语,9,课堂参与积极
Daniel_034（教务）,小组课,Sandra,L000662,2026年1月17日,周六,sábado,Saturday,17:00,23:00,+6h,1.67,阅读,13,完成本节内容
Wilson_366,小组课,Sandra（教务）,L000662,2026/01/17,周六,sábado,Saturday,17:00,17:00,+0h,1.67,复习,2,完成本节内容
Daniel_034,班课,Sandra,L000663,2026年1月24日,周六,sábado,Saturday,17:00,23:00,+6h,1.67,复习,12,语法掌握一般
Wilson_366,班课,Sandra（教务）,L000663,01/24/2026,周六,sábado,Saturday,17:00,17:00,+0h,1.67,口语,12,语法掌握一般
Daniel_034,小组课,Sandra,L000664,01/31/2026,周六,sábado,Saturday,17:00,00:00,+7h,1.67,语法,14,语法掌握一般
Wilson366,班课,Sandra,L000664,2026年1月31日,周六,sábado,Saturday,17:00,17:00,+0h,1.67,口语,7,语法掌握一般
Daniel034,小组课,Sandra,L000665,2026年2月7日,周六,sábado,Saturday,17:00,00:00,+7h,1.67,听力,10,
Wilson_366,小组课,Sandra,L000665,2026-02-07,周六,sábado,Saturday,17:00,17:00,+0h,1.67,语法,3,
Daniel_034,班课,Sandra,L000666,2026年2月14日,周六,sábado,Saturday,17:00,00:00,+7h,1.0,口语,10,完成本节内容
Wilson_366,小组课,Sandra（教务）,L000666,2026年2月14日,周六,sábado,Saturday,17:00,17:00,+0h,1.0,语法,11,完成本节内容
Daniel_034,小组课,Sandra,L000667,2026/02/21,周六,sábado,Saturday,17:00,00:00,+7h,1.0,听力,8,完成本节内容
Wilson_366,小组课,Sandra,L000667,2026年2月21日,周六,sábado,Saturday,17:00,17:00,+0h,1.0,语法,1,完成本节内容
Daniel_034,小组课,Sandra,L000668,2026/02/28,周六,sábado,Saturday,17:00,00:00,+7h,1.0,阅读,9,需要加强口语练习
Wilson_366,小组课,Sandra,L000668,2026-02-28,周六,sábado,Saturday,17:00,17:00,+0h,1.0,阅读,2,需要加强口语练习
Daniel_034,小组课,Sandra,L000669,2026-03-07,周六,sábado,Saturday,17:00,23:00,+6h,1.0,听力,7,需要加强口语练习
Wilson_366,班课,Sandra,L000669,03/07/2026,周六,sábado,Saturday,17:00,17:00,+0h,1.0,口语,6,需要加强口语练习
Daniel_034,小组课,Sandra（教务）,L000670,2026-03-14,周六,sábado,Saturday,17:00,00:00,+7h,2.0,口语,11,课堂参与积极
Wilson_366,班课,Sandra,L000670,2026-03-14,周六,sábado,Saturday,17:00,17:00,+0h,2.0,复习,12,课堂参与积极
Daniel_034,小组课,Sandra,L000671,2026/03/21,周六,sábado,Saturday,17:00,00:00,+7h,1.0,口语,13,课堂参与积极
Wilson_366,小组课,Sandra,L000671,03/21/2026,周六,sábado,Saturday,17:00,17:00,+0h,1.0,语法,8,课堂参与积极
Daniel_034,班课,Sandra,L000672,2026-03-28,周六,sábado,Saturday,17:00,00:00,+7h,1.67,口语,10,需要加强口语练习
Wilson_366,班课,Sandra,L000672,2026/03/28,周六,sábado,Saturday,17:00,17:00,+0h,1.67,听力,12,需要加强口语练习
Daniel_034,班课,Sandra,L000673,2026/04/04,周六,sábado,Saturday,17:00,23:00,+6h,1.67,语法,3,语法掌握一般
Wilson_366,班课,Sandra,L000673,2026年4月4日,周六,sábado,Saturday,17:00,17:00,+0h,1.67,口语,9,语法掌握一般
Daniel_034,班课,Sandra（教务）,L000674,2026-04-11,周六,sábado,Saturday,17:00,23:00,+6h,1.0,口语,2,完成本节内容
Wilson_366,班课,Sandra,L000674,2026-04-11,周六,sábado,Saturday,17:00,17:00,+0h,1.0,阅读,12,完成本节内容
Daniel_034,小组课,Sandra,L000675,2026-04-18,周六,sábado,Saturday,17:00,23:00,+6h,1.0,口语,9,课堂参与积极
Wilson_366,小组课,Sandra,L000675,04/18/2026,周六,sábado,Saturday,17:00,17:00,+0h,1.0,语法,2,课堂参与积极
Daniel_034,班课,Sandra,L000676,04/25/2026,周六,sábado,Saturday,17:00,23:00,+6h,1.5,口语,2,课堂参与积极
Wilson_366,小组课,Sandra,L000676,2026/04/25,周六,sábado,Saturday,17:00,17:00,+0h,1.5,语法,13,课堂参与积极
Daniel_034,小组课,Sandra（教务）,L000677,2026/05/02,周六,sábado,Saturday,17:00,23:00,+6h,1.67,听力,11,
Wilson_366,班课,Sandra,L000677,2026/05/02,周六,sábado,Saturday,17:00,17:00,+0h,1.67,口语,9,
Daniel034,班课,Sandra,L000678,05/09/2026,周六,sábado,Saturday,17:00,23:00,+6h,2.0,阅读,5,完成本节内容
Wilson_366,班课,Sandra,L000678,2026/05/09,周六,sábado,Saturday,17:00,17:00,+0h,2.0,语法,2,完成本节内容
Daniel_034（教务）,班课,Sandra,L000679,2026年5月16日,周六,sábado,Saturday,17:00,23:00,+6h,1.0,听力,8,需要加强口语练习
Wilson_366,班课,Sandra,L000679,2026/05/16,周六,sábado,Saturday,17:00,18:00,+1h,1.0,听力,3,需要加强口语练习
Daniel_034,小组课,Sandra,L000680,05/23/2026,周六,sábado,Saturday,17:00,23:00,+6h,1.67,口语,4,需要加强口语练习
Wilson366,小组课,Sandra,L000680,2026/05/23,周六,sábado,Saturday,17:00,17:00,+0h,1.67,听力,1,需要加强口语练习
Daniel_034,班课,Sandra,L000681,2026/05/30,周六,sábado,Saturday,17:00,23:00,+6h,1.0,语法,13,语法掌握一般
Wilson_366,小组课,Sandra（教务）,L000681,05/30/2026,周六,sábado,Saturday,17:00,17:00,+0h,1.0,阅读,4,语法掌握一般
Daniel_034（教务）,小组课,Sandra,L000682,2026年6月6日,周六,sábado,Saturday,17:00,23:00,+6h,1.0,复习,12,语法掌握一般
Wilson_366,班课,Sandra,L000682,06/06/2026,周六,sábado,Saturday,17:00,17:00,+0h,1.0,复习,8,语法掌握一般
Daniel_034,小组课,Sandra,L000683,06/13/2026,周六,sábado,Saturday,17:00,22:00,+5h,1.0,口语,12,完成本节内容
Wilson_366,班课,Sandra,L000683,2026年6月13日,周六,sábado,Saturday,17:00,16:00,-1h,1.0,语法,5,完成本节内容
Daniel_034,班课,Sandra,L000684,2026/06/20,周六,sábado,Saturday,17:00,23:00,+6h,1.0,口语,12,课堂参与积极
Wilson_366,班课,Sandra,L000684,2026-06-20,周六,sábado,Saturday,17:00,18:00,+1h,1.0,语法,10,课堂参与积极
Daniel_034,班课,Sandra,L000685,2026年6月27日,周六,sábado,Saturday,17:00,23:00,+6h,1.67,阅读,14,完成本节内容
Wilson_366,小组课,Sandra,L000685,2026/06/27,周六,sábado,Saturday,17:00,20:00,+3h,1.67,复习,14,完成本节内容
Daniel_034,班课,Sandra,L000686,2026-07-04,周六,sábado,Saturday,17:00,23:00,+6h,1.67,口语,5,完成本节内容
Wilson_366,小组课,Sandra,L000686,2026年7月4日,周六,sábado,Saturday,17:00,17:00,+0h,1.67,语法,2,完成本节内容
Daniel_034,小组课,Sandra,L000687,2026/07/11,周六,sábado,Saturday,17:00,23:00,+6h,1.0,口语,14,课堂参与积极
Wilson366,小组课,Sandra,L000687,2026/07/11,周六,sábado,Saturday,17:00,17:00,+0h,1.0,语法,13,课堂参与积极
Daniel_034,小组课,Sandra,L000688,2026-07-18,周六,sábado,Saturday,17:00,23:00,+6h,1.0,阅读,2,完成本节内容
Wilson366,小组课,Sandra,L000688,2026/07/18,周六,sábado,Saturday,17:00,17:00,+0h,1.0,阅读,12,完成本节内容
Daniel_034,班课,Sandra,L000689,2026-07-25,周六,sábado,Saturday,17:00,23:00,+6h,1.5,复习,12,
Wilson_366,小组课,Sandra,L000689,07/25/2026,周六,sábado,Saturday,17:00,17:00,+0h,1.5,口语,7,
Daniel_034（教务）,班课,Sandra,L000690,2026-08-01,周六,sábado,Saturday,17:00,23:00,+6h,1.67,语法,1,完成本节内容
Wilson_366,小组课,Sandra,L000690,2026-08-01,周六,sábado,Saturday,17:00,16:00,-1h,1.67,语法,13,完成本节内容
Daniel_034,班课,Sandra,L000691,2026/08/08,周六,sábado,Saturday,17:00,00:00,+7h,1.0,复习,8,完成本节内容
Wilson_366（教务）,班课,Sandra,L000691,08/08/2026,周六,sábado,Saturday,17:00,17:00,+0h,1.0,口语,5,完成本节内容
Daniel_034,小组课,Sandra（教务）,L000692,08/15/2026,周六,sábado,Saturday,17:00,23:00,+6h,1.67,语法,6,课堂参与积极
Wilson_366（教务）,小组课,Sandra,L000692,08/15/2026,周六,sábado,Saturday,17:00,17:00,+0h,1.67,语法,6,课堂参与积极
Daniel_034,班课,Sandra,L000693,2026-08-22,周六,sábado,Saturday,17:00,23:00,+6h,1.0,语法,2,课堂参与积极
Wilson_366,班课,Sandra,L000693,2026/08/22,周六,sábado,Saturday,17:00,17:00,+0h,1.0,听力,13,课堂参与积极
Daniel_034,班课,Sandra,L000694,2026-08-29,周六,sábado,Saturday,17:00,23:00,+6h,1.0,语法,2,
Wilson366,班课,Sandra,L000694,2026-08-29,周六,sábado,Saturday,17:00,17:00,+0h,1.0,阅读,12,
Noah_428,私教,Marina,L000695,02/10/2026,周二,martes,Tuesday,10:00,01:00,-9h,1.0,听力,4,课堂参与积极
Noah_428,一对一,Marina,L000696,2026-02-17,周二,martes,Tuesday,10:00,01:00,-9h,2.0,阅读,6,需要加强口语练习
Noah_428,私教,Marina,L000697,02/24/2026,周二,martes,Tuesday,10:00,01:00,-9h,1.5,口语,3,需要加强口语练习
Noah428,私教,Marina,L000698,2026年3月3日,周二,martes,Tuesday,10:00,01:00,-9h,1.0,阅读,6,需要加强口语练习
Noah_428,1V1,Marina,L000699,2026/03/10,周二,martes,Tuesday,10:00,02:00,-8h,2.0,阅读,14,课堂参与积极
Noah_428,1V1,Marina（教务）,L000700,2026/03/17,周二,martes,Tuesday,10:00,02:00,-8h,1.0,语法,12,语法掌握一般
Noah428,1V1,Marina,L000701,2026/03/24,周二,martes,Tuesday,10:00,02:00,-8h,1.67,听力,4,课堂参与积极
Noah_428,1V1,Marina（教务）,L000702,03/31/2026,周二,martes,Tuesday,10:00,01:00,-9h,1.5,阅读,4,完成本节内容
Noah_428,私教,Marina,L000703,2026-04-07,周二,martes,Tuesday,10:00,01:00,-9h,1.0,阅读,11,完成本节内容
Noah_428,私教,Marina（教务）,L000704,2026-04-14,周二,martes,Tuesday,10:00,01:00,-9h,1.67,语法,5,需要加强口语练习
Noah_428,一对一,Marina,L000705,04/21/2026,周二,martes,Tuesday,10:00,01:00,-9h,1.67,阅读,12,需要加强口语练习
Noah428,一对一,Marina,L000706,2026/04/28,周二,martes,Tuesday,10:00,03:00,-7h,1.0,语法,2,语法掌握一般
Noah_428（教务）,1V1,Marina,L000707,2026-05-05,周二,martes,Tuesday,10:00,01:00,-9h,1.0,口语,14,完成本节内容
Noah_428（教务）,一对一,Marina,L000708,05/12/2026,周二,martes,Tuesday,10:00,01:00,-9h,1.0,语法,7,完成本节内容
Noah_428,一对一,Marina,L000709,2026年5月19日,周二,martes,Tuesday,10:00,01:00,-9h,1.67,听力,14,课堂参与积极
Noah_428,私教,Marina,L000710,2026/05/26,周二,martes,Tuesday,10:00,01:00,-9h,1.0,阅读,4,完成本节内容
Noah_428,一对一,Marina,L000711,06/02/2026,周二,martes,Tuesday,10:00,01:00,-9h,1.67,听力,13,完成本节内容
Noah_428,私教,Marina,L000712,2026-06-09,周二,martes,Tuesday,10:00,01:00,-9h,1.0,语法,3,完成本节内容
Noah_428（教务）,1V1,Marina,L000713,2026年6月16日,周二,martes,Tuesday,10:00,01:00,-9h,1.67,语法,10,语法掌握一般
Noah_428（教务）,私教,Marina,L000714,2026-06-23,周二,martes,Tuesday,10:00,01:00,-9h,2.0,复习,9,完成本节内容
Noah_428,私教,Marina,L000715,2026-06-30,周二,martes,Tuesday,10:00,01:00,-9h,1.0,口语,13,语法掌握一般
Noah_428,1V1,Marina,L000716,2026-07-07,周二,martes,Tuesday,10:00,01:00,-9h,1.67,阅读,9,
Noah_428,一对一,Marina,L000717,2026/07/14,周二,martes,Tuesday,10:00,01:00,-9h,2.0,语法,9,需要加强口语练习
Noah_428,一对一,Marina（教务）,L000718,07/21/2026,周二,martes,Tuesday,10:00,01:00,-9h,1.5,复习,8,课堂参与积极
Noah_428,一对一,Marina,L000719,2026-07-28,周二,martes,Tuesday,10:00,02:00,-8h,1.5,阅读,12,完成本节内容
Noah_428,私教,Marina,L000720,2026/08/04,周二,martes,Tuesday,10:00,01:00,-9h,1.5,听力,8,语法掌握一般
Noah_428,1V1,Marina,L000721,2026/08/11,周二,martes,Tuesday,10:00,02:00,-8h,1.0,复习,5,语法掌握一般
Noah428,私教,Marina,L000722,2026/08/18,周二,martes,Tuesday,10:00,01:00,-9h,1.5,复习,9,完成本节内容
Noah_428,一对一,Marina,L000723,2026/08/25,周二,martes,Tuesday,10:00,01:00,-9h,1.0,口语,1,需要加强口语练习
Ella_042,班课,Pilar（教务）,L000724,2025年7月25日,周五,viernes,Friday,18:00,00:00,+6h,1.0,阅读,2,语法掌握一般
Elva213,小组课,Pilar（教务）,L000724,07/25/2025,周五,viernes,Friday,18:00,00:00,+6h,1.0,听力,14,语法掌握一般
Sofia355,班课,Pilar,L000724,2025/07/25,周五,viernes,Friday,18:00,13:00,-5h,1.0,阅读,6,语法掌握一般
Ella_042,班课,Pilar,L000725,2025/08/01,周五,viernes,Friday,18:00,00:00,+6h,1.0,口语,13,语法掌握一般
Elva_213,班课,Pilar,L000725,2025-08-01,周五,viernes,Friday,18:00,00:00,+6h,1.0,听力,5,语法掌握一般
Sofia_355,班课,Pilar,L000725,2025年8月1日,周五,viernes,Friday,18:00,12:00,-6h,1.0,语法,4,语法掌握一般
Ella042,班课,Pilar,L000726,2025年8月8日,周五,viernes,Friday,18:00,00:00,+6h,1.0,听力,1,课堂参与积极
Elva213,小组课,Pilar（教务）,L000726,2025/08/08,周五,viernes,Friday,18:00,00:00,+6h,1.0,复习,12,课堂参与积极
Sofia_355,小组课,Pilar,L000726,2025/08/08,周五,viernes,Friday,18:00,12:00,-6h,1.0,语法,9,课堂参与积极
Ella042,小组课,Pilar,L000727,08/15/2025,周五,viernes,Friday,18:00,00:00,+6h,1.67,听力,10,完成本节内容
Elva213,班课,Pilar,L000727,2025/08/15,周五,viernes,Friday,18:00,00:00,+6h,1.67,听力,11,完成本节内容
Sofia_355,班课,Pilar,L000727,2025/08/15,周五,viernes,Friday,18:00,12:00,-6h,1.67,口语,4,完成本节内容
Ella_042,小组课,Pilar,L000728,2025-08-22,周五,viernes,Friday,18:00,00:00,+6h,1.67,复习,4,
Elva_213（教务）,班课,Pilar,L000728,2025-08-22,周五,viernes,Friday,18:00,00:00,+6h,1.67,口语,12,
Sofia_355,小组课,Pilar（教务）,L000728,2025/08/22,周五,viernes,Friday,18:00,12:00,-6h,1.67,口语,8,
Ella_042,小组课,Pilar,L000729,08/29/2025,周五,viernes,Friday,18:00,23:00,+5h,1.67,复习,2,完成本节内容
Elva213,班课,Pilar,L000729,2025-08-29,周五,viernes,Friday,18:00,01:00,+7h,1.67,阅读,3,完成本节内容
Sofia_355,小组课,Pilar,L000729,2025/08/29,周五,viernes,Friday,18:00,12:00,-6h,1.67,复习,2,完成本节内容
Ella_042,小组课,Pilar,L000730,2025-09-05,周五,viernes,Friday,18:00,00:00,+6h,1.0,复习,5,需要加强口语练习
Elva_213（教务）,小组课,Pilar,L000730,2025年9月5日,周五,viernes,Friday,18:00,00:00,+6h,1.0,阅读,12,需要加强口语练习
Sofia355,班课,Pilar,L000730,2025-09-05,周五,viernes,Friday,18:00,12:00,-6h,1.0,语法,6,需要加强口语练习
Ella_042,班课,Pilar,L000731,2025/09/12,周五,viernes,Friday,18:00,00:00,+6h,1.5,口语,2,语法掌握一般
Elva_213,小组课,Pilar（教务）,L000731,2025-09-12,周五,viernes,Friday,18:00,00:00,+6h,1.5,阅读,1,语法掌握一般
Sofia_355（教务）,班课,Pilar,L000731,2025-09-12,周五,viernes,Friday,18:00,12:00,-6h,1.5,语法,8,语法掌握一般
Ella_042,班课,Pilar,L000732,2025/09/19,周五,viernes,Friday,18:00,00:00,+6h,1.0,复习,9,完成本节内容
Elva213,小组课,Pilar,L000732,2025/09/19,周五,viernes,Friday,18:00,00:00,+6h,1.0,语法,2,完成本节内容
Sofia_355,小组课,Pilar（教务）,L000732,2025-09-19,周五,viernes,Friday,18:00,12:00,-6h,1.0,复习,3,完成本节内容
Ella_042,小组课,Pilar,L000733,2025年9月26日,周五,viernes,Friday,18:00,00:00,+6h,1.0,阅读,9,需要加强口语练习
Elva_213,班课,Pilar,L000733,2025-09-26,周五,viernes,Friday,18:00,00:00,+6h,1.0,语法,9,需要加强口语练习
Sofia_355,小组课,Pilar,L000733,2025-09-26,周五,viernes,Friday,18:00,12:00,-6h,1.0,口语,13,需要加强口语练习
Ella_042,小组课,Pilar,L000734,2025-10-03,周五,viernes,Friday,18:00,00:00,+6h,1.0,复习,14,语法掌握一般
Elva213,班课,Pilar,L000734,2025/10/03,周五,viernes,Friday,18:00,00:00,+6h,1.0,听力,1,语法掌握一般
Sofia_355,班课,Pilar,L000734,10/03/2025,周五,viernes,Friday,18:00,12:00,-6h,1.0,阅读,11,语法掌握一般
Ella_042,小组课,Pilar（教务）,L000735,10/10/2025,周五,viernes,Friday,18:00,00:00,+6h,1.5,口语,3,完成本节内容
Elva_213,班课,Pilar,L000735,2025/10/10,周五,viernes,Friday,18:00,00:00,+6h,1.5,口语,7,完成本节内容
Sofia_355,班课,Pilar,L000735,10/10/2025,周五,viernes,Friday,18:00,12:00,-6h,1.5,听力,13,完成本节内容
Ella_042,小组课,Pilar,L000736,2025-10-17,周五,viernes,Friday,18:00,00:00,+6h,1.0,复习,2,需要加强口语练习
Elva_213,小组课,Pilar,L000736,2025-10-17,周五,viernes,Friday,18:00,00:00,+6h,1.0,阅读,10,需要加强口语练习
Sofia_355,班课,Pilar,L000736,10/17/2025,周五,viernes,Friday,18:00,12:00,-6h,1.0,听力,14,需要加强口语练习
Ella_042,小组课,Pilar,L000737,2025-10-24,周五,viernes,Friday,18:00,00:00,+6h,1.0,语法,1,课堂参与积极
Elva_213（教务）,班课,Pilar,L000737,10/24/2025,周五,viernes,Friday,18:00,23:00,+5h,1.0,口语,6,课堂参与积极
Sofia_355（教务）,班课,Pilar,L000737,10/24/2025,周五,viernes,Friday,18:00,12:00,-6h,1.0,口语,4,课堂参与积极
Ella042,班课,Pilar,L000738,2025-10-31,周五,viernes,Friday,18:00,01:00,+7h,1.0,阅读,6,需要加强口语练习
Elva_213（教务）,小组课,Pilar,L000738,2025-10-31,周五,viernes,Friday,18:00,01:00,+7h,1.0,复习,3,需要加强口语练习
Sofia_355,小组课,Pilar,L000738,2025-10-31,周五,viernes,Friday,18:00,13:00,-5h,1.0,语法,14,需要加强口语练习
Ella_042,班课,Pilar,L000739,2025/11/07,周五,viernes,Friday,18:00,00:00,+6h,1.67,阅读,5,课堂参与积极
Elva213,小组课,Pilar,L000739,2025-11-07,周五,viernes,Friday,18:00,01:00,+7h,1.67,口语,9,课堂参与积极
Sofia_355,小组课,Pilar,L000739,2025-11-07,周五,viernes,Friday,18:00,12:00,-6h,1.67,语法,7,课堂参与积极
Ella_042,班课,Pilar,L000740,2025/11/14,周五,viernes,Friday,18:00,01:00,+7h,1.67,阅读,2,课堂参与积极
Elva_213,小组课,Pilar,L000740,2025-11-14,周五,viernes,Friday,18:00,01:00,+7h,1.67,语法,7,课堂参与积极
Sofia_355,小组课,Pilar,L000740,2025-11-14,周五,viernes,Friday,18:00,12:00,-6h,1.67,阅读,3,课堂参与积极
Ella042,小组课,Pilar,L000741,2025-11-21,周五,viernes,Friday,18:00,01:00,+7h,1.0,听力,13,需要加强口语练习
Elva_213（教务）,班课,Pilar,L000741,2025-11-21,周五,viernes,Friday,18:00,01:00,+7h,1.0,语法,13,需要加强口语练习
Sofia_355,小组课,Pilar,L000741,2025/11/21,周五,viernes,Friday,18:00,12:00,-6h,1.0,听力,13,需要加强口语练习
Ella_042,班课,Pilar,L000742,2025/11/28,周五,viernes,Friday,18:00,01:00,+7h,1.0,口语,1,完成本节内容
Elva_213,班课,Pilar,L000742,2025-11-28,周五,viernes,Friday,18:00,01:00,+7h,1.0,阅读,2,完成本节内容
Sofia_355,小组课,Pilar,L000742,2025/11/28,周五,viernes,Friday,18:00,12:00,-6h,1.0,口语,11,完成本节内容
Ella_042,小组课,Pilar,L000743,2025-12-05,周五,viernes,Friday,18:00,01:00,+7h,1.67,语法,6,
Elva_213（教务）,班课,Pilar,L000743,2025年12月5日,周五,viernes,Friday,18:00,01:00,+7h,1.67,复习,8,
Sofia_355,小组课,Pilar,L000743,12/05/2025,周五,viernes,Friday,18:00,12:00,-6h,1.67,口语,8,
Ella_042,小组课,Pilar,L000744,2025-12-12,周五,viernes,Friday,18:00,01:00,+7h,1.67,语法,3,需要加强口语练习
Elva_213,小组课,Pilar,L000744,2025/12/12,周五,viernes,Friday,18:00,01:00,+7h,1.67,语法,5,需要加强口语练习
Sofia355,班课,Pilar,L000744,12/12/2025,周五,viernes,Friday,18:00,12:00,-6h,1.67,阅读,8,需要加强口语练习
Ella_042,小组课,Pilar,L000745,2025-12-19,周五,viernes,Friday,18:00,01:00,+7h,1.0,复习,6,课堂参与积极
Elva_213,班课,Pilar,L000745,12/19/2025,周五,viernes,Friday,18:00,01:00,+7h,1.0,口语,8,课堂参与积极
Sofia_355（教务）,小组课,Pilar,L000745,2025-12-19,周五,viernes,Friday,18:00,12:00,-6h,1.0,阅读,6,课堂参与积极
Ella042,小组课,Pilar,L000746,2025/12/26,周五,viernes,Friday,18:00,01:00,+7h,1.0,口语,3,课堂参与积极
Elva_213,班课,Pilar,L000746,2025/12/26,周五,viernes,Friday,18:00,02:00,+8h,1.0,阅读,7,课堂参与积极
Sofia355,班课,Pilar,L000746,2025/12/26,周五,viernes,Friday,18:00,12:00,-6h,1.0,语法,12,课堂参与积极
Ella042,小组课,Pilar,L000747,2026/01/02,周五,viernes,Friday,18:00,01:00,+7h,1.5,复习,8,课堂参与积极
Elva_213,小组课,Pilar,L000747,2026-01-02,周五,viernes,Friday,18:00,01:00,+7h,1.5,口语,4,课堂参与积极
Sofia_355,小组课,Pilar,L000747,01/02/2026,周五,viernes,Friday,18:00,15:00,-3h,1.5,阅读,9,课堂参与积极
Ella_042,班课,Pilar,L000748,2026-01-09,周五,viernes,Friday,18:00,01:00,+7h,1.5,语法,10,语法掌握一般
Elva_213,班课,Pilar,L000748,2026/01/09,周五,viernes,Friday,18:00,01:00,+7h,1.5,阅读,6,语法掌握一般
Sofia355,班课,Pilar,L000748,01/09/2026,周五,viernes,Friday,18:00,12:00,-6h,1.5,复习,13,语法掌握一般
Ella_042,小组课,Pilar,L000749,2026-01-16,周五,viernes,Friday,18:00,01:00,+7h,1.0,复习,12,课堂参与积极
Elva_213,小组课,Pilar,L000749,2026年1月16日,周五,viernes,Friday,18:00,01:00,+7h,1.0,口语,4,课堂参与积极
Sofia_355,班课,Pilar,L000749,2026/01/16,周五,viernes,Friday,18:00,13:00,-5h,1.0,复习,5,课堂参与积极
Ella_042,小组课,Pilar,L000750,2026-01-23,周五,viernes,Friday,18:00,01:00,+7h,1.5,阅读,13,完成本节内容
Elva_213,小组课,Pilar,L000750,2026年1月23日,周五,viernes,Friday,18:00,01:00,+7h,1.5,语法,14,完成本节内容
Sofia_355,小组课,Pilar,L000750,2026-01-23,周五,viernes,Friday,18:00,12:00,-6h,1.5,听力,9,完成本节内容
Ella_042,班课,Pilar,L000751,2026-01-30,周五,viernes,Friday,18:00,01:00,+7h,1.0,听力,6,课堂参与积极
Elva_213,小组课,Pilar（教务）,L000751,2026-01-30,周五,viernes,Friday,18:00,01:00,+7h,1.0,口语,2,课堂参与积极
Sofia_355,小组课,Pilar,L000751,2026/01/30,周五,viernes,Friday,18:00,12:00,-6h,1.0,听力,6,课堂参与积极
Ella_042,班课,Pilar,L000752,2026-02-06,周五,viernes,Friday,18:00,01:00,+7h,1.67,阅读,5,需要加强口语练习
Elva_213（教务）,班课,Pilar,L000752,2026/02/06,周五,viernes,Friday,18:00,01:00,+7h,1.67,口语,3,需要加强口语练习
Sofia355,小组课,Pilar,L000752,02/06/2026,周五,viernes,Friday,18:00,12:00,-6h,1.67,语法,8,需要加强口语练习
Ella_042,小组课,Pilar,L000753,02/13/2026,周五,viernes,Friday,18:00,01:00,+7h,1.5,复习,6,
Elva_213,小组课,Pilar,L000753,2026-02-13,周五,viernes,Friday,18:00,01:00,+7h,1.5,语法,12,
Sofia_355（教务）,小组课,Pilar,L000753,2026/02/13,周五,viernes,Friday,18:00,11:00,-7h,1.5,语法,14,
Ella_042,小组课,Pilar,L000754,2026年2月20日,周五,viernes,Friday,18:00,01:00,+7h,1.0,复习,1,需要加强口语练习
Elva213,班课,Pilar,L000754,2026-02-20,周五,viernes,Friday,18:00,01:00,+7h,1.0,复习,7,需要加强口语练习
Sofia_355（教务）,小组课,Pilar,L000754,2026-02-20,周五,viernes,Friday,18:00,12:00,-6h,1.0,阅读,11,需要加强口语练习
Ella_042,班课,Pilar,L000755,2026-02-27,周五,viernes,Friday,18:00,01:00,+7h,1.0,复习,6,需要加强口语练习
Elva_213,小组课,Pilar,L000755,02/27/2026,周五,viernes,Friday,18:00,01:00,+7h,1.0,语法,8,需要加强口语练习
Sofia355,班课,Pilar,L000755,2026-02-27,周五,viernes,Friday,18:00,12:00,-6h,1.0,语法,1,需要加强口语练习
Ella_042,小组课,Pilar,L000756,2026/03/06,周五,viernes,Friday,18:00,01:00,+7h,1.0,阅读,7,语法掌握一般
Elva_213,小组课,Pilar,L000756,2026-03-06,周五,viernes,Friday,18:00,01:00,+7h,1.0,听力,5,语法掌握一般
Sofia_355（教务）,小组课,Pilar,L000756,2026/03/06,周五,viernes,Friday,18:00,12:00,-6h,1.0,复习,7,语法掌握一般
Ella_042,小组课,Pilar,L000757,2026-03-13,周五,viernes,Friday,18:00,01:00,+7h,1.67,语法,13,需要加强口语练习
Elva213,班课,Pilar,L000757,2026年3月13日,周五,viernes,Friday,18:00,01:00,+7h,1.67,听力,13,需要加强口语练习
Sofia_355,班课,Pilar,L000757,2026-03-13,周五,viernes,Friday,18:00,13:00,-5h,1.67,口语,4,需要加强口语练习
Ella_042,班课,Pilar,L000758,2026-03-20,周五,viernes,Friday,18:00,01:00,+7h,1.0,复习,9,完成本节内容
Elva_213（教务）,班课,Pilar,L000758,2026-03-20,周五,viernes,Friday,18:00,01:00,+7h,1.0,听力,1,完成本节内容
Sofia_355,班课,Pilar,L000758,2026-03-20,周五,viernes,Friday,18:00,13:00,-5h,1.0,语法,1,完成本节内容
Ella_042,小组课,Pilar（教务）,L000759,2026-03-27,周五,viernes,Friday,18:00,01:00,+7h,1.0,阅读,6,
Elva_213（教务）,小组课,Pilar,L000759,03/27/2026,周五,viernes,Friday,18:00,01:00,+7h,1.0,语法,9,
Sofia355,班课,Pilar,L000759,2026年3月27日,周五,viernes,Friday,18:00,13:00,-5h,1.0,语法,6,
Ella_042,班课,Pilar（教务）,L000760,2026-04-03,周五,viernes,Friday,18:00,00:00,+6h,1.67,听力,8,完成本节内容
Elva_213,班课,Pilar,L000760,2026/04/03,周五,viernes,Friday,18:00,00:00,+6h,1.67,复习,14,完成本节内容
Sofia_355,班课,Pilar（教务）,L000760,2026-04-03,周五,viernes,Friday,18:00,12:00,-6h,1.67,听力,9,完成本节内容
Ella042,小组课,Pilar,L000761,2026/04/10,周五,viernes,Friday,18:00,00:00,+6h,1.5,听力,10,完成本节内容
Elva_213,班课,Pilar,L000761,2026-04-10,周五,viernes,Friday,18:00,00:00,+6h,1.5,阅读,3,完成本节内容
Sofia_355,班课,Pilar,L000761,2026-04-10,周五,viernes,Friday,18:00,12:00,-6h,1.5,阅读,6,完成本节内容
Ella_042,班课,Pilar,L000762,2026-04-17,周五,viernes,Friday,18:00,00:00,+6h,1.67,复习,5,课堂参与积极
Elva_213（教务）,小组课,Pilar,L000762,2026年4月17日,周五,viernes,Friday,18:00,00:00,+6h,1.67,复习,4,课堂参与积极
Sofia355,小组课,Pilar（教务）,L000762,2026-04-17,周五,viernes,Friday,18:00,12:00,-6h,1.67,阅读,13,课堂参与积极
Ella_042,班课,Pilar,L000763,2026-04-24,周五,viernes,Friday,18:00,00:00,+6h,1.67,语法,1,完成本节内容
Elva_213,班课,Pilar,L000763,2026/04/24,周五,viernes,Friday,18:00,00:00,+6h,1.67,语法,9,完成本节内容
Sofia_355,小组课,Pilar,L000763,2026/04/24,周五,viernes,Friday,18:00,12:00,-6h,1.67,口语,13,完成本节内容
Ella_042,小组课,Pilar,L000764,2026年5月1日,周五,viernes,Friday,18:00,01:00,+7h,1.67,阅读,10,完成本节内容
Elva_213,小组课,Pilar,L000764,2026-05-01,周五,viernes,Friday,18:00,00:00,+6h,1.67,口语,10,完成本节内容
Sofia_355,小组课,Pilar,L000764,05/01/2026,周五,viernes,Friday,18:00,12:00,-6h,1.67,口语,4,完成本节内容
Ella_042,小组课,Pilar（教务）,L000765,2026-05-08,周五,viernes,Friday,18:00,00:00,+6h,1.0,语法,13,语法掌握一般
Elva_213,小组课,Pilar,L000765,05/08/2026,周五,viernes,Friday,18:00,00:00,+6h,1.0,口语,1,语法掌握一般
Sofia_355,班课,Pilar,L000765,2026年5月8日,周五,viernes,Friday,18:00,12:00,-6h,1.0,语法,9,语法掌握一般
Ella_042,班课,Pilar,L000766,2026-05-15,周五,viernes,Friday,18:00,00:00,+6h,1.0,听力,13,完成本节内容
Elva_213,小组课,Pilar,L000766,2026-05-15,周五,viernes,Friday,18:00,01:00,+7h,1.0,语法,3,完成本节内容
Sofia_355,小组课,Pilar,L000766,2026-05-15,周五,viernes,Friday,18:00,12:00,-6h,1.0,复习,5,完成本节内容
Ella_042（教务）,班课,Pilar,L000767,05/22/2026,周五,viernes,Friday,18:00,00:00,+6h,1.0,口语,9,完成本节内容
Elva_213,班课,Pilar,L000767,05/22/2026,周五,viernes,Friday,18:00,00:00,+6h,1.0,口语,6,完成本节内容
Sofia_355,班课,Pilar,L000767,2026-05-22,周五,viernes,Friday,18:00,12:00,-6h,1.0,语法,1,完成本节内容
Ella042,小组课,Pilar,L000768,2026/05/29,周五,viernes,Friday,18:00,23:00,+5h,1.0,听力,2,完成本节内容
Elva_213（教务）,小组课,Pilar,L000768,05/29/2026,周五,viernes,Friday,18:00,00:00,+6h,1.0,语法,7,完成本节内容
Sofia355,班课,Pilar,L000768,05/29/2026,周五,viernes,Friday,18:00,12:00,-6h,1.0,口语,4,完成本节内容
Ella_042,小组课,Pilar（教务）,L000769,2026-06-05,周五,viernes,Friday,18:00,00:00,+6h,1.5,复习,12,语法掌握一般
Elva_213（教务）,班课,Pilar,L000769,2026/06/05,周五,viernes,Friday,18:00,00:00,+6h,1.5,阅读,6,语法掌握一般
Sofia_355（教务）,小组课,Pilar,L000769,2026-06-05,周五,viernes,Friday,18:00,12:00,-6h,1.5,口语,4,语法掌握一般
Ella_042,班课,Pilar,L000770,2026-06-12,周五,viernes,Friday,18:00,00:00,+6h,1.0,复习,13,课堂参与积极
Elva_213,班课,Pilar,L000770,06/12/2026,周五,viernes,Friday,18:00,00:00,+6h,1.0,语法,2,课堂参与积极
Sofia_355,小组课,Pilar（教务）,L000770,2026-06-12,周五,viernes,Friday,18:00,12:00,-6h,1.0,复习,2,课堂参与积极
Ella_042,班课,Pilar,L000771,2026-06-19,周五,viernes,Friday,18:00,00:00,+6h,1.67,听力,11,完成本节内容
Elva_213,小组课,Pilar,L000771,2026-06-19,周五,viernes,Friday,18:00,00:00,+6h,1.67,语法,6,完成本节内容
Sofia_355,班课,Pilar,L000771,2026-06-19,周五,viernes,Friday,18:00,13:00,-5h,1.67,听力,1,完成本节内容
Ella_042,班课,Pilar,L000772,06/26/2026,周五,viernes,Friday,18:00,00:00,+6h,1.5,语法,13,需要加强口语练习
Elva_213,班课,Pilar（教务）,L000772,2026-06-26,周五,viernes,Friday,18:00,00:00,+6h,1.5,复习,2,需要加强口语练习
Sofia_355,班课,Pilar（教务）,L000772,2026年6月26日,周五,viernes,Friday,18:00,11:00,-7h,1.5,口语,11,需要加强口语练习
Ella_042,小组课,Pilar,L000773,2026/07/03,周五,viernes,Friday,18:00,00:00,+6h,1.0,口语,11,语法掌握一般
Elva_213,小组课,Pilar,L000773,07/03/2026,周五,viernes,Friday,18:00,00:00,+6h,1.0,阅读,1,语法掌握一般
Sofia_355（教务）,班课,Pilar,L000773,2026-07-03,周五,viernes,Friday,18:00,12:00,-6h,1.0,口语,8,语法掌握一般
Ella_042,小组课,Pilar,L000774,2026-07-10,周五,viernes,Friday,18:00,00:00,+6h,2.0,口语,13,完成本节内容
Elva213,小组课,Pilar,L000774,2026/07/10,周五,viernes,Friday,18:00,00:00,+6h,2.0,阅读,5,完成本节内容
Sofia355,小组课,Pilar,L000774,2026年7月10日,周五,viernes,Friday,18:00,12:00,-6h,2.0,语法,5,完成本节内容
Ella_042（教务）,班课,Pilar（教务）,L000775,07/17/2026,周五,viernes,Friday,18:00,01:00,+7h,1.67,阅读,5,需要加强口语练习
Elva_213,小组课,Pilar,L000775,2026年7月17日,周五,viernes,Friday,18:00,00:00,+6h,1.67,阅读,10,需要加强口语练习
Sofia_355,小组课,Pilar,L000775,2026-07-17,周五,viernes,Friday,18:00,12:00,-6h,1.67,口语,13,需要加强口语练习
Ella042,小组课,Pilar,L000776,2026-07-24,周五,viernes,Friday,18:00,21:00,+3h,1.67,阅读,12,课堂参与积极
Elva_213,班课,Pilar,L000776,07/24/2026,周五,viernes,Friday,18:00,00:00,+6h,1.67,阅读,14,课堂参与积极
Sofia355,班课,Pilar,L000776,2026/07/24,周五,viernes,Friday,18:00,12:00,-6h,1.67,口语,5,课堂参与积极
Ella_042,小组课,Pilar,L000777,07/31/2026,周五,viernes,Friday,18:00,02:00,+8h,1.0,语法,5,语法掌握一般
Elva_213（教务）,小组课,Pilar,L000777,07/31/2026,周五,viernes,Friday,18:00,00:00,+6h,1.0,口语,8,语法掌握一般
Sofia_355（教务）,班课,Pilar,L000777,2026-07-31,周五,viernes,Friday,18:00,12:00,-6h,1.0,阅读,1,语法掌握一般
Ella_042,小组课,Pilar,L000778,2026-08-07,周五,viernes,Friday,18:00,00:00,+6h,1.0,阅读,6,语法掌握一般
Elva_213,小组课,Pilar,L000778,2026-08-07,周五,viernes,Friday,18:00,00:00,+6h,1.0,阅读,9,语法掌握一般
Sofia355,班课,Pilar,L000778,2026/08/07,周五,viernes,Friday,18:00,11:00,-7h,1.0,听力,7,语法掌握一般
Ella042,小组课,Pilar,L000779,2026-08-14,周五,viernes,Friday,18:00,00:00,+6h,1.0,语法,10,
Elva_213,小组课,Pilar,L000779,08/14/2026,周五,viernes,Friday,18:00,00:00,+6h,1.0,口语,13,
Sofia_355,小组课,Pilar,L000779,2026-08-14,周五,viernes,Friday,18:00,12:00,-6h,1.0,阅读,9,
Ella042,班课,Pilar,L000780,2026-08-21,周五,viernes,Friday,18:00,00:00,+6h,1.0,口语,11,需要加强口语练习
Elva_213,班课,Pilar,L000780,2026/08/21,周五,viernes,Friday,18:00,00:00,+6h,1.0,口语,1,需要加强口语练习
Sofia_355,班课,Pilar,L000780,08/21/2026,周五,viernes,Friday,18:00,09:00,-9h,1.0,听力,8,需要加强口语练习
Ella_042,小组课,Pilar（教务）,L000781,2026-08-28,周五,viernes,Friday,18:00,00:00,+6h,1.0,口语,9,需要加强口语练习
Elva213,班课,Pilar,L000781,2026-08-28,周五,viernes,Friday,18:00,01:00,+7h,1.0,口语,12,需要加强口语练习
Sofia355,班课,Pilar,L000781,2026-08-28,周五,viernes,Friday,18:00,12:00,-6h,1.0,复习,8,需要加强口语练习
Mason_388,私教,Sara,L000782,2026/03/18,周三,miércoles,Wednesday,15:00,07:00,-8h,1.67,语法,1,完成本节内容
Mason_388,1V1,Sara,L000783,2026-03-25,周三,miércoles,Wednesday,15:00,07:00,-8h,1.0,阅读,8,完成本节内容
Mason_388,私教,Sara,L000784,2026-04-01,周三,miércoles,Wednesday,15:00,06:00,-9h,1.5,口语,2,语法掌握一般
Mason388,1V1,Sara,L000785,2026年4月8日,周三,miércoles,Wednesday,15:00,05:00,-10h,1.0,语法,7,
Mason_388,私教,Sara,L000786,04/15/2026,周三,miércoles,Wednesday,15:00,06:00,-9h,1.67,语法,11,
Mason_388,私教,Sara,L000787,2026/04/22,周三,miércoles,Wednesday,15:00,06:00,-9h,1.67,复习,14,完成本节内容
Mason_388,私教,Sara,L000788,04/29/2026,周三,miércoles,Wednesday,15:00,06:00,-9h,2.0,听力,10,完成本节内容
Mason_388,私教,Sara,L000789,2026/05/06,周三,miércoles,Wednesday,15:00,06:00,-9h,1.67,阅读,6,课堂参与积极
Mason_388（教务）,私教,Sara,L000790,2026年5月13日,周三,miércoles,Wednesday,15:00,06:00,-9h,1.0,语法,9,语法掌握一般
Mason_388,私教,Sara,L000791,2026-05-20,周三,miércoles,Wednesday,15:00,06:00,-9h,1.0,复习,2,需要加强口语练习
Mason388,私教,Sara,L000792,2026年5月27日,周三,miércoles,Wednesday,15:00,07:00,-8h,1.0,语法,2,完成本节内容
Mason_388,私教,Sara,L000793,2026年6月3日,周三,miércoles,Wednesday,15:00,06:00,-9h,1.67,口语,11,完成本节内容
Mason_388,一对一,Sara,L000794,06/10/2026,周三,miércoles,Wednesday,15:00,06:00,-9h,1.5,口语,5,
Mason_388,1V1,Sara,L000795,2026年6月17日,周三,miércoles,Wednesday,15:00,07:00,-8h,1.0,阅读,10,完成本节内容
Mason_388,一对一,Sara,L000796,2026-06-24,周三,miércoles,Wednesday,15:00,07:00,-8h,2.0,听力,6,完成本节内容
Mason_388,1V1,Sara,L000797,2026/07/01,周三,miércoles,Wednesday,15:00,06:00,-9h,1.67,语法,10,语法掌握一般
Mason388,1V1,Sara,L000798,2026-07-08,周三,miércoles,Wednesday,15:00,06:00,-9h,1.0,口语,9,课堂参与积极
Mason_388,1V1,Sara,L000799,2026-07-15,周三,miércoles,Wednesday,15:00,06:00,-9h,1.0,口语,5,完成本节内容
Mason_388,一对一,Sara,L000800,2026-07-22,周三,miércoles,Wednesday,15:00,06:00,-9h,1.0,听力,9,完成本节内容
Mason_388（教务）,1V1,Sara,L000801,2026年7月29日,周三,miércoles,Wednesday,15:00,06:00,-9h,1.0,语法,14,需要加强口语练习
Mason_388（教务）,私教,Sara,L000802,2026-08-05,周三,miércoles,Wednesday,15:00,06:00,-9h,1.0,听力,8,完成本节内容
Mason_388,一对一,Sara（教务）,L000803,2026年8月12日,周三,miércoles,Wednesday,15:00,07:00,-8h,1.5,听力,5,完成本节内容
Mason_388,一对一,Sara,L000804,2026-08-19,周三,miércoles,Wednesday,15:00,07:00,-8h,1.5,口语,13,完成本节内容
Mason388,一对一,Sara,L000805,2026/08/26,周三,miércoles,Wednesday,15:00,06:00,-9h,1.5,语法,11,课堂参与积极
Crystal_512,小组课,Carmen,L000806,2026-05-16,周六,sábado,Saturday,18:00,18:00,+0h,1.0,口语,8,完成本节内容
Jack_318,班课,Carmen,L000806,2026/05/16,周六,sábado,Saturday,18:00,17:00,-1h,1.0,口语,13,完成本节内容
Crystal_512（教务）,小组课,Carmen,L000807,2026-05-23,周六,sábado,Saturday,18:00,18:00,+0h,1.0,口语,5,完成本节内容
Jack_318,小组课,Carmen,L000807,2026/05/23,周六,sábado,Saturday,18:00,17:00,-1h,1.0,阅读,6,完成本节内容
Crystal_512,小组课,Carmen,L000808,2026/05/30,周六,sábado,Saturday,18:00,18:00,+0h,1.67,复习,10,完成本节内容
Jack318,班课,Carmen,L000808,2026-05-30,周六,sábado,Saturday,18:00,16:00,-2h,1.67,语法,2,完成本节内容
Crystal_512,班课,Carmen,L000809,2026年6月6日,周六,sábado,Saturday,18:00,18:00,+0h,1.0,听力,3,完成本节内容
Jack_318,班课,Carmen,L000809,2026-06-06,周六,sábado,Saturday,18:00,17:00,-1h,1.0,听力,9,完成本节内容
Crystal_512,小组课,Carmen,L000810,2026-06-13,周六,sábado,Saturday,18:00,18:00,+0h,1.0,口语,12,需要加强口语练习
Jack_318,小组课,Carmen,L000810,2026年6月13日,周六,sábado,Saturday,18:00,17:00,-1h,1.0,复习,7,需要加强口语练习
Crystal_512,班课,Carmen,L000811,2026/06/20,周六,sábado,Saturday,18:00,18:00,+0h,1.0,口语,2,
Jack_318,小组课,Carmen,L000811,06/20/2026,周六,sábado,Saturday,18:00,16:00,-2h,1.0,阅读,4,
Crystal512,小组课,Carmen,L000812,2026-06-27,周六,sábado,Saturday,18:00,18:00,+0h,1.5,听力,5,语法掌握一般
Jack_318,班课,Carmen,L000812,2026年6月27日,周六,sábado,Saturday,18:00,17:00,-1h,1.5,阅读,14,语法掌握一般
Crystal_512,小组课,Carmen,L000813,2026/07/04,周六,sábado,Saturday,18:00,18:00,+0h,1.0,口语,9,
Jack_318,班课,Carmen,L000813,07/04/2026,周六,sábado,Saturday,18:00,17:00,-1h,1.0,复习,7,
Crystal_512,班课,Carmen,L000814,2026-07-11,周六,sábado,Saturday,18:00,18:00,+0h,1.0,听力,11,
Jack_318,小组课,Carmen,L000814,07/11/2026,周六,sábado,Saturday,18:00,18:00,+0h,1.0,听力,5,
Crystal512,小组课,Carmen,L000815,2026-07-18,周六,sábado,Saturday,18:00,18:00,+0h,1.0,听力,8,需要加强口语练习
Jack318,小组课,Carmen,L000815,2026/07/18,周六,sábado,Saturday,18:00,18:00,+0h,1.0,口语,4,需要加强口语练习
Crystal_512,班课,Carmen,L000816,2026-07-25,周六,sábado,Saturday,18:00,18:00,+0h,1.67,口语,9,
Jack_318,小组课,Carmen（教务）,L000816,2026-07-25,周六,sábado,Saturday,18:00,17:00,-1h,1.67,阅读,13,
Crystal512,班课,Carmen,L000817,08/01/2026,周六,sábado,Saturday,18:00,18:00,+0h,1.67,阅读,1,完成本节内容
Jack318,小组课,Carmen,L000817,2026/08/01,周六,sábado,Saturday,18:00,17:00,-1h,1.67,复习,9,完成本节内容
Crystal_512,班课,Carmen,L000818,08/08/2026,周六,sábado,Saturday,18:00,18:00,+0h,1.67,语法,14,课堂参与积极
Jack318,班课,Carmen,L000818,2026-08-08,周六,sábado,Saturday,18:00,17:00,-1h,1.67,阅读,3,课堂参与积极
Crystal_512,小组课,Carmen,L000819,2026年8月15日,周六,sábado,Saturday,18:00,18:00,+0h,1.5,听力,1,需要加强口语练习
Jack318,班课,Carmen,L000819,2026/08/15,周六,sábado,Saturday,18:00,17:00,-1h,1.5,口语,2,需要加强口语练习
Crystal_512（教务）,小组课,Carmen,L000820,2026-08-22,周六,sábado,Saturday,18:00,18:00,+0h,1.5,复习,7,完成本节内容
Jack_318（教务）,小组课,Carmen,L000820,2026-08-22,周六,sábado,Saturday,18:00,17:00,-1h,1.5,语法,2,完成本节内容
Crystal_512,小组课,Carmen,L000821,2026-08-29,周六,sábado,Saturday,18:00,18:00,+0h,1.67,语法,11,需要加强口语练习
Jack_318,小组课,Carmen,L000821,2026年8月29日,周六,sábado,Saturday,18:00,17:00,-1h,1.67,语法,9,需要加强口语练习
Isabela_470,班课,Javier,L000822,2025/10/02,周四,jueves,Thursday,09:00,00:00,-9h,1.0,听力,14,语法掌握一般
Alfred_022,班课,Javier,L000822,2025/10/02,周四,jueves,Thursday,09:00,02:00,-7h,1.0,复习,4,语法掌握一般
Isabela_470,班课,Javier,L000823,2025年10月9日,周四,jueves,Thursday,09:00,01:00,-8h,1.5,复习,10,
Alfred_022,班课,Javier,L000823,10/09/2025,周四,jueves,Thursday,09:00,03:00,-6h,1.5,阅读,13,
Isabela_470,班课,Javier,L000824,10/16/2025,周四,jueves,Thursday,09:00,00:00,-9h,1.5,口语,8,
Alfred_022,班课,Javier,L000824,2025-10-16,周四,jueves,Thursday,09:00,02:00,-7h,1.5,语法,12,
Isabela_470,班课,Javier,L000825,2025-10-23,周四,jueves,Thursday,09:00,00:00,-9h,1.67,复习,8,完成本节内容
Alfred_022,班课,Javier,L000825,2025-10-23,周四,jueves,Thursday,09:00,01:00,-8h,1.67,语法,9,完成本节内容
Isabela_470,班课,Javier,L000826,2025-10-30,周四,jueves,Thursday,09:00,01:00,-8h,1.67,口语,13,完成本节内容
Alfred_022,班课,Javier,L000826,2025-10-30,周四,jueves,Thursday,09:00,04:00,-5h,1.67,语法,5,完成本节内容
Isabela470,班课,Javier,L000827,2025-11-06,周四,jueves,Thursday,09:00,00:00,-9h,1.0,语法,1,语法掌握一般
Alfred_022,小组课,Javier,L000827,2025-11-06,周四,jueves,Thursday,09:00,03:00,-6h,1.0,口语,11,语法掌握一般
Isabela_470,小组课,Javier（教务）,L000828,11/13/2025,周四,jueves,Thursday,09:00,00:00,-9h,1.67,语法,8,需要加强口语练习
Alfred_022,小组课,Javier,L000828,11/13/2025,周四,jueves,Thursday,09:00,03:00,-6h,1.67,语法,9,需要加强口语练习
Isabela_470（教务）,小组课,Javier,L000829,2025-11-20,周四,jueves,Thursday,09:00,00:00,-9h,1.0,阅读,11,完成本节内容
Alfred_022（教务）,小组课,Javier,L000829,2025/11/20,周四,jueves,Thursday,09:00,03:00,-6h,1.0,口语,8,完成本节内容
Isabela_470（教务）,小组课,Javier,L000830,2025/11/27,周四,jueves,Thursday,09:00,00:00,-9h,1.67,语法,6,完成本节内容
Alfred_022,班课,Javier,L000830,2025-11-27,周四,jueves,Thursday,09:00,03:00,-6h,1.67,听力,10,完成本节内容
Isabela_470,班课,Javier,L000831,2025年12月4日,周四,jueves,Thursday,09:00,23:00,-10h,1.0,语法,3,完成本节内容
Alfred_022,小组课,Javier,L000831,12/04/2025,周四,jueves,Thursday,09:00,03:00,-6h,1.0,语法,12,完成本节内容
Isabela_470,班课,Javier,L000832,2025/12/11,周四,jueves,Thursday,09:00,00:00,-9h,1.5,阅读,9,完成本节内容
Alfred_022,班课,Javier,L000832,12/11/2025,周四,jueves,Thursday,09:00,03:00,-6h,1.5,语法,1,完成本节内容
Isabela_470,小组课,Javier,L000833,2025-12-18,周四,jueves,Thursday,09:00,00:00,-9h,2.0,语法,3,完成本节内容
Alfred_022,班课,Javier,L000833,2025年12月18日,周四,jueves,Thursday,09:00,03:00,-6h,2.0,语法,10,完成本节内容
Isabela_470,小组课,Javier,L000834,2025-12-25,周四,jueves,Thursday,09:00,01:00,-8h,1.5,复习,9,需要加强口语练习
Alfred_022,小组课,Javier（教务）,L000834,2025/12/25,周四,jueves,Thursday,09:00,03:00,-6h,1.5,语法,9,需要加强口语练习
Isabela_470（教务）,小组课,Javier,L000835,2026-01-01,周四,jueves,Thursday,09:00,00:00,-9h,1.0,口语,1,课堂参与积极
Alfred_022,小组课,Javier,L000835,01/01/2026,周四,jueves,Thursday,09:00,03:00,-6h,1.0,复习,1,课堂参与积极
Isabela_470,班课,Javier,L000836,2026-01-08,周四,jueves,Thursday,09:00,00:00,-9h,1.67,复习,1,完成本节内容
Alfred022,小组课,Javier,L000836,2026年1月8日,周四,jueves,Thursday,09:00,03:00,-6h,1.67,口语,3,完成本节内容
Isabela470,小组课,Javier,L000837,2026-01-15,周四,jueves,Thursday,09:00,00:00,-9h,2.0,阅读,13,需要加强口语练习
Alfred022,班课,Javier,L000837,2026-01-15,周四,jueves,Thursday,09:00,03:00,-6h,2.0,阅读,9,需要加强口语练习
Isabela_470,班课,Javier,L000838,2026-01-22,周四,jueves,Thursday,09:00,03:00,-6h,1.67,口语,14,需要加强口语练习
Alfred022,小组课,Javier,L000838,2026/01/22,周四,jueves,Thursday,09:00,03:00,-6h,1.67,复习,6,需要加强口语练习
Isabela_470,班课,Javier,L000839,2026-01-29,周四,jueves,Thursday,09:00,00:00,-9h,1.0,阅读,4,语法掌握一般
Alfred022,班课,Javier,L000839,2026/01/29,周四,jueves,Thursday,09:00,03:00,-6h,1.0,语法,13,语法掌握一般
Isabela470,小组课,Javier,L000840,2026年2月5日,周四,jueves,Thursday,09:00,00:00,-9h,2.0,复习,12,需要加强口语练习
Alfred_022,班课,Javier,L000840,2026/02/05,周四,jueves,Thursday,09:00,03:00,-6h,2.0,语法,7,需要加强口语练习
Isabela470,班课,Javier,L000841,2026-02-12,周四,jueves,Thursday,09:00,00:00,-9h,1.0,语法,7,完成本节内容
Alfred_022,班课,Javier,L000841,2026/02/12,周四,jueves,Thursday,09:00,03:00,-6h,1.0,阅读,12,完成本节内容
Isabela_470,班课,Javier,L000842,2026-02-19,周四,jueves,Thursday,09:00,01:00,-8h,1.0,听力,10,完成本节内容
Alfred_022,班课,Javier,L000842,2026-02-19,周四,jueves,Thursday,09:00,02:00,-7h,1.0,口语,9,完成本节内容
Isabela_470（教务）,班课,Javier,L000843,02/26/2026,周四,jueves,Thursday,09:00,00:00,-9h,1.5,语法,9,课堂参与积极
Alfred_022,班课,Javier,L000843,2026/02/26,周四,jueves,Thursday,09:00,03:00,-6h,1.5,语法,6,课堂参与积极
Isabela_470,班课,Javier（教务）,L000844,2026-03-05,周四,jueves,Thursday,09:00,00:00,-9h,1.0,口语,8,需要加强口语练习
Alfred_022,班课,Javier,L000844,2026/03/05,周四,jueves,Thursday,09:00,03:00,-6h,1.0,听力,2,需要加强口语练习
Isabela_470,小组课,Javier,L000845,2026/03/12,周四,jueves,Thursday,09:00,00:00,-9h,1.67,口语,1,
Alfred_022,小组课,Javier,L000845,03/12/2026,周四,jueves,Thursday,09:00,03:00,-6h,1.67,口语,10,
Isabela_470,班课,Javier,L000846,03/19/2026,周四,jueves,Thursday,09:00,01:00,-8h,1.0,口语,9,课堂参与积极
Alfred022,小组课,Javier,L000846,2026/03/19,周四,jueves,Thursday,09:00,04:00,-5h,1.0,听力,11,课堂参与积极
Isabela470,小组课,Javier,L000847,03/26/2026,周四,jueves,Thursday,09:00,01:00,-8h,1.5,复习,11,语法掌握一般
Alfred022,小组课,Javier（教务）,L000847,2026/03/26,周四,jueves,Thursday,09:00,04:00,-5h,1.5,阅读,14,语法掌握一般
Isabela_470,班课,Javier,L000848,2026-04-02,周四,jueves,Thursday,09:00,00:00,-9h,1.0,口语,14,需要加强口语练习
Alfred022,小组课,Javier（教务）,L000848,2026/04/02,周四,jueves,Thursday,09:00,03:00,-6h,1.0,口语,1,需要加强口语练习
Isabela_470,班课,Javier,L000849,2026-04-09,周四,jueves,Thursday,09:00,01:00,-8h,1.67,口语,13,完成本节内容
Alfred_022,班课,Javier,L000849,04/09/2026,周四,jueves,Thursday,09:00,03:00,-6h,1.67,听力,5,完成本节内容
Isabela_470,小组课,Javier,L000850,2026年4月16日,周四,jueves,Thursday,09:00,00:00,-9h,1.0,口语,4,完成本节内容
Alfred_022,班课,Javier,L000850,2026/04/16,周四,jueves,Thursday,09:00,03:00,-6h,1.0,听力,13,完成本节内容
Isabela_470,小组课,Javier（教务）,L000851,2026-04-23,周四,jueves,Thursday,09:00,00:00,-9h,1.0,复习,2,完成本节内容
Alfred_022,小组课,Javier,L000851,2026年4月23日,周四,jueves,Thursday,09:00,03:00,-6h,1.0,语法,5,完成本节内容
Isabela_470,班课,Javier（教务）,L000852,04/30/2026,周四,jueves,Thursday,09:00,00:00,-9h,1.0,口语,7,需要加强口语练习
Alfred_022,班课,Javier,L000852,04/30/2026,周四,jueves,Thursday,09:00,03:00,-6h,1.0,复习,3,需要加强口语练习
Isabela_470,班课,Javier,L000853,2026-05-07,周四,jueves,Thursday,09:00,00:00,-9h,1.67,口语,13,需要加强口语练习
Alfred_022,班课,Javier,L000853,05/07/2026,周四,jueves,Thursday,09:00,03:00,-6h,1.67,复习,14,需要加强口语练习
Isabela_470,小组课,Javier,L000854,2026-05-14,周四,jueves,Thursday,09:00,00:00,-9h,1.0,复习,8,
Alfred_022,小组课,Javier,L000854,2026/05/14,周四,jueves,Thursday,09:00,03:00,-6h,1.0,语法,2,
Isabela_470,小组课,Javier,L000855,2026/05/21,周四,jueves,Thursday,09:00,01:00,-8h,1.67,复习,5,课堂参与积极
Alfred022,小组课,Javier,L000855,05/21/2026,周四,jueves,Thursday,09:00,03:00,-6h,1.67,听力,13,课堂参与积极
Isabela_470,班课,Javier,L000856,05/28/2026,周四,jueves,Thursday,09:00,00:00,-9h,1.5,听力,14,完成本节内容
Alfred_022,班课,Javier,L000856,05/28/2026,周四,jueves,Thursday,09:00,03:00,-6h,1.5,口语,8,完成本节内容
Isabela_470,班课,Javier,L000857,2026-06-04,周四,jueves,Thursday,09:00,21:00,-12h,2.0,阅读,4,课堂参与积极
Alfred_022,班课,Javier,L000857,2026/06/04,周四,jueves,Thursday,09:00,04:00,-5h,2.0,语法,1,课堂参与积极
Isabela_470,小组课,Javier,L000858,2026-06-11,周四,jueves,Thursday,09:00,00:00,-9h,1.67,口语,4,课堂参与积极
Alfred022,小组课,Javier,L000858,06/11/2026,周四,jueves,Thursday,09:00,03:00,-6h,1.67,复习,12,课堂参与积极
Isabela470,小组课,Javier（教务）,L000859,2026/06/18,周四,jueves,Thursday,09:00,00:00,-9h,1.0,口语,3,语法掌握一般
Alfred_022,班课,Javier,L000859,2026-06-18,周四,jueves,Thursday,09:00,03:00,-6h,1.0,听力,7,语法掌握一般
Isabela_470,班课,Javier,L000860,06/25/2026,周四,jueves,Thursday,09:00,00:00,-9h,1.0,口语,3,课堂参与积极
Alfred_022,班课,Javier,L000860,06/25/2026,周四,jueves,Thursday,09:00,02:00,-7h,1.0,语法,2,课堂参与积极
Isabela_470,小组课,Javier,L000861,2026-07-02,周四,jueves,Thursday,09:00,00:00,-9h,1.5,语法,9,完成本节内容
Alfred022,小组课,Javier,L000861,2026-07-02,周四,jueves,Thursday,09:00,03:00,-6h,1.5,阅读,10,完成本节内容
Isabela_470,班课,Javier,L000862,2026-07-09,周四,jueves,Thursday,09:00,00:00,-9h,2.0,听力,8,课堂参与积极
Alfred_022,班课,Javier,L000862,2026年7月9日,周四,jueves,Thursday,09:00,03:00,-6h,2.0,口语,1,课堂参与积极
Isabela470,小组课,Javier,L000863,07/16/2026,周四,jueves,Thursday,09:00,00:00,-9h,1.5,语法,11,完成本节内容
Alfred_022,小组课,Javier,L000863,2026-07-16,周四,jueves,Thursday,09:00,03:00,-6h,1.5,语法,5,完成本节内容
Isabela_470,小组课,Javier,L000864,2026年7月23日,周四,jueves,Thursday,09:00,00:00,-9h,2.0,阅读,3,完成本节内容
Alfred_022,小组课,Javier,L000864,2026/07/23,周四,jueves,Thursday,09:00,03:00,-6h,2.0,复习,10,完成本节内容
Isabela_470,小组课,Javier,L000865,07/30/2026,周四,jueves,Thursday,09:00,00:00,-9h,1.0,听力,10,完成本节内容
Alfred_022,小组课,Javier,L000865,2026年7月30日,周四,jueves,Thursday,09:00,03:00,-6h,1.0,口语,4,完成本节内容
Isabela_470,小组课,Javier,L000866,2026-08-06,周四,jueves,Thursday,09:00,00:00,-9h,1.0,语法,7,课堂参与积极
Alfred_022,小组课,Javier,L000866,2026-08-06,周四,jueves,Thursday,09:00,03:00,-6h,1.0,阅读,5,课堂参与积极
Isabela_470,班课,Javier,L000867,2026-08-13,周四,jueves,Thursday,09:00,00:00,-9h,2.0,阅读,2,课堂参与积极
Alfred_022,班课,Javier,L000867,08/13/2026,周四,jueves,Thursday,09:00,03:00,-6h,2.0,口语,4,课堂参与积极
Isabela470,班课,Javier,L000868,2026-08-20,周四,jueves,Thursday,09:00,00:00,-9h,1.5,听力,13,语法掌握一般
Alfred022,班课,Javier,L000868,2026-08-20,周四,jueves,Thursday,09:00,03:00,-6h,1.5,口语,2,语法掌握一般
Isabela_470,小组课,Javier,L000869,2026/08/27,周四,jueves,Thursday,09:00,00:00,-9h,1.0,语法,9,完成本节内容
Alfred022,班课,Javier,L000869,2026-08-27,周四,jueves,Thursday,09:00,03:00,-6h,1.0,口语,10,完成本节内容
Ivy_239（教务）,1V1,Elena,L000870,2025/07/02,周三,miércoles,Wednesday,08:00,07:00,-1h,1.0,复习,7,完成本节内容
Ivy_239,1V1,Elena,L000871,2025-07-09,周三,miércoles,Wednesday,08:00,07:00,-1h,1.5,口语,11,需要加强口语练习
Ivy_239,1V1,Elena,L000872,2025-07-16,周三,miércoles,Wednesday,08:00,07:00,-1h,1.67,语法,10,课堂参与积极
Ivy_239（教务）,1V1,Elena（教务）,L000873,2025-07-23,周三,miércoles,Wednesday,08:00,07:00,-1h,1.0,阅读,7,语法掌握一般
Ivy_239,私教,Elena,L000874,2025/07/30,周三,miércoles,Wednesday,08:00,07:00,-1h,2.0,口语,9,完成本节内容
Ivy_239,一对一,Elena,L000875,2025-08-06,周三,miércoles,Wednesday,08:00,07:00,-1h,1.0,语法,2,需要加强口语练习
Ivy_239,一对一,Elena,L000876,08/13/2025,周三,miércoles,Wednesday,08:00,07:00,-1h,1.0,听力,9,需要加强口语练习
Ivy_239（教务）,私教,Elena,L000877,2025/08/20,周三,miércoles,Wednesday,08:00,07:00,-1h,2.0,口语,6,完成本节内容
Ivy_239,1V1,Elena,L000878,08/27/2025,周三,miércoles,Wednesday,08:00,07:00,-1h,1.5,阅读,11,
Ivy_239（教务）,一对一,Elena,L000879,2025/09/03,周三,miércoles,Wednesday,08:00,07:00,-1h,1.67,口语,12,需要加强口语练习
Ivy_239,私教,Elena,L000880,2025年9月10日,周三,miércoles,Wednesday,08:00,07:00,-1h,1.0,语法,8,语法掌握一般
Ivy239,1V1,Elena（教务）,L000881,09/17/2025,周三,miércoles,Wednesday,08:00,07:00,-1h,1.0,复习,5,课堂参与积极
Ivy239,一对一,Elena,L000882,2025-09-24,周三,miércoles,Wednesday,08:00,04:00,-4h,1.0,语法,11,语法掌握一般
Ivy_239,一对一,Elena（教务）,L000883,2025-10-01,周三,miércoles,Wednesday,08:00,06:00,-2h,1.0,阅读,13,课堂参与积极
Ivy239,私教,Elena,L000884,2025年10月8日,周三,miércoles,Wednesday,08:00,07:00,-1h,1.0,听力,14,课堂参与积极
Ivy_239,一对一,Elena（教务）,L000885,2025/10/15,周三,miércoles,Wednesday,08:00,07:00,-1h,1.0,复习,2,完成本节内容
Ivy_239,1V1,Elena,L000886,2025-10-22,周三,miércoles,Wednesday,08:00,07:00,-1h,1.67,阅读,7,语法掌握一般
Ivy_239,一对一,Elena,L000887,2025年10月29日,周三,miércoles,Wednesday,08:00,07:00,-1h,1.67,口语,3,需要加强口语练习
Ivy_239,私教,Elena,L000888,2025/11/05,周三,miércoles,Wednesday,08:00,07:00,-1h,1.0,阅读,1,需要加强口语练习
Ivy_239,1V1,Elena（教务）,L000889,2025-11-12,周三,miércoles,Wednesday,08:00,06:00,-2h,1.5,口语,13,课堂参与积极
Ivy_239,1V1,Elena,L000890,2025-11-19,周三,miércoles,Wednesday,08:00,07:00,-1h,1.5,语法,12,
Ivy_239,一对一,Elena,L000891,2025年11月26日,周三,miércoles,Wednesday,08:00,07:00,-1h,1.0,口语,5,完成本节内容
Ivy_239,一对一,Elena（教务）,L000892,2025-12-03,周三,miércoles,Wednesday,08:00,07:00,-1h,1.67,语法,2,需要加强口语练习
Ivy_239,1V1,Elena,L000893,2025-12-10,周三,miércoles,Wednesday,08:00,07:00,-1h,1.67,语法,14,
Ivy_239,1V1,Elena,L000894,12/17/2025,周三,miércoles,Wednesday,08:00,07:00,-1h,2.0,阅读,1,完成本节内容
Ivy_239（教务）,私教,Elena,L000895,2025-12-24,周三,miércoles,Wednesday,08:00,07:00,-1h,1.0,复习,9,语法掌握一般
Ivy_239,1V1,Elena,L000896,12/31/2025,周三,miércoles,Wednesday,08:00,07:00,-1h,1.5,听力,3,语法掌握一般
Ivy_239,一对一,Elena,L000897,2026-01-07,周三,miércoles,Wednesday,08:00,07:00,-1h,1.0,复习,9,完成本节内容
Ivy_239,一对一,Elena,L000898,2026-01-14,周三,miércoles,Wednesday,08:00,07:00,-1h,1.5,听力,10,课堂参与积极
Ivy_239,1V1,Elena,L000899,2026年1月21日,周三,miércoles,Wednesday,08:00,07:00,-1h,1.67,语法,6,需要加强口语练习
Ivy239,一对一,Elena,L000900,2026-01-28,周三,miércoles,Wednesday,08:00,07:00,-1h,2.0,口语,10,课堂参与积极
Ivy_239,一对一,Elena,L000901,02/04/2026,周三,miércoles,Wednesday,08:00,07:00,-1h,1.0,复习,3,课堂参与积极
Ivy239,一对一,Elena,L000902,2026/02/11,周三,miércoles,Wednesday,08:00,07:00,-1h,1.0,复习,1,完成本节内容
Ivy_239,私教,Elena,L000903,2026-02-18,周三,miércoles,Wednesday,08:00,07:00,-1h,1.5,阅读,11,
Ivy_239,一对一,Elena,L000904,2026-02-25,周三,miércoles,Wednesday,08:00,07:00,-1h,1.0,复习,13,完成本节内容
Ivy_239,1V1,Elena,L000905,2026-03-04,周三,miércoles,Wednesday,08:00,07:00,-1h,1.67,听力,8,课堂参与积极
Ivy_239,1V1,Elena,L000906,2026-03-11,周三,miércoles,Wednesday,08:00,07:00,-1h,1.5,复习,4,语法掌握一般
Ivy_239,一对一,Elena,L000907,2026/03/18,周三,miércoles,Wednesday,08:00,07:00,-1h,1.5,复习,6,完成本节内容
Ivy_239,1V1,Elena,L000908,2026-03-25,周三,miércoles,Wednesday,08:00,07:00,-1h,1.0,口语,1,
Ivy239,一对一,Elena,L000909,2026年4月1日,周三,miércoles,Wednesday,08:00,08:00,+0h,1.0,复习,7,完成本节内容
Ivy_239,一对一,Elena,L000910,2026/04/08,周三,miércoles,Wednesday,08:00,07:00,-1h,1.67,阅读,8,语法掌握一般
Ivy_239,私教,Elena,L000911,2026/04/15,周三,miércoles,Wednesday,08:00,07:00,-1h,1.0,语法,12,完成本节内容
Ivy239,1V1,Elena,L000912,04/22/2026,周三,miércoles,Wednesday,08:00,07:00,-1h,1.67,语法,13,课堂参与积极
Ivy_239（教务）,1V1,Elena,L000913,2026-04-29,周三,miércoles,Wednesday,08:00,07:00,-1h,1.0,复习,12,语法掌握一般
Ivy_239,私教,Elena,L000914,2026-05-06,周三,miércoles,Wednesday,08:00,07:00,-1h,1.67,听力,4,
Ivy_239（教务）,私教,Elena,L000915,2026/05/13,周三,miércoles,Wednesday,08:00,07:00,-1h,1.67,语法,11,
Ivy_239,一对一,Elena（教务）,L000916,05/20/2026,周三,miércoles,Wednesday,08:00,07:00,-1h,2.0,语法,2,需要加强口语练习
Ivy_239,1V1,Elena,L000917,2026/05/27,周三,miércoles,Wednesday,08:00,07:00,-1h,1.5,阅读,8,语法掌握一般
Ivy_239（教务）,私教,Elena,L000918,2026/06/03,周三,miércoles,Wednesday,08:00,07:00,-1h,1.0,听力,4,课堂参与积极
Ivy_239,私教,Elena,L000919,2026/06/10,周三,miércoles,Wednesday,08:00,07:00,-1h,1.67,听力,2,完成本节内容
Ivy_239,1V1,Elena,L000920,2026/06/17,周三,miércoles,Wednesday,08:00,07:00,-1h,1.0,听力,3,语法掌握一般
Ivy239,一对一,Elena,L000921,2026/06/24,周三,miércoles,Wednesday,08:00,04:00,-4h,1.67,阅读,10,完成本节内容
Ivy_239,私教,Elena,L000922,2026-07-01,周三,miércoles,Wednesday,08:00,07:00,-1h,2.0,口语,2,完成本节内容
Ivy_239（教务）,私教,Elena,L000923,2026-07-08,周三,miércoles,Wednesday,08:00,07:00,-1h,1.5,口语,9,完成本节内容
Ivy_239,1V1,Elena,L000924,2026-07-15,周三,miércoles,Wednesday,08:00,07:00,-1h,1.0,复习,6,完成本节内容
Ivy_239,一对一,Elena,L000925,2026/07/22,周三,miércoles,Wednesday,08:00,07:00,-1h,1.67,口语,3,
Ivy_239（教务）,一对一,Elena,L000926,07/29/2026,周三,miércoles,Wednesday,08:00,07:00,-1h,1.67,复习,4,语法掌握一般
Ivy_239,1V1,Elena,L000927,2026-08-05,周三,miércoles,Wednesday,08:00,07:00,-1h,1.0,语法,14,课堂参与积极
Ivy239,1V1,Elena,L000928,2026-08-12,周三,miércoles,Wednesday,08:00,06:00,-2h,1.5,复习,3,需要加强口语练习
Ivy_239,一对一,Elena,L000929,2026-08-19,周三,miércoles,Wednesday,08:00,07:00,-1h,1.67,口语,3,完成本节内容
Ivy_239,1V1,Elena,L000930,2026/08/26,周三,miércoles,Wednesday,08:00,08:00,+0h,1.0,语法,3,需要加强口语练习
Ivy_289,班课,Javier,L000931,08/29/2025,周五,viernes,Friday,16:00,00:00,+8h,1.0,阅读,4,语法掌握一般
Hannah_015,班课,Javier,L000931,2025/08/29,周五,viernes,Friday,16:00,16:00,+0h,1.0,复习,8,语法掌握一般
Daniel_234,小组课,Javier（教务）,L000931,2025-08-29,周五,viernes,Friday,16:00,16:00,+0h,1.0,阅读,13,语法掌握一般
Ivy_289,班课,Javier,L000932,09/05/2025,周五,viernes,Friday,16:00,00:00,+8h,1.67,阅读,8,需要加强口语练习
Hannah_015,班课,Javier（教务）,L000932,2025-09-05,周五,viernes,Friday,16:00,16:00,+0h,1.67,阅读,6,需要加强口语练习
Daniel_234,班课,Javier（教务）,L000932,2025-09-05,周五,viernes,Friday,16:00,16:00,+0h,1.67,听力,1,需要加强口语练习
Ivy_289,班课,Javier,L000933,2025-09-12,周五,viernes,Friday,16:00,00:00,+8h,1.0,语法,12,
Hannah015,小组课,Javier（教务）,L000933,2025年9月12日,周五,viernes,Friday,16:00,16:00,+0h,1.0,阅读,8,
Daniel_234（教务）,小组课,Javier（教务）,L000933,2025-09-12,周五,viernes,Friday,16:00,16:00,+0h,1.0,口语,10,
Ivy_289,小组课,Javier,L000934,2025-09-19,周五,viernes,Friday,16:00,00:00,+8h,1.67,复习,10,完成本节内容
Hannah_015,班课,Javier,L000934,2025/09/19,周五,viernes,Friday,16:00,17:00,+1h,1.67,复习,3,完成本节内容
Daniel234,班课,Javier,L000934,2025-09-19,周五,viernes,Friday,16:00,15:00,-1h,1.67,阅读,10,完成本节内容
Ivy_289,班课,Javier,L000935,2025-09-26,周五,viernes,Friday,16:00,00:00,+8h,1.0,听力,10,需要加强口语练习
Hannah_015,小组课,Javier,L000935,2025-09-26,周五,viernes,Friday,16:00,15:00,-1h,1.0,复习,7,需要加强口语练习
Daniel_234,班课,Javier,L000935,2025-09-26,周五,viernes,Friday,16:00,16:00,+0h,1.0,复习,9,需要加强口语练习
Ivy_289（教务）,小组课,Javier（教务）,L000936,2025-10-03,周五,viernes,Friday,16:00,22:00,+6h,1.0,复习,8,需要加强口语练习
Hannah_015,小组课,Javier,L000936,2025-10-03,周五,viernes,Friday,16:00,19:00,+3h,1.0,复习,1,需要加强口语练习
Daniel_234,班课,Javier,L000936,2025/10/03,周五,viernes,Friday,16:00,16:00,+0h,1.0,阅读,10,需要加强口语练习
Ivy_289,小组课,Javier,L000937,2025/10/10,周五,viernes,Friday,16:00,01:00,+9h,1.67,口语,7,课堂参与积极
Hannah_015,班课,Javier,L000937,2025-10-10,周五,viernes,Friday,16:00,16:00,+0h,1.67,语法,4,课堂参与积极
Daniel_234,班课,Javier,L000937,2025/10/10,周五,viernes,Friday,16:00,16:00,+0h,1.67,阅读,13,课堂参与积极
Ivy289,班课,Javier,L000938,2025-10-17,周五,viernes,Friday,16:00,01:00,+9h,1.0,复习,2,完成本节内容
Hannah_015,小组课,Javier,L000938,2025/10/17,周五,viernes,Friday,16:00,16:00,+0h,1.0,口语,6,完成本节内容
Daniel_234（教务）,小组课,Javier,L000938,2025/10/17,周五,viernes,Friday,16:00,16:00,+0h,1.0,语法,4,完成本节内容
Ivy_289,小组课,Javier,L000939,10/24/2025,周五,viernes,Friday,16:00,01:00,+9h,1.0,语法,14,需要加强口语练习
Hannah_015,班课,Javier,L000939,2025-10-24,周五,viernes,Friday,16:00,16:00,+0h,1.0,口语,12,需要加强口语练习
Daniel_234,小组课,Javier,L000939,2025-10-24,周五,viernes,Friday,16:00,16:00,+0h,1.0,阅读,5,需要加强口语练习
Ivy_289,班课,Javier,L000940,2025-10-31,周五,viernes,Friday,16:00,02:00,+10h,1.67,语法,3,语法掌握一般
Hannah_015（教务）,班课,Javier,L000940,2025-10-31,周五,viernes,Friday,16:00,16:00,+0h,1.67,听力,11,语法掌握一般
Daniel_234,小组课,Javier（教务）,L000940,2025/10/31,周五,viernes,Friday,16:00,16:00,+0h,1.67,阅读,10,语法掌握一般
Ivy_289,小组课,Javier,L000941,2025年11月7日,周五,viernes,Friday,16:00,02:00,+10h,1.0,口语,12,完成本节内容
Hannah_015（教务）,班课,Javier（教务）,L000941,2025-11-07,周五,viernes,Friday,16:00,16:00,+0h,1.0,语法,7,完成本节内容
Daniel_234,班课,Javier,L000941,2025/11/07,周五,viernes,Friday,16:00,16:00,+0h,1.0,阅读,13,完成本节内容
Ivy289,班课,Javier,L000942,2025/11/14,周五,viernes,Friday,16:00,04:00,+12h,1.0,听力,11,需要加强口语练习
Hannah_015（教务）,小组课,Javier,L000942,2025年11月14日,周五,viernes,Friday,16:00,16:00,+0h,1.0,语法,6,需要加强口语练习
Daniel_234,小组课,Javier,L000942,2025-11-14,周五,viernes,Friday,16:00,16:00,+0h,1.0,复习,11,需要加强口语练习
Ivy_289,班课,Javier,L000943,11/21/2025,周五,viernes,Friday,16:00,23:00,+7h,2.0,复习,4,需要加强口语练习
Hannah015,班课,Javier,L000943,2025-11-21,周五,viernes,Friday,16:00,16:00,+0h,2.0,复习,5,需要加强口语练习
Daniel_234,班课,Javier,L000943,2025/11/21,周五,viernes,Friday,16:00,16:00,+0h,2.0,语法,6,需要加强口语练习
Ivy_289,班课,Javier,L000944,2025年11月28日,周五,viernes,Friday,16:00,02:00,+10h,1.0,阅读,4,
Hannah_015（教务）,小组课,Javier,L000944,11/28/2025,周五,viernes,Friday,16:00,16:00,+0h,1.0,语法,13,
Daniel234,小组课,Javier,L000944,11/28/2025,周五,viernes,Friday,16:00,14:00,-2h,1.0,口语,10,
Ivy_289,班课,Javier,L000945,2025-12-05,周五,viernes,Friday,16:00,02:00,+10h,1.5,口语,13,完成本节内容
Hannah_015,班课,Javier,L000945,2025-12-05,周五,viernes,Friday,16:00,16:00,+0h,1.5,复习,11,完成本节内容
Daniel_234,班课,Javier,L000945,2025年12月5日,周五,viernes,Friday,16:00,16:00,+0h,1.5,语法,7,完成本节内容
Ivy_289,小组课,Javier,L000946,2025-12-12,周五,viernes,Friday,16:00,02:00,+10h,1.0,口语,6,完成本节内容
Hannah_015,班课,Javier,L000946,2025-12-12,周五,viernes,Friday,16:00,16:00,+0h,1.0,阅读,13,完成本节内容
Daniel_234,小组课,Javier,L000946,2025/12/12,周五,viernes,Friday,16:00,16:00,+0h,1.0,听力,4,完成本节内容
Ivy_289,班课,Javier,L000947,2025年12月19日,周五,viernes,Friday,16:00,02:00,+10h,1.0,语法,2,完成本节内容
Hannah_015,班课,Javier,L000947,2025/12/19,周五,viernes,Friday,16:00,16:00,+0h,1.0,口语,8,完成本节内容
Daniel_234,班课,Javier,L000947,2025年12月19日,周五,viernes,Friday,16:00,16:00,+0h,1.0,口语,4,完成本节内容
Ivy_289,小组课,Javier,L000948,2025-12-26,周五,viernes,Friday,16:00,02:00,+10h,1.0,阅读,3,完成本节内容
Hannah_015,小组课,Javier,L000948,12/26/2025,周五,viernes,Friday,16:00,13:00,-3h,1.0,复习,4,完成本节内容
Daniel_234,班课,Javier,L000948,2025/12/26,周五,viernes,Friday,16:00,16:00,+0h,1.0,语法,8,完成本节内容
Ivy_289,班课,Javier,L000949,2026-01-02,周五,viernes,Friday,16:00,02:00,+10h,1.0,复习,2,完成本节内容
Hannah_015,小组课,Javier,L000949,2026年1月2日,周五,viernes,Friday,16:00,16:00,+0h,1.0,复习,4,完成本节内容
Daniel_234（教务）,班课,Javier（教务）,L000949,2026/01/02,周五,viernes,Friday,16:00,19:00,+3h,1.0,阅读,8,完成本节内容
Ivy_289（教务）,班课,Javier,L000950,2026-01-09,周五,viernes,Friday,16:00,02:00,+10h,1.0,阅读,8,语法掌握一般
Hannah_015,小组课,Javier,L000950,2026-01-09,周五,viernes,Friday,16:00,17:00,+1h,1.0,口语,12,语法掌握一般
Daniel_234,小组课,Javier,L000950,2026-01-09,周五,viernes,Friday,16:00,15:00,-1h,1.0,口语,5,语法掌握一般
Ivy_289（教务）,班课,Javier,L000951,2026-01-16,周五,viernes,Friday,16:00,00:00,+8h,1.5,语法,10,语法掌握一般
Hannah_015,小组课,Javier,L000951,01/16/2026,周五,viernes,Friday,16:00,16:00,+0h,1.5,口语,11,语法掌握一般
Daniel234,小组课,Javier（教务）,L000951,2026-01-16,周五,viernes,Friday,16:00,16:00,+0h,1.5,语法,6,语法掌握一般
Ivy_289,班课,Javier,L000952,2026/01/23,周五,viernes,Friday,16:00,01:00,+9h,1.67,阅读,6,需要加强口语练习
Hannah_015,小组课,Javier,L000952,2026/01/23,周五,viernes,Friday,16:00,15:00,-1h,1.67,复习,4,需要加强口语练习
Daniel234,班课,Javier,L000952,2026-01-23,周五,viernes,Friday,16:00,16:00,+0h,1.67,听力,7,需要加强口语练习
Ivy_289,小组课,Javier,L000953,2026-01-30,周五,viernes,Friday,16:00,02:00,+10h,1.67,阅读,1,需要加强口语练习
Hannah015,班课,Javier,L000953,2026年1月30日,周五,viernes,Friday,16:00,16:00,+0h,1.67,口语,13,需要加强口语练习
Daniel_234,小组课,Javier,L000953,2026-01-30,周五,viernes,Friday,16:00,17:00,+1h,1.67,阅读,11,需要加强口语练习
Ivy_289,班课,Javier,L000954,2026/02/06,周五,viernes,Friday,16:00,02:00,+10h,1.67,语法,8,需要加强口语练习
Hannah_015,小组课,Javier,L000954,2026-02-06,周五,viernes,Friday,16:00,19:00,+3h,1.67,听力,2,需要加强口语练习
Daniel_234,班课,Javier,L000954,2026年2月6日,周五,viernes,Friday,16:00,16:00,+0h,1.67,口语,14,需要加强口语练习
Ivy_289,小组课,Javier（教务）,L000955,2026年2月13日,周五,viernes,Friday,16:00,02:00,+10h,1.67,阅读,11,需要加强口语练习
Hannah_015,班课,Javier,L000955,2026/02/13,周五,viernes,Friday,16:00,16:00,+0h,1.67,阅读,7,需要加强口语练习
Daniel_234,班课,Javier,L000955,2026/02/13,周五,viernes,Friday,16:00,16:00,+0h,1.67,复习,4,需要加强口语练习
Ivy_289,小组课,Javier,L000956,2026年2月20日,周五,viernes,Friday,16:00,02:00,+10h,1.0,听力,11,完成本节内容
Hannah_015,班课,Javier,L000956,2026-02-20,周五,viernes,Friday,16:00,16:00,+0h,1.0,语法,10,完成本节内容
Daniel_234,小组课,Javier,L000956,2026-02-20,周五,viernes,Friday,16:00,16:00,+0h,1.0,语法,6,完成本节内容
Ivy289,班课,Javier,L000957,2026-02-27,周五,viernes,Friday,16:00,02:00,+10h,1.0,阅读,7,完成本节内容
Hannah_015,班课,Javier,L000957,2026-02-27,周五,viernes,Friday,16:00,16:00,+0h,1.0,阅读,12,完成本节内容
Daniel_234,班课,Javier,L000957,2026/02/27,周五,viernes,Friday,16:00,16:00,+0h,1.0,语法,1,完成本节内容
Ivy_289,小组课,Javier,L000958,2026-03-06,周五,viernes,Friday,16:00,02:00,+10h,1.0,口语,7,课堂参与积极
Hannah_015,班课,Javier,L000958,2026-03-06,周五,viernes,Friday,16:00,16:00,+0h,1.0,语法,11,课堂参与积极
Daniel_234,小组课,Javier,L000958,2026-03-06,周五,viernes,Friday,16:00,16:00,+0h,1.0,语法,6,课堂参与积极
Ivy_289,小组课,Javier,L000959,2026-03-13,周五,viernes,Friday,16:00,03:00,+11h,1.0,阅读,7,需要加强口语练习
Hannah_015,小组课,Javier,L000959,2026-03-13,周五,viernes,Friday,16:00,16:00,+0h,1.0,阅读,2,需要加强口语练习
Daniel_234,小组课,Javier,L000959,2026-03-13,周五,viernes,Friday,16:00,16:00,+0h,1.0,口语,2,需要加强口语练习
Ivy_289,小组课,Javier,L000960,2026-03-20,周五,viernes,Friday,16:00,02:00,+10h,1.5,语法,10,完成本节内容
Hannah_015,班课,Javier,L000960,2026年3月20日,周五,viernes,Friday,16:00,16:00,+0h,1.5,口语,10,完成本节内容
Daniel_234（教务）,班课,Javier,L000960,2026/03/20,周五,viernes,Friday,16:00,16:00,+0h,1.5,口语,13,完成本节内容
Ivy_289,小组课,Javier,L000961,2026-03-27,周五,viernes,Friday,16:00,02:00,+10h,1.67,阅读,7,完成本节内容
Hannah_015,小组课,Javier,L000961,2026/03/27,周五,viernes,Friday,16:00,16:00,+0h,1.67,语法,9,完成本节内容
Daniel_234,小组课,Javier,L000961,03/27/2026,周五,viernes,Friday,16:00,17:00,+1h,1.67,口语,12,完成本节内容
Ivy_289,班课,Javier,L000962,2026-04-03,周五,viernes,Friday,16:00,00:00,+8h,1.0,口语,8,完成本节内容
Hannah_015（教务）,小组课,Javier,L000962,04/03/2026,周五,viernes,Friday,16:00,16:00,+0h,1.0,口语,9,完成本节内容
Daniel_234,班课,Javier,L000962,2026-04-03,周五,viernes,Friday,16:00,16:00,+0h,1.0,语法,3,完成本节内容
Ivy_289,班课,Javier,L000963,2026/04/10,周五,viernes,Friday,16:00,01:00,+9h,1.0,口语,7,语法掌握一般
Hannah_015,班课,Javier,L000963,2026年4月10日,周五,viernes,Friday,16:00,16:00,+0h,1.0,语法,13,语法掌握一般
Daniel_234,班课,Javier,L000963,2026-04-10,周五,viernes,Friday,16:00,16:00,+0h,1.0,口语,8,语法掌握一般
Ivy_289,小组课,Javier,L000964,2026-04-17,周五,viernes,Friday,16:00,00:00,+8h,1.0,听力,9,课堂参与积极
Hannah_015,班课,Javier,L000964,2026/04/17,周五,viernes,Friday,16:00,16:00,+0h,1.0,语法,6,课堂参与积极
Daniel_234,班课,Javier,L000964,2026/04/17,周五,viernes,Friday,16:00,16:00,+0h,1.0,阅读,2,课堂参与积极
Ivy_289,小组课,Javier,L000965,2026-04-24,周五,viernes,Friday,16:00,00:00,+8h,1.0,语法,3,需要加强口语练习
Hannah_015,班课,Javier,L000965,2026-04-24,周五,viernes,Friday,16:00,16:00,+0h,1.0,复习,4,需要加强口语练习
Daniel_234,小组课,Javier,L000965,2026/04/24,周五,viernes,Friday,16:00,18:00,+2h,1.0,复习,9,需要加强口语练习
Ivy_289,小组课,Javier,L000966,2026/05/01,周五,viernes,Friday,16:00,00:00,+8h,1.5,阅读,6,完成本节内容
Hannah_015,班课,Javier,L000966,2026年5月1日,周五,viernes,Friday,16:00,16:00,+0h,1.5,听力,10,完成本节内容
Daniel234,班课,Javier,L000966,2026-05-01,周五,viernes,Friday,16:00,16:00,+0h,1.5,复习,9,完成本节内容
Ivy_289,小组课,Javier,L000967,2026-05-08,周五,viernes,Friday,16:00,00:00,+8h,2.0,语法,13,语法掌握一般
Hannah_015,小组课,Javier（教务）,L000967,2026/05/08,周五,viernes,Friday,16:00,16:00,+0h,2.0,口语,4,语法掌握一般
Daniel_234,小组课,Javier,L000967,2026-05-08,周五,viernes,Friday,16:00,16:00,+0h,2.0,听力,2,语法掌握一般
Ivy_289,班课,Javier,L000968,2026/05/15,周五,viernes,Friday,16:00,00:00,+8h,1.0,听力,3,课堂参与积极
Hannah_015,班课,Javier,L000968,05/15/2026,周五,viernes,Friday,16:00,17:00,+1h,1.0,语法,1,课堂参与积极
Daniel234,班课,Javier（教务）,L000968,2026-05-15,周五,viernes,Friday,16:00,16:00,+0h,1.0,语法,11,课堂参与积极
Ivy_289（教务）,班课,Javier,L000969,05/22/2026,周五,viernes,Friday,16:00,00:00,+8h,1.67,语法,11,完成本节内容
Hannah_015,小组课,Javier,L000969,2026-05-22,周五,viernes,Friday,16:00,16:00,+0h,1.67,复习,12,完成本节内容
Daniel_234,班课,Javier,L000969,2026/05/22,周五,viernes,Friday,16:00,16:00,+0h,1.67,复习,7,完成本节内容
Ivy_289（教务）,班课,Javier（教务）,L000970,2026-05-29,周五,viernes,Friday,16:00,00:00,+8h,1.67,语法,5,需要加强口语练习
Hannah_015,班课,Javier,L000970,2026-05-29,周五,viernes,Friday,16:00,16:00,+0h,1.67,阅读,11,需要加强口语练习
Daniel_234,小组课,Javier,L000970,2026/05/29,周五,viernes,Friday,16:00,16:00,+0h,1.67,复习,8,需要加强口语练习
Ivy_289,小组课,Javier,L000971,2026-06-05,周五,viernes,Friday,16:00,00:00,+8h,1.0,语法,10,课堂参与积极
Hannah_015,班课,Javier,L000971,2026年6月5日,周五,viernes,Friday,16:00,16:00,+0h,1.0,口语,7,课堂参与积极
Daniel_234,班课,Javier,L000971,2026-06-05,周五,viernes,Friday,16:00,16:00,+0h,1.0,阅读,8,课堂参与积极
Ivy_289,小组课,Javier,L000972,06/12/2026,周五,viernes,Friday,16:00,00:00,+8h,1.5,复习,2,完成本节内容
Hannah_015,小组课,Javier,L000972,2026-06-12,周五,viernes,Friday,16:00,16:00,+0h,1.5,复习,12,完成本节内容
Daniel_234,班课,Javier,L000972,2026-06-12,周五,viernes,Friday,16:00,16:00,+0h,1.5,听力,7,完成本节内容
Ivy_289,班课,Javier,L000973,2026-06-19,周五,viernes,Friday,16:00,00:00,+8h,2.0,阅读,5,需要加强口语练习
Hannah_015,班课,Javier,L000973,2026-06-19,周五,viernes,Friday,16:00,16:00,+0h,2.0,语法,3,需要加强口语练习
Daniel_234,小组课,Javier,L000973,2026-06-19,周五,viernes,Friday,16:00,16:00,+0h,2.0,语法,6,需要加强口语练习
Ivy_289,小组课,Javier,L000974,2026-06-26,周五,viernes,Friday,16:00,00:00,+8h,1.67,阅读,3,语法掌握一般
Hannah_015,小组课,Javier,L000974,2026/06/26,周五,viernes,Friday,16:00,15:00,-1h,1.67,口语,2,语法掌握一般
Daniel_234,班课,Javier,L000974,2026-06-26,周五,viernes,Friday,16:00,16:00,+0h,1.67,语法,6,语法掌握一般
Ivy289,班课,Javier,L000975,2026年7月3日,周五,viernes,Friday,16:00,00:00,+8h,1.5,口语,2,完成本节内容
Hannah_015（教务）,班课,Javier,L000975,2026-07-03,周五,viernes,Friday,16:00,17:00,+1h,1.5,语法,11,完成本节内容
Daniel234,小组课,Javier,L000975,07/03/2026,周五,viernes,Friday,16:00,16:00,+0h,1.5,听力,12,完成本节内容
Ivy289,班课,Javier,L000976,2026-07-10,周五,viernes,Friday,16:00,00:00,+8h,1.5,复习,6,语法掌握一般
Hannah_015,班课,Javier,L000976,2026-07-10,周五,viernes,Friday,16:00,16:00,+0h,1.5,阅读,1,语法掌握一般
Daniel_234,小组课,Javier,L000976,07/10/2026,周五,viernes,Friday,16:00,16:00,+0h,1.5,语法,8,语法掌握一般
Ivy_289,小组课,Javier（教务）,L000977,2026-07-17,周五,viernes,Friday,16:00,00:00,+8h,1.0,口语,2,完成本节内容
Hannah_015,小组课,Javier,L000977,2026-07-17,周五,viernes,Friday,16:00,16:00,+0h,1.0,听力,3,完成本节内容
Daniel_234,小组课,Javier,L000977,2026-07-17,周五,viernes,Friday,16:00,16:00,+0h,1.0,听力,6,完成本节内容
Ivy_289,班课,Javier,L000978,07/24/2026,周五,viernes,Friday,16:00,00:00,+8h,1.0,听力,8,课堂参与积极
Hannah_015（教务）,小组课,Javier,L000978,2026-07-24,周五,viernes,Friday,16:00,16:00,+0h,1.0,听力,12,课堂参与积极
Daniel_234,小组课,Javier,L000978,2026-07-24,周五,viernes,Friday,16:00,19:00,+3h,1.0,复习,3,课堂参与积极
Ivy_289,班课,Javier,L000979,2026-07-31,周五,viernes,Friday,16:00,00:00,+8h,2.0,复习,7,课堂参与积极
Hannah_015,班课,Javier,L000979,2026-07-31,周五,viernes,Friday,16:00,19:00,+3h,2.0,阅读,9,课堂参与积极
Daniel_234,小组课,Javier,L000979,2026-07-31,周五,viernes,Friday,16:00,16:00,+0h,2.0,阅读,7,课堂参与积极
Ivy289,班课,Javier,L000980,2026年8月7日,周五,viernes,Friday,16:00,00:00,+8h,1.5,口语,1,语法掌握一般
Hannah015,小组课,Javier,L000980,2026年8月7日,周五,viernes,Friday,16:00,16:00,+0h,1.5,复习,8,语法掌握一般
Daniel_234,小组课,Javier,L000980,2026-08-07,周五,viernes,Friday,16:00,16:00,+0h,1.5,听力,9,语法掌握一般
Ivy_289（教务）,小组课,Javier,L000981,2026-08-14,周五,viernes,Friday,16:00,00:00,+8h,1.0,复习,5,课堂参与积极
Hannah_015,班课,Javier,L000981,2026/08/14,周五,viernes,Friday,16:00,16:00,+0h,1.0,口语,9,课堂参与积极
Daniel_234,小组课,Javier,L000981,2026/08/14,周五,viernes,Friday,16:00,15:00,-1h,1.0,语法,1,课堂参与积极
Ivy289,小组课,Javier,L000982,2026/08/21,周五,viernes,Friday,16:00,00:00,+8h,1.5,口语,8,需要加强口语练习
Hannah_015,班课,Javier,L000982,08/21/2026,周五,viernes,Friday,16:00,16:00,+0h,1.5,口语,3,需要加强口语练习
Daniel_234,小组课,Javier,L000982,2026-08-21,周五,viernes,Friday,16:00,16:00,+0h,1.5,口语,5,需要加强口语练习
Ivy_289（教务）,小组课,Javier（教务）,L000983,2026/08/28,周五,viernes,Friday,16:00,01:00,+9h,1.67,听力,9,完成本节内容
Hannah_015,小组课,Javier,L000983,2026-08-28,周五,viernes,Friday,16:00,16:00,+0h,1.67,口语,7,完成本节内容
Daniel_234,班课,Javier,L000983,08/28/2026,周五,viernes,Friday,16:00,16:00,+0h,1.67,口语,11,完成本节内容
Liam_141,1V1,Marina,L000984,10/21/2025,周二,martes,Tuesday,10:00,19:00,+9h,1.67,听力,10,需要加强口语练习
Liam_141,1V1,Marina,L000985,2025/10/28,周二,martes,Tuesday,10:00,20:00,+10h,1.0,语法,10,需要加强口语练习
Liam_141（教务）,1V1,Marina,L000986,11/04/2025,周二,martes,Tuesday,10:00,20:00,+10h,1.0,阅读,12,语法掌握一般
Liam_141,一对一,Marina,L000987,2025/11/11,周二,martes,Tuesday,10:00,20:00,+10h,1.67,听力,8,
Liam_141,一对一,Marina,L000988,2025/11/18,周二,martes,Tuesday,10:00,20:00,+10h,2.0,语法,9,需要加强口语练习
Liam_141,一对一,Marina,L000989,2025-11-25,周二,martes,Tuesday,10:00,20:00,+10h,1.67,语法,1,需要加强口语练习
Liam_141,一对一,Marina,L000990,2025-12-02,周二,martes,Tuesday,10:00,20:00,+10h,1.0,语法,11,课堂参与积极
Liam141,私教,Marina,L000991,2025-12-09,周二,martes,Tuesday,10:00,21:00,+11h,1.67,听力,5,需要加强口语练习
Liam141,一对一,Marina,L000992,2025-12-16,周二,martes,Tuesday,10:00,19:00,+9h,1.0,语法,8,完成本节内容
Liam141,一对一,Marina（教务）,L000993,12/23/2025,周二,martes,Tuesday,10:00,20:00,+10h,1.5,语法,2,课堂参与积极
Liam_141,一对一,Marina,L000994,2025-12-30,周二,martes,Tuesday,10:00,19:00,+9h,1.5,语法,11,语法掌握一般
Liam_141,一对一,Marina,L000995,01/06/2026,周二,martes,Tuesday,10:00,20:00,+10h,1.67,听力,11,完成本节内容
Liam_141（教务）,1V1,Marina,L000996,2026年1月13日,周二,martes,Tuesday,10:00,20:00,+10h,2.0,口语,3,课堂参与积极
Liam_141,私教,Marina,L000997,2026/01/20,周二,martes,Tuesday,10:00,20:00,+10h,2.0,口语,14,需要加强口语练习
Liam141,私教,Marina,L000998,2026-01-27,周二,martes,Tuesday,10:00,20:00,+10h,1.0,口语,13,需要加强口语练习
Liam141,1V1,Marina,L000999,2026-02-03,周二,martes,Tuesday,10:00,20:00,+10h,1.5,语法,13,需要加强口语练习
Liam_141,1V1,Marina（教务）,L001000,2026年2月10日,周二,martes,Tuesday,10:00,20:00,+10h,1.67,口语,2,需要加强口语练习
Liam_141,私教,Marina,L001001,2026-02-17,周二,martes,Tuesday,10:00,20:00,+10h,1.5,口语,12,需要加强口语练习
Liam_141,一对一,Marina,L001002,2026/02/24,周二,martes,Tuesday,10:00,20:00,+10h,1.67,口语,5,需要加强口语练习
Liam_141,私教,Marina,L001003,2026-03-03,周二,martes,Tuesday,10:00,20:00,+10h,2.0,语法,6,语法掌握一般
Liam141,1V1,Marina,L001004,2026年3月10日,周二,martes,Tuesday,10:00,20:00,+10h,2.0,复习,9,完成本节内容
Liam_141,私教,Marina,L001005,03/17/2026,周二,martes,Tuesday,10:00,20:00,+10h,1.0,语法,2,完成本节内容
Liam_141（教务）,私教,Marina,L001006,2026/03/24,周二,martes,Tuesday,10:00,20:00,+10h,1.0,口语,10,完成本节内容
Liam_141,1V1,Marina,L001007,2026-03-31,周二,martes,Tuesday,10:00,18:00,+8h,1.0,口语,12,完成本节内容
Liam_141（教务）,1V1,Marina,L001008,2026/04/07,周二,martes,Tuesday,10:00,18:00,+8h,1.67,复习,2,完成本节内容
Liam_141,1V1,Marina,L001009,2026年4月14日,周二,martes,Tuesday,10:00,18:00,+8h,1.0,阅读,10,课堂参与积极
Liam_141,一对一,Marina,L001010,2026-04-21,周二,martes,Tuesday,10:00,18:00,+8h,2.0,语法,13,
Liam_141,一对一,Marina,L001011,2026-04-28,周二,martes,Tuesday,10:00,18:00,+8h,1.67,口语,10,需要加强口语练习
Liam141,1V1,Marina,L001012,2026-05-05,周二,martes,Tuesday,10:00,18:00,+8h,1.67,口语,6,课堂参与积极
Liam_141,私教,Marina,L001013,2026/05/12,周二,martes,Tuesday,10:00,21:00,+11h,1.5,听力,3,完成本节内容
Liam_141,私教,Marina,L001014,2026-05-19,周二,martes,Tuesday,10:00,18:00,+8h,1.0,听力,13,课堂参与积极
Liam_141,1V1,Marina（教务）,L001015,2026-05-26,周二,martes,Tuesday,10:00,17:00,+7h,1.0,语法,6,完成本节内容
Liam_141,私教,Marina（教务）,L001016,2026/06/02,周二,martes,Tuesday,10:00,18:00,+8h,1.67,阅读,10,完成本节内容
Liam_141,1V1,Marina,L001017,06/09/2026,周二,martes,Tuesday,10:00,18:00,+8h,1.5,听力,5,完成本节内容
Liam_141（教务）,私教,Marina,L001018,2026年6月16日,周二,martes,Tuesday,10:00,18:00,+8h,1.67,听力,14,完成本节内容
Liam_141,1V1,Marina,L001019,2026/06/23,周二,martes,Tuesday,10:00,18:00,+8h,1.67,听力,2,课堂参与积极
Liam141,私教,Marina,L001020,2026-06-30,周二,martes,Tuesday,10:00,18:00,+8h,1.0,语法,7,语法掌握一般
Liam_141,1V1,Marina,L001021,2026-07-07,周二,martes,Tuesday,10:00,18:00,+8h,2.0,语法,13,语法掌握一般
Liam141,1V1,Marina,L001022,07/14/2026,周二,martes,Tuesday,10:00,17:00,+7h,1.5,听力,11,需要加强口语练习
Liam_141,1V1,Marina,L001023,07/21/2026,周二,martes,Tuesday,10:00,18:00,+8h,1.0,语法,6,完成本节内容
Liam_141,一对一,Marina,L001024,2026/07/28,周二,martes,Tuesday,10:00,18:00,+8h,1.67,听力,5,需要加强口语练习
Liam_141,一对一,Marina,L001025,2026-08-04,周二,martes,Tuesday,10:00,18:00,+8h,1.0,阅读,13,语法掌握一般
Liam141,私教,Marina,L001026,2026年8月11日,周二,martes,Tuesday,10:00,19:00,+9h,1.0,口语,9,语法掌握一般
Liam_141,一对一,Marina（教务）,L001027,2026年8月18日,周二,martes,Tuesday,10:00,18:00,+8h,1.67,语法,3,语法掌握一般
Liam_141,1V1,Marina,L001028,2026/08/25,周二,martes,Tuesday,10:00,17:00,+7h,1.5,语法,11,课堂参与积极
Anna_501,一对一,Lucia,L001029,2025/08/17,周日,domingo,Sunday,18:00,09:00,-9h,1.67,阅读,13,需要加强口语练习
Anna_501,一对一,Lucia,L001030,08/24/2025,周日,domingo,Sunday,18:00,09:00,-9h,1.0,复习,13,语法掌握一般
Anna_501,一对一,Lucia,L001031,2025-08-31,周日,domingo,Sunday,18:00,09:00,-9h,1.5,语法,13,需要加强口语练习
Anna_501,1V1,Lucia,L001032,2025-09-07,周日,domingo,Sunday,18:00,09:00,-9h,1.0,听力,10,需要加强口语练习
Anna_501,1V1,Lucia,L001033,2025-09-14,周日,domingo,Sunday,18:00,09:00,-9h,1.67,复习,3,完成本节内容
Anna_501,1V1,Lucia,L001034,2025-09-21,周日,domingo,Sunday,18:00,09:00,-9h,1.0,阅读,3,课堂参与积极
Anna_501,1V1,Lucia,L001035,2025-09-28,周日,domingo,Sunday,18:00,09:00,-9h,2.0,口语,13,课堂参与积极
Anna_501,1V1,Lucia,L001036,2025-10-05,周日,domingo,Sunday,18:00,09:00,-9h,1.67,阅读,10,需要加强口语练习
Anna_501,私教,Lucia,L001037,2025-10-12,周日,domingo,Sunday,18:00,09:00,-9h,1.0,口语,11,课堂参与积极
Anna_501（教务）,私教,Lucia,L001038,2025-10-19,周日,domingo,Sunday,18:00,09:00,-9h,1.0,听力,14,完成本节内容
Anna_501,一对一,Lucia（教务）,L001039,2025-10-26,周日,domingo,Sunday,18:00,10:00,-8h,1.67,阅读,3,完成本节内容
Anna_501,1V1,Lucia,L001040,2025/11/02,周日,domingo,Sunday,18:00,08:00,-10h,1.67,听力,4,需要加强口语练习
Anna501,1V1,Lucia,L001041,2025年11月9日,周日,domingo,Sunday,18:00,09:00,-9h,1.0,听力,2,完成本节内容
Anna_501,1V1,Lucia（教务）,L001042,11/16/2025,周日,domingo,Sunday,18:00,09:00,-9h,1.0,复习,13,语法掌握一般
Anna501,1V1,Lucia,L001043,11/23/2025,周日,domingo,Sunday,18:00,12:00,-6h,1.0,阅读,9,完成本节内容
Anna_501,一对一,Lucia（教务）,L001044,2025-11-30,周日,domingo,Sunday,18:00,08:00,-10h,1.0,语法,4,语法掌握一般
Anna_501（教务）,一对一,Lucia,L001045,2025年12月7日,周日,domingo,Sunday,18:00,09:00,-9h,1.0,阅读,14,语法掌握一般
Anna_501,1V1,Lucia,L001046,12/14/2025,周日,domingo,Sunday,18:00,09:00,-9h,1.0,复习,14,完成本节内容
Anna_501,1V1,Lucia,L001047,2025/12/21,周日,domingo,Sunday,18:00,09:00,-9h,1.5,听力,12,课堂参与积极
Anna_501,1V1,Lucia,L001048,2025年12月28日,周日,domingo,Sunday,18:00,09:00,-9h,1.5,口语,7,语法掌握一般
Anna_501,私教,Lucia,L001049,2026/01/04,周日,domingo,Sunday,18:00,09:00,-9h,1.0,听力,5,课堂参与积极
Anna_501,一对一,Lucia,L001050,2026年1月11日,周日,domingo,Sunday,18:00,09:00,-9h,1.0,阅读,14,完成本节内容
Anna_501,一对一,Lucia,L001051,01/18/2026,周日,domingo,Sunday,18:00,09:00,-9h,1.67,口语,14,课堂参与积极
Anna501,私教,Lucia（教务）,L001052,2026-01-25,周日,domingo,Sunday,18:00,07:00,-11h,1.0,语法,1,完成本节内容
Anna501,1V1,Lucia,L001053,02/01/2026,周日,domingo,Sunday,18:00,09:00,-9h,1.67,语法,4,语法掌握一般
Anna_501,私教,Lucia,L001054,2026-02-08,周日,domingo,Sunday,18:00,09:00,-9h,1.0,阅读,14,语法掌握一般
Anna_501（教务）,一对一,Lucia,L001055,2026-02-15,周日,domingo,Sunday,18:00,09:00,-9h,1.67,口语,5,需要加强口语练习
Anna_501（教务）,一对一,Lucia,L001056,02/22/2026,周日,domingo,Sunday,18:00,10:00,-8h,2.0,口语,5,需要加强口语练习
Anna_501,1V1,Lucia（教务）,L001057,2026-03-01,周日,domingo,Sunday,18:00,10:00,-8h,1.0,复习,10,完成本节内容
Anna_501,1V1,Lucia,L001058,2026-03-08,周日,domingo,Sunday,18:00,10:00,-8h,1.0,口语,5,需要加强口语练习
Anna_501,私教,Lucia,L001059,2026-03-15,周日,domingo,Sunday,18:00,10:00,-8h,1.0,听力,2,完成本节内容
Anna501,私教,Lucia,L001060,2026/03/22,周日,domingo,Sunday,18:00,10:00,-8h,1.67,听力,10,完成本节内容
Anna_501,一对一,Lucia,L001061,2026/03/29,周日,domingo,Sunday,18:00,09:00,-9h,1.67,语法,8,需要加强口语练习
Anna501,一对一,Lucia（教务）,L001062,2026-04-05,周日,domingo,Sunday,18:00,09:00,-9h,1.0,阅读,3,语法掌握一般
Anna501,一对一,Lucia,L001063,2026-04-12,周日,domingo,Sunday,18:00,09:00,-9h,1.67,口语,4,需要加强口语练习
Anna_501,一对一,Lucia,L001064,2026-04-19,周日,domingo,Sunday,18:00,09:00,-9h,1.0,阅读,6,完成本节内容
Anna_501,私教,Lucia,L001065,04/26/2026,周日,domingo,Sunday,18:00,09:00,-9h,1.5,阅读,5,课堂参与积极
Anna_501,一对一,Lucia,L001066,2026/05/03,周日,domingo,Sunday,18:00,09:00,-9h,1.67,语法,6,
Anna501,一对一,Lucia,L001067,2026-05-10,周日,domingo,Sunday,18:00,09:00,-9h,1.67,口语,10,课堂参与积极
Anna_501,1V1,Lucia,L001068,2026/05/17,周日,domingo,Sunday,18:00,09:00,-9h,1.67,听力,10,语法掌握一般
Anna_501,1V1,Lucia,L001069,2026-05-24,周日,domingo,Sunday,18:00,09:00,-9h,1.67,听力,10,需要加强口语练习
Anna_501,一对一,Lucia,L001070,2026-05-31,周日,domingo,Sunday,18:00,09:00,-9h,1.5,口语,9,
Anna_501,私教,Lucia,L001071,2026/06/07,周日,domingo,Sunday,18:00,09:00,-9h,2.0,听力,13,
Anna_501,私教,Lucia,L001072,2026年6月14日,周日,domingo,Sunday,18:00,12:00,-6h,1.5,听力,14,完成本节内容
Anna_501,私教,Lucia,L001073,2026-06-21,周日,domingo,Sunday,18:00,09:00,-9h,1.5,语法,6,完成本节内容
Anna_501（教务）,1V1,Lucia,L001074,2026-06-28,周日,domingo,Sunday,18:00,09:00,-9h,2.0,语法,6,
Anna_501,私教,Lucia,L001075,2026-07-05,周日,domingo,Sunday,18:00,09:00,-9h,1.0,复习,14,语法掌握一般
Anna501,一对一,Lucia,L001076,2026-07-12,周日,domingo,Sunday,18:00,09:00,-9h,1.0,听力,10,完成本节内容
Anna_501（教务）,私教,Lucia,L001077,2026/07/19,周日,domingo,Sunday,18:00,09:00,-9h,1.0,复习,6,语法掌握一般
Anna_501,1V1,Lucia,L001078,07/26/2026,周日,domingo,Sunday,18:00,09:00,-9h,1.0,复习,9,完成本节内容
Anna_501,一对一,Lucia,L001079,2026-08-02,周日,domingo,Sunday,18:00,09:00,-9h,2.0,阅读,13,完成本节内容
Anna_501,私教,Lucia,L001080,08/09/2026,周日,domingo,Sunday,18:00,09:00,-9h,1.0,阅读,8,课堂参与积极
Anna_501,私教,Lucia,L001081,2026年8月16日,周日,domingo,Sunday,18:00,09:00,-9h,1.67,复习,14,完成本节内容
Anna_501,私教,Lucia,L001082,2026-08-23,周日,domingo,Sunday,18:00,09:00,-9h,1.67,阅读,12,需要加强口语练习
Anna_501,私教,Lucia,L001083,2026/08/30,周日,domingo,Sunday,18:00,09:00,-9h,1.0,阅读,4,语法掌握一般
Grace_337,班课,Javier,L001084,2025-10-05,周日,domingo,Sunday,16:00,16:00,+0h,1.0,口语,11,
Wilson_116,班课,Javier,L001084,2025/10/05,周日,domingo,Sunday,16:00,07:00,-9h,1.0,阅读,5,
Alice_249,班课,Javier,L001084,2025/10/05,周日,domingo,Sunday,16:00,02:00,+10h,1.0,语法,2,
Grace_337（教务）,班课,Javier,L001085,2025-10-12,周日,domingo,Sunday,16:00,15:00,-1h,1.0,复习,7,需要加强口语练习
Wilson_116,小组课,Javier,L001085,2025-10-12,周日,domingo,Sunday,16:00,07:00,-9h,1.0,听力,10,需要加强口语练习
Alice_249（教务）,小组课,Javier（教务）,L001085,2025/10/12,周日,domingo,Sunday,16:00,01:00,+9h,1.0,复习,1,需要加强口语练习
Grace_337,班课,Javier（教务）,L001086,2025-10-19,周日,domingo,Sunday,16:00,16:00,+0h,1.0,语法,5,需要加强口语练习
Wilson_116,班课,Javier（教务）,L001086,2025-10-19,周日,domingo,Sunday,16:00,10:00,-6h,1.0,语法,10,需要加强口语练习
Alice_249,班课,Javier（教务）,L001086,10/19/2025,周日,domingo,Sunday,16:00,01:00,+9h,1.0,口语,13,需要加强口语练习
Grace_337,小组课,Javier（教务）,L001087,2025年10月26日,周日,domingo,Sunday,16:00,16:00,+0h,1.5,阅读,6,语法掌握一般
Wilson_116,班课,Javier,L001087,10/26/2025,周日,domingo,Sunday,16:00,08:00,-8h,1.5,阅读,1,语法掌握一般
Alice_249,小组课,Javier,L001087,2025/10/26,周日,domingo,Sunday,16:00,02:00,+10h,1.5,听力,3,语法掌握一般
Grace337,班课,Javier,L001088,2025-11-02,周日,domingo,Sunday,16:00,16:00,+0h,1.67,阅读,3,完成本节内容
Wilson_116,小组课,Javier（教务）,L001088,2025年11月2日,周日,domingo,Sunday,16:00,07:00,-9h,1.67,语法,12,完成本节内容
Alice_249,小组课,Javier,L001088,2025-11-02,周日,domingo,Sunday,16:00,02:00,+10h,1.67,复习,12,完成本节内容
Grace337,班课,Javier,L001089,2025-11-09,周日,domingo,Sunday,16:00,16:00,+0h,1.0,口语,13,课堂参与积极
Wilson116,小组课,Javier,L001089,11/09/2025,周日,domingo,Sunday,16:00,07:00,-9h,1.0,阅读,1,课堂参与积极
Alice_249,小组课,Javier,L001089,2025/11/09,周日,domingo,Sunday,16:00,02:00,+10h,1.0,口语,9,课堂参与积极
Grace_337,班课,Javier,L001090,2025-11-16,周日,domingo,Sunday,16:00,16:00,+0h,1.67,阅读,10,完成本节内容
Wilson_116（教务）,小组课,Javier,L001090,2025-11-16,周日,domingo,Sunday,16:00,07:00,-9h,1.67,口语,7,完成本节内容
Alice_249,班课,Javier,L001090,2025年11月16日,周日,domingo,Sunday,16:00,02:00,+10h,1.67,阅读,6,完成本节内容
Grace_337,小组课,Javier,L001091,2025-11-23,周日,domingo,Sunday,16:00,16:00,+0h,1.5,口语,9,完成本节内容
Wilson116,班课,Javier,L001091,2025-11-23,周日,domingo,Sunday,16:00,07:00,-9h,1.5,听力,2,完成本节内容
Alice249,小组课,Javier,L001091,2025/11/23,周日,domingo,Sunday,16:00,02:00,+10h,1.5,口语,2,完成本节内容
Grace_337,班课,Javier,L001092,2025-11-30,周日,domingo,Sunday,16:00,15:00,-1h,1.67,口语,6,课堂参与积极
Wilson_116,小组课,Javier（教务）,L001092,2025/11/30,周日,domingo,Sunday,16:00,07:00,-9h,1.67,阅读,13,课堂参与积极
Alice_249,小组课,Javier,L001092,2025/11/30,周日,domingo,Sunday,16:00,02:00,+10h,1.67,复习,9,课堂参与积极
Grace_337,小组课,Javier,L001093,2025-12-07,周日,domingo,Sunday,16:00,16:00,+0h,2.0,口语,11,完成本节内容
Wilson_116（教务）,班课,Javier,L001093,2025年12月7日,周日,domingo,Sunday,16:00,07:00,-9h,2.0,口语,10,完成本节内容
Alice_249,小组课,Javier,L001093,12/07/2025,周日,domingo,Sunday,16:00,02:00,+10h,2.0,复习,7,完成本节内容
Grace_337,小组课,Javier,L001094,2025/12/14,周日,domingo,Sunday,16:00,16:00,+0h,1.0,口语,4,课堂参与积极
Wilson116,小组课,Javier,L001094,12/14/2025,周日,domingo,Sunday,16:00,07:00,-9h,1.0,语法,14,课堂参与积极
Alice_249,小组课,Javier,L001094,2025-12-14,周日,domingo,Sunday,16:00,04:00,+12h,1.0,复习,10,课堂参与积极
Grace_337,小组课,Javier,L001095,2025/12/21,周日,domingo,Sunday,16:00,16:00,+0h,2.0,语法,4,课堂参与积极
Wilson_116,班课,Javier,L001095,2025/12/21,周日,domingo,Sunday,16:00,07:00,-9h,2.0,听力,3,课堂参与积极
Alice_249,班课,Javier,L001095,2025-12-21,周日,domingo,Sunday,16:00,02:00,+10h,2.0,口语,2,课堂参与积极
Grace_337,班课,Javier,L001096,2025-12-28,周日,domingo,Sunday,16:00,16:00,+0h,1.67,口语,14,完成本节内容
Wilson_116,小组课,Javier,L001096,2025-12-28,周日,domingo,Sunday,16:00,07:00,-9h,1.67,听力,9,完成本节内容
Alice_249,班课,Javier,L001096,2025年12月28日,周日,domingo,Sunday,16:00,03:00,+11h,1.67,阅读,8,完成本节内容
Grace_337,小组课,Javier,L001097,2026-01-04,周日,domingo,Sunday,16:00,16:00,+0h,1.0,口语,13,
Wilson116,小组课,Javier,L001097,01/04/2026,周日,domingo,Sunday,16:00,07:00,-9h,1.0,阅读,7,
Alice_249,小组课,Javier,L001097,2026-01-04,周日,domingo,Sunday,16:00,02:00,+10h,1.0,口语,9,
Grace_337,班课,Javier,L001098,2026-01-11,周日,domingo,Sunday,16:00,16:00,+0h,2.0,语法,13,完成本节内容
Wilson_116,小组课,Javier,L001098,2026-01-11,周日,domingo,Sunday,16:00,08:00,-8h,2.0,复习,1,完成本节内容
Alice_249,班课,Javier,L001098,01/11/2026,周日,domingo,Sunday,16:00,01:00,+9h,2.0,听力,9,完成本节内容
Grace_337,小组课,Javier,L001099,2026-01-18,周日,domingo,Sunday,16:00,16:00,+0h,1.0,听力,9,课堂参与积极
Wilson_116,小组课,Javier,L001099,2026-01-18,周日,domingo,Sunday,16:00,07:00,-9h,1.0,听力,12,课堂参与积极
Alice_249,小组课,Javier,L001099,2026-01-18,周日,domingo,Sunday,16:00,02:00,+10h,1.0,复习,7,课堂参与积极
Grace_337,班课,Javier,L001100,2026-01-25,周日,domingo,Sunday,16:00,16:00,+0h,1.0,口语,7,需要加强口语练习
Wilson_116,小组课,Javier,L001100,2026-01-25,周日,domingo,Sunday,16:00,07:00,-9h,1.0,阅读,2,需要加强口语练习
Alice_249（教务）,小组课,Javier,L001100,2026-01-25,周日,domingo,Sunday,16:00,02:00,+10h,1.0,语法,13,需要加强口语练习
Grace337,小组课,Javier,L001101,2026/02/01,周日,domingo,Sunday,16:00,16:00,+0h,1.0,复习,7,课堂参与积极
Wilson_116,小组课,Javier,L001101,2026-02-01,周日,domingo,Sunday,16:00,07:00,-9h,1.0,阅读,1,课堂参与积极
Alice_249,班课,Javier,L001101,2026年2月1日,周日,domingo,Sunday,16:00,02:00,+10h,1.0,语法,10,课堂参与积极
Grace337,小组课,Javier,L001102,2026年2月8日,周日,domingo,Sunday,16:00,16:00,+0h,1.0,阅读,5,语法掌握一般
Wilson_116,班课,Javier,L001102,2026年2月8日,周日,domingo,Sunday,16:00,08:00,-8h,1.0,口语,10,语法掌握一般
Alice_249,班课,Javier,L001102,2026-02-08,周日,domingo,Sunday,16:00,02:00,+10h,1.0,阅读,4,语法掌握一般
Grace_337,班课,Javier,L001103,2026-02-15,周日,domingo,Sunday,16:00,17:00,+1h,2.0,阅读,4,完成本节内容
Wilson_116,小组课,Javier,L001103,2026-02-15,周日,domingo,Sunday,16:00,07:00,-9h,2.0,口语,4,完成本节内容
Alice249,小组课,Javier,L001103,2026/02/15,周日,domingo,Sunday,16:00,02:00,+10h,2.0,口语,10,完成本节内容
Grace337,班课,Javier,L001104,2026-02-22,周日,domingo,Sunday,16:00,16:00,+0h,1.67,口语,13,需要加强口语练习
Wilson_116,小组课,Javier,L001104,2026/02/22,周日,domingo,Sunday,16:00,07:00,-9h,1.67,复习,4,需要加强口语练习
Alice_249,班课,Javier,L001104,02/22/2026,周日,domingo,Sunday,16:00,03:00,+11h,1.67,复习,8,需要加强口语练习
Grace337,班课,Javier,L001105,03/01/2026,周日,domingo,Sunday,16:00,16:00,+0h,1.67,复习,9,完成本节内容
Wilson_116,班课,Javier,L001105,2026/03/01,周日,domingo,Sunday,16:00,07:00,-9h,1.67,听力,4,完成本节内容
Alice_249,班课,Javier,L001105,2026/03/01,周日,domingo,Sunday,16:00,03:00,+11h,1.67,阅读,12,完成本节内容
Grace_337,班课,Javier,L001106,2026/03/08,周日,domingo,Sunday,16:00,16:00,+0h,1.0,口语,12,
Wilson_116,班课,Javier,L001106,2026-03-08,周日,domingo,Sunday,16:00,08:00,-8h,1.0,语法,7,
Alice_249,班课,Javier,L001106,2026/03/08,周日,domingo,Sunday,16:00,02:00,+10h,1.0,语法,13,
Grace_337,小组课,Javier,L001107,2026/03/15,周日,domingo,Sunday,16:00,16:00,+0h,1.67,口语,5,完成本节内容
Wilson_116,班课,Javier,L001107,2026/03/15,周日,domingo,Sunday,16:00,08:00,-8h,1.67,语法,5,完成本节内容
Alice_249,班课,Javier,L001107,2026-03-15,周日,domingo,Sunday,16:00,02:00,+10h,1.67,口语,7,完成本节内容
Grace_337,班课,Javier,L001108,03/22/2026,周日,domingo,Sunday,16:00,16:00,+0h,1.67,复习,2,语法掌握一般
Wilson_116,班课,Javier,L001108,03/22/2026,周日,domingo,Sunday,16:00,08:00,-8h,1.67,听力,10,语法掌握一般
Alice249,班课,Javier（教务）,L001108,2026-03-22,周日,domingo,Sunday,16:00,02:00,+10h,1.67,语法,11,语法掌握一般
Grace_337,班课,Javier,L001109,2026/03/29,周日,domingo,Sunday,16:00,16:00,+0h,1.0,口语,2,语法掌握一般
Wilson_116,小组课,Javier,L001109,2026-03-29,周日,domingo,Sunday,16:00,07:00,-9h,1.0,阅读,13,语法掌握一般
Alice249,小组课,Javier（教务）,L001109,2026/03/29,周日,domingo,Sunday,16:00,01:00,+9h,1.0,复习,7,语法掌握一般
Grace_337,小组课,Javier,L001110,2026/04/05,周日,domingo,Sunday,16:00,16:00,+0h,1.0,阅读,3,需要加强口语练习
Wilson_116,班课,Javier,L001110,2026-04-05,周日,domingo,Sunday,16:00,07:00,-9h,1.0,阅读,2,需要加强口语练习
Alice249,班课,Javier,L001110,04/05/2026,周日,domingo,Sunday,16:00,00:00,+8h,1.0,语法,14,需要加强口语练习
Grace_337,小组课,Javier,L001111,2026-04-12,周日,domingo,Sunday,16:00,16:00,+0h,2.0,阅读,8,完成本节内容
Wilson_116,班课,Javier,L001111,04/12/2026,周日,domingo,Sunday,16:00,08:00,-8h,2.0,口语,4,完成本节内容
Alice_249,班课,Javier,L001111,2026-04-12,周日,domingo,Sunday,16:00,00:00,+8h,2.0,语法,10,完成本节内容
Grace_337,班课,Javier,L001112,2026/04/19,周日,domingo,Sunday,16:00,19:00,+3h,2.0,阅读,7,完成本节内容
Wilson116,小组课,Javier,L001112,2026/04/19,周日,domingo,Sunday,16:00,07:00,-9h,2.0,复习,6,完成本节内容
Alice_249,小组课,Javier,L001112,2026/04/19,周日,domingo,Sunday,16:00,00:00,+8h,2.0,语法,10,完成本节内容
Grace_337,班课,Javier,L001113,04/26/2026,周日,domingo,Sunday,16:00,15:00,-1h,1.0,复习,6,需要加强口语练习
Wilson_116,小组课,Javier,L001113,2026-04-26,周日,domingo,Sunday,16:00,07:00,-9h,1.0,听力,5,需要加强口语练习
Alice249,班课,Javier,L001113,2026年4月26日,周日,domingo,Sunday,16:00,00:00,+8h,1.0,口语,9,需要加强口语练习
Grace_337,班课,Javier（教务）,L001114,2026-05-03,周日,domingo,Sunday,16:00,16:00,+0h,1.5,语法,2,需要加强口语练习
Wilson_116,班课,Javier,L001114,2026-05-03,周日,domingo,Sunday,16:00,07:00,-9h,1.5,听力,9,需要加强口语练习
Alice_249,小组课,Javier,L001114,2026-05-03,周日,domingo,Sunday,16:00,00:00,+8h,1.5,复习,8,需要加强口语练习
Grace_337,小组课,Javier,L001115,2026-05-10,周日,domingo,Sunday,16:00,16:00,+0h,1.0,听力,8,完成本节内容
Wilson116,小组课,Javier（教务）,L001115,2026/05/10,周日,domingo,Sunday,16:00,07:00,-9h,1.0,阅读,2,完成本节内容
Alice_249,小组课,Javier,L001115,2026/05/10,周日,domingo,Sunday,16:00,00:00,+8h,1.0,复习,2,完成本节内容
Grace_337,小组课,Javier,L001116,2026-05-17,周日,domingo,Sunday,16:00,15:00,-1h,1.5,阅读,5,语法掌握一般
Wilson_116,小组课,Javier,L001116,2026-05-17,周日,domingo,Sunday,16:00,07:00,-9h,1.5,语法,12,语法掌握一般
Alice_249,班课,Javier,L001116,2026-05-17,周日,domingo,Sunday,16:00,00:00,+8h,1.5,语法,13,语法掌握一般
Grace_337,小组课,Javier,L001117,2026/05/24,周日,domingo,Sunday,16:00,16:00,+0h,1.0,语法,1,完成本节内容
Wilson_116,小组课,Javier,L001117,2026/05/24,周日,domingo,Sunday,16:00,07:00,-9h,1.0,口语,11,完成本节内容
Alice_249,班课,Javier,L001117,2026-05-24,周日,domingo,Sunday,16:00,00:00,+8h,1.0,阅读,13,完成本节内容
Grace_337,班课,Javier,L001118,2026/05/31,周日,domingo,Sunday,16:00,16:00,+0h,2.0,语法,2,
Wilson_116,小组课,Javier,L001118,05/31/2026,周日,domingo,Sunday,16:00,07:00,-9h,2.0,语法,8,
Alice_249,班课,Javier,L001118,2026/05/31,周日,domingo,Sunday,16:00,02:00,+10h,2.0,复习,12,
Grace_337,班课,Javier,L001119,2026-06-07,周日,domingo,Sunday,16:00,16:00,+0h,2.0,阅读,10,语法掌握一般
Wilson_116,小组课,Javier（教务）,L001119,2026-06-07,周日,domingo,Sunday,16:00,07:00,-9h,2.0,口语,11,语法掌握一般
Alice_249,小组课,Javier,L001119,2026/06/07,周日,domingo,Sunday,16:00,00:00,+8h,2.0,听力,6,语法掌握一般
Grace_337,班课,Javier,L001120,2026年6月14日,周日,domingo,Sunday,16:00,16:00,+0h,2.0,口语,4,需要加强口语练习
Wilson_116,小组课,Javier,L001120,2026/06/14,周日,domingo,Sunday,16:00,07:00,-9h,2.0,阅读,10,需要加强口语练习
Alice_249,小组课,Javier,L001120,2026/06/14,周日,domingo,Sunday,16:00,00:00,+8h,2.0,口语,10,需要加强口语练习
Grace_337,小组课,Javier,L001121,2026年6月21日,周日,domingo,Sunday,16:00,16:00,+0h,1.5,复习,10,语法掌握一般
Wilson116,班课,Javier,L001121,2026年6月21日,周日,domingo,Sunday,16:00,06:00,-10h,1.5,口语,9,语法掌握一般
Alice249,小组课,Javier,L001121,2026-06-21,周日,domingo,Sunday,16:00,00:00,+8h,1.5,语法,14,语法掌握一般
Grace_337,班课,Javier,L001122,2026-06-28,周日,domingo,Sunday,16:00,16:00,+0h,1.5,语法,9,完成本节内容
Wilson116,小组课,Javier（教务）,L001122,2026/06/28,周日,domingo,Sunday,16:00,07:00,-9h,1.5,阅读,7,完成本节内容
Alice249,小组课,Javier（教务）,L001122,2026-06-28,周日,domingo,Sunday,16:00,23:00,+7h,1.5,听力,4,完成本节内容
Grace337,小组课,Javier,L001123,2026年7月5日,周日,domingo,Sunday,16:00,16:00,+0h,1.5,听力,6,课堂参与积极
Wilson_116,小组课,Javier,L001123,2026年7月5日,周日,domingo,Sunday,16:00,07:00,-9h,1.5,口语,6,课堂参与积极
Alice249,班课,Javier（教务）,L001123,2026/07/05,周日,domingo,Sunday,16:00,00:00,+8h,1.5,语法,1,课堂参与积极
Grace_337,小组课,Javier,L001124,2026-07-12,周日,domingo,Sunday,16:00,16:00,+0h,1.5,语法,12,完成本节内容
Wilson_116,班课,Javier,L001124,2026年7月12日,周日,domingo,Sunday,16:00,06:00,-10h,1.5,语法,13,完成本节内容
Alice_249,班课,Javier（教务）,L001124,2026-07-12,周日,domingo,Sunday,16:00,00:00,+8h,1.5,阅读,5,完成本节内容
Grace_337,班课,Javier（教务）,L001125,2026-07-19,周日,domingo,Sunday,16:00,16:00,+0h,1.0,语法,13,语法掌握一般
Wilson_116,小组课,Javier,L001125,2026-07-19,周日,domingo,Sunday,16:00,06:00,-10h,1.0,口语,5,语法掌握一般
Alice_249,班课,Javier,L001125,2026-07-19,周日,domingo,Sunday,16:00,21:00,+5h,1.0,听力,10,语法掌握一般
Grace337,小组课,Javier,L001126,2026/07/26,周日,domingo,Sunday,16:00,14:00,-2h,1.0,口语,12,完成本节内容
Wilson_116,小组课,Javier,L001126,2026/07/26,周日,domingo,Sunday,16:00,07:00,-9h,1.0,语法,14,完成本节内容
Alice_249,小组课,Javier,L001126,07/26/2026,周日,domingo,Sunday,16:00,23:00,+7h,1.0,语法,7,完成本节内容
Grace_337,小组课,Javier,L001127,2026年8月2日,周日,domingo,Sunday,16:00,16:00,+0h,1.5,复习,3,课堂参与积极
Wilson_116（教务）,班课,Javier,L001127,2026/08/02,周日,domingo,Sunday,16:00,08:00,-8h,1.5,语法,3,课堂参与积极
Alice_249,班课,Javier,L001127,2026/08/02,周日,domingo,Sunday,16:00,00:00,+8h,1.5,复习,8,课堂参与积极
Grace_337,小组课,Javier,L001128,2026/08/09,周日,domingo,Sunday,16:00,16:00,+0h,1.0,听力,13,完成本节内容
Wilson116,班课,Javier,L001128,2026-08-09,周日,domingo,Sunday,16:00,07:00,-9h,1.0,语法,5,完成本节内容
Alice_249,小组课,Javier,L001128,2026/08/09,周日,domingo,Sunday,16:00,00:00,+8h,1.0,口语,13,完成本节内容
Grace_337,班课,Javier,L001129,2026/08/16,周日,domingo,Sunday,16:00,16:00,+0h,1.67,语法,3,完成本节内容
Wilson_116,班课,Javier,L001129,08/16/2026,周日,domingo,Sunday,16:00,07:00,-9h,1.67,口语,11,完成本节内容
Alice_249,小组课,Javier,L001129,2026年8月16日,周日,domingo,Sunday,16:00,00:00,+8h,1.67,阅读,7,完成本节内容
Grace_337,班课,Javier,L001130,2026/08/23,周日,domingo,Sunday,16:00,13:00,-3h,1.0,听力,12,完成本节内容
Wilson_116,小组课,Javier,L001130,2026-08-23,周日,domingo,Sunday,16:00,07:00,-9h,1.0,听力,9,完成本节内容
Alice_249,班课,Javier,L001130,2026/08/23,周日,domingo,Sunday,16:00,00:00,+8h,1.0,语法,12,完成本节内容
Grace_337,班课,Javier,L001131,2026-08-30,周日,domingo,Sunday,16:00,16:00,+0h,1.0,阅读,13,完成本节内容
Wilson116,班课,Javier,L001131,2026/08/30,周日,domingo,Sunday,16:00,07:00,-9h,1.0,听力,3,完成本节内容
Alice_249,小组课,Javier,L001131,2026-08-30,周日,domingo,Sunday,16:00,00:00,+8h,1.0,阅读,3,完成本节内容
Nina_195,1V1,Raul（教务）,L001132,2025/07/02,周三,miércoles,Wednesday,16:00,00:00,+8h,1.67,阅读,11,完成本节内容
Nina_195,私教,Raul,L001133,07/09/2025,周三,miércoles,Wednesday,16:00,00:00,+8h,1.0,复习,8,完成本节内容
Nina_195,一对一,Raul,L001134,2025-07-16,周三,miércoles,Wednesday,16:00,00:00,+8h,1.67,阅读,8,完成本节内容
Nina_195,1V1,Raul,L001135,2025/07/23,周三,miércoles,Wednesday,16:00,00:00,+8h,1.5,复习,3,需要加强口语练习
Nina_195,1V1,Raul,L001136,2025-07-30,周三,miércoles,Wednesday,16:00,00:00,+8h,1.67,口语,4,课堂参与积极
Nina_195,一对一,Raul,L001137,2025/08/06,周三,miércoles,Wednesday,16:00,00:00,+8h,1.0,阅读,3,完成本节内容
Nina_195,私教,Raul（教务）,L001138,2025年8月13日,周三,miércoles,Wednesday,16:00,00:00,+8h,1.0,口语,5,语法掌握一般
Nina_195,一对一,Raul,L001139,08/20/2025,周三,miércoles,Wednesday,16:00,00:00,+8h,1.0,复习,2,课堂参与积极
Nina_195,一对一,Raul,L001140,2025/08/27,周三,miércoles,Wednesday,16:00,00:00,+8h,2.0,语法,4,课堂参与积极
Nina_195,私教,Raul,L001141,2025-09-03,周三,miércoles,Wednesday,16:00,01:00,+9h,1.5,语法,3,需要加强口语练习
Nina_195（教务）,私教,Raul（教务）,L001142,2025-09-10,周三,miércoles,Wednesday,16:00,00:00,+8h,1.0,听力,4,需要加强口语练习
Nina_195,1V1,Raul（教务）,L001143,2025-09-17,周三,miércoles,Wednesday,16:00,00:00,+8h,1.5,阅读,9,完成本节内容
Nina_195,一对一,Raul,L001144,2025/09/24,周三,miércoles,Wednesday,16:00,00:00,+8h,1.0,复习,11,语法掌握一般
Nina_195,1V1,Raul,L001145,2025/10/01,周三,miércoles,Wednesday,16:00,00:00,+8h,1.5,复习,8,完成本节内容
Nina_195,一对一,Raul,L001146,2025年10月8日,周三,miércoles,Wednesday,16:00,01:00,+9h,2.0,语法,5,完成本节内容
Nina195,1V1,Raul,L001147,2025-10-15,周三,miércoles,Wednesday,16:00,01:00,+9h,1.67,阅读,9,需要加强口语练习
Nina_195,私教,Raul,L001148,2025-10-22,周三,miércoles,Wednesday,16:00,01:00,+9h,1.5,口语,3,语法掌握一般
Nina_195,一对一,Raul,L001149,2025/10/29,周三,miércoles,Wednesday,16:00,02:00,+10h,2.0,语法,6,完成本节内容
Nina_195,1V1,Raul,L001150,2025/11/05,周三,miércoles,Wednesday,16:00,02:00,+10h,1.0,语法,3,需要加强口语练习
Nina_195（教务）,1V1,Raul,L001151,2025-11-12,周三,miércoles,Wednesday,16:00,02:00,+10h,1.5,口语,11,课堂参与积极
Nina_195,私教,Raul,L001152,2025-11-19,周三,miércoles,Wednesday,16:00,04:00,+12h,2.0,语法,8,完成本节内容
Nina_195,一对一,Raul,L001153,2025/11/26,周三,miércoles,Wednesday,16:00,02:00,+10h,1.0,语法,12,课堂参与积极
Nina_195,一对一,Raul,L001154,2025-12-03,周三,miércoles,Wednesday,16:00,01:00,+9h,1.0,阅读,10,课堂参与积极
Nina_195,一对一,Raul,L001155,2025-12-10,周三,miércoles,Wednesday,16:00,02:00,+10h,1.0,听力,2,完成本节内容
Nina_195,私教,Raul,L001156,12/17/2025,周三,miércoles,Wednesday,16:00,02:00,+10h,1.0,听力,10,
Nina_195,私教,Raul,L001157,2025-12-24,周三,miércoles,Wednesday,16:00,00:00,+8h,1.0,阅读,13,课堂参与积极
Nina_195,一对一,Raul,L001158,2025-12-31,周三,miércoles,Wednesday,16:00,02:00,+10h,1.5,听力,10,完成本节内容
Nina_195（教务）,1V1,Raul,L001159,2026/01/07,周三,miércoles,Wednesday,16:00,02:00,+10h,1.0,口语,9,课堂参与积极
Nina_195,1V1,Raul,L001160,2026-01-14,周三,miércoles,Wednesday,16:00,02:00,+10h,1.67,口语,11,语法掌握一般
Nina_195,一对一,Raul,L001161,2026/01/21,周三,miércoles,Wednesday,16:00,02:00,+10h,1.5,听力,4,完成本节内容
Nina_195,一对一,Raul,L001162,2026年1月28日,周三,miércoles,Wednesday,16:00,02:00,+10h,1.0,口语,6,完成本节内容
Nina_195（教务）,1V1,Raul,L001163,02/04/2026,周三,miércoles,Wednesday,16:00,02:00,+10h,2.0,复习,6,语法掌握一般
Nina_195（教务）,1V1,Raul,L001164,02/11/2026,周三,miércoles,Wednesday,16:00,02:00,+10h,1.67,阅读,14,课堂参与积极
Nina_195,一对一,Raul,L001165,02/18/2026,周三,miércoles,Wednesday,16:00,01:00,+9h,1.0,语法,1,完成本节内容
Nina_195（教务）,私教,Raul,L001166,2026-02-25,周三,miércoles,Wednesday,16:00,02:00,+10h,1.0,口语,6,语法掌握一般
Nina_195,一对一,Raul,L001167,03/04/2026,周三,miércoles,Wednesday,16:00,02:00,+10h,2.0,阅读,12,完成本节内容
Nina_195,一对一,Raul,L001168,2026年3月11日,周三,miércoles,Wednesday,16:00,02:00,+10h,1.67,听力,12,完成本节内容
Nina_195（教务）,一对一,Raul,L001169,2026/03/18,周三,miércoles,Wednesday,16:00,02:00,+10h,1.0,语法,8,完成本节内容
Nina_195,1V1,Raul,L001170,2026-03-25,周三,miércoles,Wednesday,16:00,02:00,+10h,1.0,语法,6,语法掌握一般
Nina_195,1V1,Raul,L001171,04/01/2026,周三,miércoles,Wednesday,16:00,01:00,+9h,1.5,语法,12,完成本节内容
Nina_195,1V1,Raul（教务）,L001172,2026-04-08,周三,miércoles,Wednesday,16:00,00:00,+8h,1.0,听力,3,完成本节内容
Nina_195,私教,Raul,L001173,2026/04/15,周三,miércoles,Wednesday,16:00,00:00,+8h,1.0,口语,12,语法掌握一般
Nina_195,私教,Raul（教务）,L001174,2026-04-22,周三,miércoles,Wednesday,16:00,00:00,+8h,1.0,复习,4,
Nina_195,私教,Raul,L001175,04/29/2026,周三,miércoles,Wednesday,16:00,00:00,+8h,1.0,语法,4,完成本节内容
Nina195,一对一,Raul,L001176,2026/05/06,周三,miércoles,Wednesday,16:00,00:00,+8h,1.0,口语,14,完成本节内容
Nina_195,1V1,Raul,L001177,2026-05-13,周三,miércoles,Wednesday,16:00,00:00,+8h,2.0,语法,13,语法掌握一般
Nina_195,私教,Raul,L001178,2026年5月20日,周三,miércoles,Wednesday,16:00,01:00,+9h,1.0,复习,4,课堂参与积极
Nina_195,1V1,Raul,L001179,2026-05-27,周三,miércoles,Wednesday,16:00,00:00,+8h,1.5,听力,10,
Nina_195,1V1,Raul,L001180,2026年6月3日,周三,miércoles,Wednesday,16:00,00:00,+8h,1.0,口语,13,完成本节内容
Nina_195,一对一,Raul（教务）,L001181,06/10/2026,周三,miércoles,Wednesday,16:00,00:00,+8h,1.0,口语,13,需要加强口语练习
Nina_195,一对一,Raul,L001182,2026/06/17,周三,miércoles,Wednesday,16:00,00:00,+8h,1.0,听力,6,需要加强口语练习
Nina_195,1V1,Raul,L001183,2026-06-24,周三,miércoles,Wednesday,16:00,03:00,+11h,1.67,复习,12,完成本节内容
Nina_195,一对一,Raul,L001184,07/01/2026,周三,miércoles,Wednesday,16:00,00:00,+8h,1.5,复习,11,完成本节内容
Nina_195,1V1,Raul（教务）,L001185,07/08/2026,周三,miércoles,Wednesday,16:00,00:00,+8h,1.0,口语,11,完成本节内容
Nina195,一对一,Raul,L001186,2026-07-15,周三,miércoles,Wednesday,16:00,00:00,+8h,1.5,口语,1,语法掌握一般
Nina_195,1V1,Raul,L001187,2026/07/22,周三,miércoles,Wednesday,16:00,00:00,+8h,1.0,语法,8,
Nina_195,一对一,Raul,L001188,2026-07-29,周三,miércoles,Wednesday,16:00,00:00,+8h,1.0,听力,2,语法掌握一般
Nina_195,私教,Raul,L001189,2026-08-05,周三,miércoles,Wednesday,16:00,00:00,+8h,1.67,复习,13,需要加强口语练习
Nina_195,私教,Raul,L001190,2026-08-12,周三,miércoles,Wednesday,16:00,00:00,+8h,1.67,听力,1,
Nina_195,一对一,Raul（教务）,L001191,08/19/2026,周三,miércoles,Wednesday,16:00,01:00,+9h,1.5,听力,2,语法掌握一般
Nina_195,1V1,Raul,L001192,08/26/2026,周三,miércoles,Wednesday,16:00,00:00,+8h,1.0,听力,3,课堂参与积极
Xuan_058,一对一,Laura,L001193,07/16/2026,周四,jueves,Thursday,10:00,17:00,+7h,1.0,复习,9,需要加强口语练习
Xuan_058,一对一,Laura,L001194,07/23/2026,周四,jueves,Thursday,10:00,18:00,+8h,1.0,阅读,6,课堂参与积极
Xuan058,一对一,Laura,L001195,2026-07-30,周四,jueves,Thursday,10:00,18:00,+8h,1.0,语法,3,需要加强口语练习
Xuan_058,1V1,Laura,L001196,2026/08/06,周四,jueves,Thursday,10:00,18:00,+8h,1.0,语法,6,需要加强口语练习
Xuan_058,私教,Laura,L001197,2026年8月13日,周四,jueves,Thursday,10:00,18:00,+8h,1.0,阅读,14,完成本节内容
Xuan_058（教务）,私教,Laura,L001198,2026/08/20,周四,jueves,Thursday,10:00,18:00,+8h,1.67,口语,10,需要加强口语练习
Xuan_058（教务）,一对一,Laura,L001199,2026-08-27,周四,jueves,Thursday,10:00,18:00,+8h,1.0,阅读,11,语法掌握一般
Eric396,1V1,Carmen,L001200,07/25/2025,周五,viernes,Friday,10:00,10:00,+0h,1.5,阅读,9,课堂参与积极
Eric_396,私教,Carmen,L001201,2025/08/01,周五,viernes,Friday,10:00,10:00,+0h,1.67,语法,14,课堂参与积极
Eric_396,私教,Carmen,L001202,2025/08/08,周五,viernes,Friday,10:00,10:00,+0h,1.0,听力,13,完成本节内容
Eric_396,私教,Carmen（教务）,L001203,2025年8月15日,周五,viernes,Friday,10:00,09:00,-1h,1.67,口语,1,课堂参与积极
Eric_396,1V1,Carmen,L001204,2025-08-22,周五,viernes,Friday,10:00,10:00,+0h,1.67,听力,3,完成本节内容
Eric_396,一对一,Carmen,L001205,2025年8月29日,周五,viernes,Friday,10:00,10:00,+0h,1.0,语法,12,完成本节内容
Eric_396,一对一,Carmen,L001206,2025年9月5日,周五,viernes,Friday,10:00,10:00,+0h,1.67,阅读,10,完成本节内容
Eric_396,私教,Carmen,L001207,2025年9月12日,周五,viernes,Friday,10:00,10:00,+0h,1.0,复习,2,课堂参与积极
Eric_396,一对一,Carmen,L001208,2025-09-19,周五,viernes,Friday,10:00,10:00,+0h,1.0,语法,14,完成本节内容
Eric_396,私教,Carmen,L001209,2025-09-26,周五,viernes,Friday,10:00,10:00,+0h,1.0,语法,2,完成本节内容
Eric_396,1V1,Carmen,L001210,2025-10-03,周五,viernes,Friday,10:00,10:00,+0h,1.67,语法,5,需要加强口语练习
Eric_396,1V1,Carmen,L001211,2025/10/10,周五,viernes,Friday,10:00,10:00,+0h,1.67,听力,3,
Eric396,一对一,Carmen,L001212,10/17/2025,周五,viernes,Friday,10:00,10:00,+0h,1.0,语法,5,课堂参与积极
Eric_396,一对一,Carmen,L001213,2025-10-24,周五,viernes,Friday,10:00,09:00,-1h,2.0,语法,13,完成本节内容
Eric_396,私教,Carmen,L001214,2025-10-31,周五,viernes,Friday,10:00,10:00,+0h,2.0,语法,5,需要加强口语练习
Eric396,1V1,Carmen,L001215,11/07/2025,周五,viernes,Friday,10:00,10:00,+0h,1.0,复习,13,完成本节内容
Eric_396,一对一,Carmen,L001216,2025/11/14,周五,viernes,Friday,10:00,10:00,+0h,1.67,听力,10,
Eric_396（教务）,1V1,Carmen（教务）,L001217,2025-11-21,周五,viernes,Friday,10:00,10:00,+0h,1.67,语法,12,完成本节内容
Eric396,1V1,Carmen,L001218,2025-11-28,周五,viernes,Friday,10:00,10:00,+0h,2.0,阅读,8,完成本节内容
Eric_396,1V1,Carmen,L001219,2025-12-05,周五,viernes,Friday,10:00,09:00,-1h,1.0,听力,7,
Eric_396（教务）,1V1,Carmen,L001220,2025年12月12日,周五,viernes,Friday,10:00,10:00,+0h,1.67,听力,1,语法掌握一般
Eric_396,1V1,Carmen,L001221,2025-12-19,周五,viernes,Friday,10:00,10:00,+0h,1.0,口语,2,需要加强口语练习
Eric_396,1V1,Carmen,L001222,2025-12-26,周五,viernes,Friday,10:00,10:00,+0h,1.67,阅读,13,需要加强口语练习
Eric_396,私教,Carmen,L001223,2026/01/02,周五,viernes,Friday,10:00,10:00,+0h,1.0,语法,13,完成本节内容
Eric396,1V1,Carmen,L001224,2026/01/09,周五,viernes,Friday,10:00,10:00,+0h,1.67,阅读,3,完成本节内容
Eric_396（教务）,一对一,Carmen,L001225,2026-01-16,周五,viernes,Friday,10:00,10:00,+0h,1.0,语法,1,语法掌握一般
Eric_396,私教,Carmen,L001226,2026-01-23,周五,viernes,Friday,10:00,10:00,+0h,1.5,口语,3,完成本节内容
Eric396,一对一,Carmen,L001227,2026/01/30,周五,viernes,Friday,10:00,10:00,+0h,1.0,口语,5,
Eric_396（教务）,1V1,Carmen,L001228,02/06/2026,周五,viernes,Friday,10:00,10:00,+0h,1.0,复习,12,完成本节内容
Eric_396,1V1,Carmen,L001229,2026/02/13,周五,viernes,Friday,10:00,10:00,+0h,1.67,口语,6,完成本节内容
Eric_396,私教,Carmen,L001230,2026-02-20,周五,viernes,Friday,10:00,07:00,-3h,1.5,阅读,8,语法掌握一般
Eric396,1V1,Carmen,L001231,2026-02-27,周五,viernes,Friday,10:00,10:00,+0h,1.0,口语,9,完成本节内容
Eric_396,一对一,Carmen,L001232,2026-03-06,周五,viernes,Friday,10:00,10:00,+0h,1.0,听力,2,语法掌握一般
Eric396,一对一,Carmen,L001233,2026/03/13,周五,viernes,Friday,10:00,10:00,+0h,1.0,语法,6,课堂参与积极
Eric_396,一对一,Carmen（教务）,L001234,2026-03-20,周五,viernes,Friday,10:00,10:00,+0h,1.0,阅读,13,完成本节内容
Eric_396,1V1,Carmen,L001235,2026-03-27,周五,viernes,Friday,10:00,10:00,+0h,2.0,复习,3,需要加强口语练习
Eric396,私教,Carmen,L001236,2026/04/03,周五,viernes,Friday,10:00,10:00,+0h,1.5,复习,7,
Eric_396,1V1,Carmen,L001237,2026/04/10,周五,viernes,Friday,10:00,10:00,+0h,1.0,听力,10,需要加强口语练习
Eric_396,私教,Carmen,L001238,2026年4月17日,周五,viernes,Friday,10:00,09:00,-1h,1.67,语法,3,课堂参与积极
Eric396,私教,Carmen,L001239,2026-04-24,周五,viernes,Friday,10:00,10:00,+0h,1.67,语法,10,完成本节内容
Eric_396,私教,Carmen,L001240,2026-05-01,周五,viernes,Friday,10:00,10:00,+0h,1.5,听力,10,完成本节内容
Eric396,私教,Carmen（教务）,L001241,2026/05/08,周五,viernes,Friday,10:00,10:00,+0h,1.0,口语,5,完成本节内容
Eric_396（教务）,一对一,Carmen（教务）,L001242,05/15/2026,周五,viernes,Friday,10:00,11:00,+1h,1.0,阅读,3,需要加强口语练习
Eric_396（教务）,1V1,Carmen,L001243,2026/05/22,周五,viernes,Friday,10:00,10:00,+0h,2.0,复习,2,完成本节内容
Eric_396,私教,Carmen,L001244,2026-05-29,周五,viernes,Friday,10:00,10:00,+0h,1.0,语法,9,需要加强口语练习
Eric_396,一对一,Carmen（教务）,L001245,2026-06-05,周五,viernes,Friday,10:00,11:00,+1h,1.0,复习,2,课堂参与积极
Eric_396,私教,Carmen,L001246,2026-06-12,周五,viernes,Friday,10:00,10:00,+0h,1.0,语法,6,需要加强口语练习
Eric_396,私教,Carmen,L001247,2026/06/19,周五,viernes,Friday,10:00,10:00,+0h,1.0,口语,6,完成本节内容
Eric_396,1V1,Carmen,L001248,2026-06-26,周五,viernes,Friday,10:00,10:00,+0h,1.5,阅读,3,完成本节内容
Eric_396,私教,Carmen,L001249,2026-07-03,周五,viernes,Friday,10:00,10:00,+0h,1.0,复习,13,语法掌握一般
Eric_396（教务）,私教,Carmen,L001250,07/10/2026,周五,viernes,Friday,10:00,10:00,+0h,1.0,复习,13,课堂参与积极
Eric_396,1V1,Carmen（教务）,L001251,2026年7月17日,周五,viernes,Friday,10:00,10:00,+0h,1.67,复习,3,完成本节内容
Eric_396,1V1,Carmen,L001252,2026-07-24,周五,viernes,Friday,10:00,11:00,+1h,1.0,复习,1,课堂参与积极
Eric_396,一对一,Carmen,L001253,07/31/2026,周五,viernes,Friday,10:00,10:00,+0h,1.0,口语,12,需要加强口语练习
Eric_396,一对一,Carmen,L001254,2026-08-07,周五,viernes,Friday,10:00,10:00,+0h,2.0,阅读,5,完成本节内容
Eric_396,1V1,Carmen,L001255,2026/08/14,周五,viernes,Friday,10:00,11:00,+1h,1.67,口语,14,语法掌握一般
Eric_396,私教,Carmen,L001256,2026/08/21,周五,viernes,Friday,10:00,10:00,+0h,2.0,听力,11,语法掌握一般
Eric_396,私教,Carmen,L001257,2026-08-28,周五,viernes,Friday,10:00,10:00,+0h,1.67,复习,10,语法掌握一般
Hannah_215,1V1,Consuelo（教务）,L001258,2025年10月11日,周六,sábado,Saturday,18:00,09:00,-9h,1.0,复习,5,完成本节内容
Hannah_215,私教,Consuelo,L001259,2025-10-18,周六,sábado,Saturday,18:00,09:00,-9h,1.0,阅读,7,课堂参与积极
Hannah_215,私教,Consuelo,L001260,2025年10月25日,周六,sábado,Saturday,18:00,09:00,-9h,1.0,语法,8,需要加强口语练习
Hannah_215,一对一,Consuelo,L001261,2025-11-01,周六,sábado,Saturday,18:00,10:00,-8h,1.5,语法,2,完成本节内容
Hannah_215,1V1,Consuelo,L001262,2025-11-08,周六,sábado,Saturday,18:00,09:00,-9h,1.0,阅读,12,完成本节内容
Hannah_215,一对一,Consuelo,L001263,2025-11-15,周六,sábado,Saturday,18:00,09:00,-9h,1.0,口语,12,完成本节内容
Hannah_215,私教,Consuelo,L001264,2025/11/22,周六,sábado,Saturday,18:00,09:00,-9h,2.0,语法,12,需要加强口语练习
Hannah_215,1V1,Consuelo,L001265,2025年11月29日,周六,sábado,Saturday,18:00,09:00,-9h,1.67,听力,11,需要加强口语练习
Hannah_215,私教,Consuelo,L001266,2025-12-06,周六,sábado,Saturday,18:00,09:00,-9h,1.67,口语,5,语法掌握一般
Hannah_215,1V1,Consuelo,L001267,2025-12-13,周六,sábado,Saturday,18:00,09:00,-9h,1.0,语法,5,课堂参与积极
Hannah215,一对一,Consuelo,L001268,2025-12-20,周六,sábado,Saturday,18:00,09:00,-9h,1.5,语法,13,课堂参与积极
Hannah_215,私教,Consuelo（教务）,L001269,2025-12-27,周六,sábado,Saturday,18:00,09:00,-9h,1.67,复习,12,
Hannah215,1V1,Consuelo,L001270,2026-01-03,周六,sábado,Saturday,18:00,09:00,-9h,1.0,阅读,6,完成本节内容
Hannah_215,1V1,Consuelo,L001271,2026-01-10,周六,sábado,Saturday,18:00,09:00,-9h,1.67,口语,4,需要加强口语练习
Hannah215,私教,Consuelo,L001272,2026-01-17,周六,sábado,Saturday,18:00,09:00,-9h,1.0,口语,5,需要加强口语练习
Hannah_215,1V1,Consuelo,L001273,01/24/2026,周六,sábado,Saturday,18:00,09:00,-9h,1.5,复习,10,语法掌握一般
Hannah215,一对一,Consuelo,L001274,01/31/2026,周六,sábado,Saturday,18:00,09:00,-9h,1.0,语法,11,完成本节内容
Hannah_215（教务）,私教,Consuelo,L001275,2026/02/07,周六,sábado,Saturday,18:00,09:00,-9h,1.0,口语,1,完成本节内容
Hannah215,一对一,Consuelo,L001276,2026-02-14,周六,sábado,Saturday,18:00,09:00,-9h,1.5,复习,2,完成本节内容
Hannah_215,1V1,Consuelo,L001277,2026-02-21,周六,sábado,Saturday,18:00,09:00,-9h,1.67,语法,5,
Hannah_215,私教,Consuelo,L001278,2026/02/28,周六,sábado,Saturday,18:00,08:00,-10h,1.67,阅读,1,完成本节内容
Hannah_215,1V1,Consuelo,L001279,2026-03-07,周六,sábado,Saturday,18:00,09:00,-9h,1.0,阅读,13,完成本节内容
Hannah_215（教务）,一对一,Consuelo,L001280,2026/03/14,周六,sábado,Saturday,18:00,09:00,-9h,2.0,听力,13,课堂参与积极
Hannah215,一对一,Consuelo,L001281,2026/03/21,周六,sábado,Saturday,18:00,10:00,-8h,1.0,听力,1,需要加强口语练习
Hannah_215,一对一,Consuelo,L001282,2026年3月28日,周六,sábado,Saturday,18:00,10:00,-8h,1.0,听力,14,课堂参与积极
Hannah_215,一对一,Consuelo,L001283,2026-04-04,周六,sábado,Saturday,18:00,09:00,-9h,2.0,口语,5,课堂参与积极
Hannah_215,私教,Consuelo,L001284,2026-04-11,周六,sábado,Saturday,18:00,09:00,-9h,2.0,语法,12,需要加强口语练习
Hannah_215（教务）,一对一,Consuelo,L001285,2026年4月18日,周六,sábado,Saturday,18:00,09:00,-9h,1.0,语法,11,语法掌握一般
Hannah215,一对一,Consuelo,L001286,2026-04-25,周六,sábado,Saturday,18:00,09:00,-9h,1.0,语法,10,
Hannah_215,一对一,Consuelo,L001287,2026/05/02,周六,sábado,Saturday,18:00,09:00,-9h,1.67,语法,12,语法掌握一般
Hannah_215,私教,Consuelo,L001288,05/09/2026,周六,sábado,Saturday,18:00,09:00,-9h,1.0,口语,1,课堂参与积极
Hannah_215,私教,Consuelo,L001289,2026年5月16日,周六,sábado,Saturday,18:00,08:00,-10h,2.0,口语,3,
Hannah_215,一对一,Consuelo,L001290,2026-05-23,周六,sábado,Saturday,18:00,09:00,-9h,1.0,复习,6,语法掌握一般
Hannah215,一对一,Consuelo,L001291,2026/05/30,周六,sábado,Saturday,18:00,09:00,-9h,1.0,口语,9,课堂参与积极
Hannah_215,私教,Consuelo（教务）,L001292,2026年6月6日,周六,sábado,Saturday,18:00,09:00,-9h,1.0,阅读,6,语法掌握一般
Hannah_215,私教,Consuelo,L001293,2026-06-13,周六,sábado,Saturday,18:00,09:00,-9h,1.5,听力,10,完成本节内容
Hannah_215,一对一,Consuelo,L001294,2026年6月20日,周六,sábado,Saturday,18:00,09:00,-9h,1.67,口语,8,完成本节内容
Hannah_215,一对一,Consuelo,L001295,2026年6月27日,周六,sábado,Saturday,18:00,09:00,-9h,1.5,语法,11,课堂参与积极
Hannah_215,1V1,Consuelo（教务）,L001296,2026-07-04,周六,sábado,Saturday,18:00,10:00,-8h,1.5,复习,10,语法掌握一般
Hannah_215,1V1,Consuelo,L001297,2026年7月11日,周六,sábado,Saturday,18:00,09:00,-9h,1.67,语法,11,完成本节内容
Hannah_215,1V1,Consuelo,L001298,2026/07/18,周六,sábado,Saturday,18:00,09:00,-9h,1.0,复习,2,需要加强口语练习
Hannah_215（教务）,一对一,Consuelo,L001299,2026-07-25,周六,sábado,Saturday,18:00,09:00,-9h,1.67,口语,1,
Hannah_215,一对一,Consuelo,L001300,08/01/2026,周六,sábado,Saturday,18:00,09:00,-9h,1.67,语法,14,完成本节内容
Hannah_215,一对一,Consuelo,L001301,2026/08/08,周六,sábado,Saturday,18:00,09:00,-9h,1.67,阅读,4,语法掌握一般
Hannah_215,私教,Consuelo,L001302,2026/08/15,周六,sábado,Saturday,18:00,09:00,-9h,1.0,口语,1,完成本节内容
Hannah_215,私教,Consuelo,L001303,2026-08-22,周六,sábado,Saturday,18:00,09:00,-9h,1.0,语法,3,语法掌握一般
Hannah_215（教务）,私教,Consuelo,L001304,2026-08-29,周六,sábado,Saturday,18:00,09:00,-9h,2.0,复习,4,语法掌握一般
Sarah_248,私教,Alba,L001305,10/20/2025,周一,lunes,Monday,20:00,05:00,+9h,1.0,口语,14,课堂参与积极
Sarah_248,1V1,Alba,L001306,10/27/2025,周一,lunes,Monday,20:00,06:00,+10h,1.0,口语,14,语法掌握一般
Sarah248,1V1,Alba,L001307,2025-11-03,周一,lunes,Monday,20:00,06:00,+10h,1.0,复习,6,课堂参与积极
Sarah_248,私教,Alba,L001308,2025-11-10,周一,lunes,Monday,20:00,06:00,+10h,1.0,口语,13,
Sarah_248,1V1,Alba,L001309,2025/11/17,周一,lunes,Monday,20:00,04:00,+8h,1.0,复习,7,课堂参与积极
Sarah_248,1V1,Alba,L001310,11/24/2025,周一,lunes,Monday,20:00,06:00,+10h,1.67,复习,2,完成本节内容
Sarah_248,一对一,Alba,L001311,2025-12-01,周一,lunes,Monday,20:00,06:00,+10h,1.67,口语,2,完成本节内容
Sarah_248,一对一,Alba,L001312,2025-12-08,周一,lunes,Monday,20:00,06:00,+10h,1.5,听力,10,需要加强口语练习
Sarah_248,私教,Alba,L001313,12/15/2025,周一,lunes,Monday,20:00,06:00,+10h,1.67,口语,8,语法掌握一般
Sarah_248,一对一,Alba,L001314,2025年12月22日,周一,lunes,Monday,20:00,06:00,+10h,1.0,口语,9,完成本节内容
Sarah_248,私教,Alba,L001315,2025/12/29,周一,lunes,Monday,20:00,06:00,+10h,1.0,语法,8,语法掌握一般
Sarah_248（教务）,一对一,Alba,L001316,2026-01-05,周一,lunes,Monday,20:00,06:00,+10h,1.0,口语,2,课堂参与积极
Sarah248,一对一,Alba,L001317,2026-01-12,周一,lunes,Monday,20:00,06:00,+10h,1.67,语法,12,完成本节内容
Sarah_248,一对一,Alba,L001318,2026/01/19,周一,lunes,Monday,20:00,06:00,+10h,1.0,复习,13,完成本节内容
Sarah_248,私教,Alba,L001319,2026/01/26,周一,lunes,Monday,20:00,06:00,+10h,1.0,阅读,12,课堂参与积极
Sarah_248,私教,Alba,L001320,2026年2月2日,周一,lunes,Monday,20:00,06:00,+10h,1.5,口语,11,完成本节内容
Sarah_248,私教,Alba,L001321,2026/02/09,周一,lunes,Monday,20:00,06:00,+10h,1.67,语法,13,课堂参与积极
Sarah_248,一对一,Alba,L001322,2026-02-16,周一,lunes,Monday,20:00,07:00,+11h,1.0,听力,3,语法掌握一般
Sarah_248,一对一,Alba,L001323,02/23/2026,周一,lunes,Monday,20:00,08:00,+12h,1.0,听力,1,需要加强口语练习
Sarah_248,私教,Alba,L001324,03/02/2026,周一,lunes,Monday,20:00,06:00,+10h,1.0,口语,9,语法掌握一般
Sarah_248,一对一,Alba,L001325,2026-03-09,周一,lunes,Monday,20:00,06:00,+10h,1.0,听力,2,需要加强口语练习
Sarah_248,1V1,Alba,L001326,2026-03-16,周一,lunes,Monday,20:00,06:00,+10h,1.0,复习,12,
Sarah_248,1V1,Alba,L001327,2026-03-23,周一,lunes,Monday,20:00,06:00,+10h,1.67,复习,3,完成本节内容
Sarah_248,一对一,Alba（教务）,L001328,2026年3月30日,周一,lunes,Monday,20:00,05:00,+9h,1.67,口语,8,完成本节内容
Sarah_248,私教,Alba,L001329,2026-04-06,周一,lunes,Monday,20:00,04:00,+8h,1.5,语法,5,完成本节内容
Sarah_248,1V1,Alba,L001330,2026年4月13日,周一,lunes,Monday,20:00,04:00,+8h,1.5,语法,13,完成本节内容
Sarah248,私教,Alba,L001331,2026-04-20,周一,lunes,Monday,20:00,06:00,+10h,1.67,口语,11,课堂参与积极
Sarah_248（教务）,一对一,Alba,L001332,2026-04-27,周一,lunes,Monday,20:00,04:00,+8h,1.67,语法,10,需要加强口语练习
Sarah_248,一对一,Alba,L001333,2026-05-04,周一,lunes,Monday,20:00,04:00,+8h,1.0,复习,3,完成本节内容
Sarah_248,1V1,Alba（教务）,L001334,2026年5月11日,周一,lunes,Monday,20:00,05:00,+9h,1.0,语法,4,完成本节内容
Sarah_248,一对一,Alba,L001335,2026年5月18日,周一,lunes,Monday,20:00,04:00,+8h,1.5,语法,12,语法掌握一般
Sarah248,一对一,Alba,L001336,2026年5月25日,周一,lunes,Monday,20:00,04:00,+8h,1.67,复习,14,课堂参与积极
Sarah_248（教务）,1V1,Alba,L001337,2026年6月1日,周一,lunes,Monday,20:00,04:00,+8h,1.0,口语,7,语法掌握一般
Sarah_248,私教,Alba,L001338,2026-06-08,周一,lunes,Monday,20:00,04:00,+8h,2.0,口语,14,语法掌握一般
Sarah_248,私教,Alba,L001339,2026/06/15,周一,lunes,Monday,20:00,04:00,+8h,1.67,语法,8,课堂参与积极
Sarah_248,1V1,Alba,L001340,2026-06-22,周一,lunes,Monday,20:00,04:00,+8h,1.0,阅读,10,课堂参与积极
Sarah_248,一对一,Alba,L001341,2026/06/29,周一,lunes,Monday,20:00,04:00,+8h,1.5,口语,2,课堂参与积极
Sarah_248,一对一,Alba（教务）,L001342,2026-07-06,周一,lunes,Monday,20:00,04:00,+8h,1.5,语法,7,课堂参与积极
Sarah_248,私教,Alba,L001343,2026/07/13,周一,lunes,Monday,20:00,04:00,+8h,1.0,语法,14,课堂参与积极
Sarah_248,私教,Alba,L001344,2026-07-20,周一,lunes,Monday,20:00,04:00,+8h,1.0,语法,4,完成本节内容
Sarah_248,1V1,Alba,L001345,2026-07-27,周一,lunes,Monday,20:00,04:00,+8h,2.0,语法,9,
Sarah_248,一对一,Alba,L001346,2026-08-03,周一,lunes,Monday,20:00,04:00,+8h,1.0,语法,5,语法掌握一般
Sarah248,1V1,Alba,L001347,2026/08/10,周一,lunes,Monday,20:00,04:00,+8h,1.0,口语,6,课堂参与积极
Sarah_248,私教,Alba,L001348,2026-08-17,周一,lunes,Monday,20:00,04:00,+8h,2.0,复习,3,需要加强口语练习
Sarah248,一对一,Alba,L001349,2026-08-24,周一,lunes,Monday,20:00,04:00,+8h,1.0,听力,5,完成本节内容
Lucy_206,一对一,Natalia,L001350,2025-12-29,周一,lunes,Monday,14:00,05:00,-9h,1.0,阅读,6,完成本节内容
Lucy_206,一对一,Natalia,L001351,2026/01/05,周一,lunes,Monday,14:00,05:00,-9h,1.5,阅读,5,完成本节内容
Lucy_206,一对一,Natalia,L001352,2026-01-12,周一,lunes,Monday,14:00,05:00,-9h,1.0,阅读,1,
Lucy_206,一对一,Natalia,L001353,2026年1月19日,周一,lunes,Monday,14:00,05:00,-9h,1.0,口语,10,完成本节内容
Lucy_206,私教,Natalia,L001354,2026-01-26,周一,lunes,Monday,14:00,05:00,-9h,1.5,阅读,13,完成本节内容
Lucy_206,私教,Natalia,L001355,2026-02-02,周一,lunes,Monday,14:00,05:00,-9h,1.67,听力,5,语法掌握一般
Lucy_206,一对一,Natalia,L001356,2026-02-09,周一,lunes,Monday,14:00,05:00,-9h,1.0,语法,8,需要加强口语练习
Lucy_206,1V1,Natalia,L001357,2026-02-16,周一,lunes,Monday,14:00,05:00,-9h,1.0,阅读,12,语法掌握一般
Lucy_206（教务）,1V1,Natalia,L001358,2026-02-23,周一,lunes,Monday,14:00,05:00,-9h,1.0,阅读,5,完成本节内容
Lucy_206,私教,Natalia,L001359,2026-03-02,周一,lunes,Monday,14:00,05:00,-9h,1.0,阅读,8,完成本节内容
Lucy_206,私教,Natalia（教务）,L001360,03/09/2026,周一,lunes,Monday,14:00,06:00,-8h,1.67,口语,12,完成本节内容
Lucy_206,一对一,Natalia,L001361,2026-03-16,周一,lunes,Monday,14:00,06:00,-8h,1.67,语法,11,完成本节内容
Lucy_206,1V1,Natalia,L001362,2026年3月23日,周一,lunes,Monday,14:00,06:00,-8h,1.5,阅读,7,完成本节内容
Lucy_206,一对一,Natalia,L001363,2026-03-30,周一,lunes,Monday,14:00,05:00,-9h,1.5,听力,11,完成本节内容
Lucy_206,一对一,Natalia,L001364,2026-04-06,周一,lunes,Monday,14:00,05:00,-9h,1.67,语法,1,完成本节内容
Lucy_206,1V1,Natalia,L001365,2026-04-13,周一,lunes,Monday,14:00,05:00,-9h,1.0,口语,1,完成本节内容
Lucy206,1V1,Natalia,L001366,2026年4月20日,周一,lunes,Monday,14:00,05:00,-9h,1.67,阅读,12,需要加强口语练习
Lucy_206,1V1,Natalia,L001367,2026-04-27,周一,lunes,Monday,14:00,05:00,-9h,2.0,阅读,12,语法掌握一般
Lucy206,1V1,Natalia,L001368,2026-05-04,周一,lunes,Monday,14:00,05:00,-9h,1.5,语法,4,
Lucy_206,一对一,Natalia,L001369,2026-05-11,周一,lunes,Monday,14:00,05:00,-9h,1.0,听力,11,语法掌握一般
Lucy_206,一对一,Natalia,L001370,2026/05/18,周一,lunes,Monday,14:00,05:00,-9h,1.0,语法,1,课堂参与积极
Lucy_206,私教,Natalia,L001371,2026-05-25,周一,lunes,Monday,14:00,05:00,-9h,1.0,阅读,14,完成本节内容
Lucy_206（教务）,私教,Natalia,L001372,2026年6月1日,周一,lunes,Monday,14:00,05:00,-9h,1.0,阅读,8,需要加强口语练习
Lucy_206,私教,Natalia,L001373,2026-06-08,周一,lunes,Monday,14:00,05:00,-9h,1.0,阅读,7,
Lucy_206,一对一,Natalia,L001374,2026-06-15,周一,lunes,Monday,14:00,05:00,-9h,1.0,阅读,14,课堂参与积极
Lucy_206,一对一,Natalia,L001375,06/22/2026,周一,lunes,Monday,14:00,08:00,-6h,1.67,口语,10,完成本节内容
Lucy_206,一对一,Natalia（教务）,L001376,2026年6月29日,周一,lunes,Monday,14:00,05:00,-9h,2.0,阅读,6,完成本节内容
Lucy_206（教务）,私教,Natalia,L001377,2026/07/06,周一,lunes,Monday,14:00,05:00,-9h,1.0,口语,7,需要加强口语练习
Lucy_206,私教,Natalia,L001378,2026-07-13,周一,lunes,Monday,14:00,05:00,-9h,1.5,语法,10,课堂参与积极
Lucy_206,1V1,Natalia,L001379,2026-07-20,周一,lunes,Monday,14:00,05:00,-9h,2.0,口语,11,需要加强口语练习
Lucy_206（教务）,1V1,Natalia（教务）,L001380,2026年7月27日,周一,lunes,Monday,14:00,05:00,-9h,1.0,语法,1,完成本节内容
Lucy206,私教,Natalia（教务）,L001381,2026-08-03,周一,lunes,Monday,14:00,05:00,-9h,1.0,听力,5,需要加强口语练习
Lucy_206,1V1,Natalia,L001382,2026/08/10,周一,lunes,Monday,14:00,05:00,-9h,1.0,听力,3,课堂参与积极
Lucy_206,私教,Natalia,L001383,2026/08/17,周一,lunes,Monday,14:00,05:00,-9h,1.0,复习,3,
Lucy_206,1V1,Natalia,L001384,2026/08/24,周一,lunes,Monday,14:00,05:00,-9h,1.0,口语,10,课堂参与积极
Liam_341,小组课,Sara,L001385,2025年6月25日,周三,miércoles,Wednesday,15:00,21:00,+6h,1.67,阅读,13,完成本节内容
Henry_090（教务）,班课,Sara,L001385,2025-06-25,周三,miércoles,Wednesday,15:00,21:00,+6h,1.67,语法,12,完成本节内容
Etta071,小组课,Sara,L001385,2025-06-25,周三,miércoles,Wednesday,15:00,21:00,+6h,1.67,复习,8,完成本节内容
Liam341,小组课,Sara,L001386,2025/07/02,周三,miércoles,Wednesday,15:00,21:00,+6h,1.0,语法,14,需要加强口语练习
Henry_090,小组课,Sara,L001386,2025年7月2日,周三,miércoles,Wednesday,15:00,21:00,+6h,1.0,听力,5,需要加强口语练习
Etta_071,小组课,Sara,L001386,2025-07-02,周三,miércoles,Wednesday,15:00,19:00,+4h,1.0,听力,8,需要加强口语练习
Liam_341,小组课,Sara,L001387,2025-07-09,周三,miércoles,Wednesday,15:00,21:00,+6h,1.67,口语,9,完成本节内容
Henry_090（教务）,小组课,Sara,L001387,2025-07-09,周三,miércoles,Wednesday,15:00,21:00,+6h,1.67,口语,9,完成本节内容
Etta_071,小组课,Sara,L001387,07/09/2025,周三,miércoles,Wednesday,15:00,21:00,+6h,1.67,语法,2,完成本节内容
Liam_341,班课,Sara,L001388,2025-07-16,周三,miércoles,Wednesday,15:00,21:00,+6h,1.0,听力,11,完成本节内容
Henry090,班课,Sara,L001388,2025年7月16日,周三,miércoles,Wednesday,15:00,21:00,+6h,1.0,语法,10,完成本节内容
Etta_071,小组课,Sara,L001388,2025/07/16,周三,miércoles,Wednesday,15:00,21:00,+6h,1.0,口语,9,完成本节内容
Liam_341,小组课,Sara,L001389,2025年7月23日,周三,miércoles,Wednesday,15:00,20:00,+5h,1.0,口语,9,完成本节内容
Henry_090,班课,Sara,L001389,2025年7月23日,周三,miércoles,Wednesday,15:00,21:00,+6h,1.0,复习,7,完成本节内容
Etta_071,小组课,Sara,L001389,2025年7月23日,周三,miércoles,Wednesday,15:00,23:00,+8h,1.0,口语,13,完成本节内容
Liam_341（教务）,小组课,Sara,L001390,07/30/2025,周三,miércoles,Wednesday,15:00,21:00,+6h,1.67,复习,9,完成本节内容
Henry_090（教务）,班课,Sara（教务）,L001390,2025/07/30,周三,miércoles,Wednesday,15:00,21:00,+6h,1.67,语法,7,完成本节内容
Etta_071（教务）,小组课,Sara,L001390,07/30/2025,周三,miércoles,Wednesday,15:00,21:00,+6h,1.67,口语,6,完成本节内容
Liam_341,班课,Sara,L001391,2025/08/06,周三,miércoles,Wednesday,15:00,21:00,+6h,1.0,语法,5,课堂参与积极
Henry_090,小组课,Sara,L001391,2025-08-06,周三,miércoles,Wednesday,15:00,21:00,+6h,1.0,阅读,2,课堂参与积极
Etta_071,小组课,Sara,L001391,2025年8月6日,周三,miércoles,Wednesday,15:00,21:00,+6h,1.0,听力,11,课堂参与积极
Liam_341,班课,Sara,L001392,2025-08-13,周三,miércoles,Wednesday,15:00,21:00,+6h,1.67,阅读,13,完成本节内容
Henry_090,小组课,Sara,L001392,2025-08-13,周三,miércoles,Wednesday,15:00,21:00,+6h,1.67,复习,1,完成本节内容
Etta071,班课,Sara,L001392,2025/08/13,周三,miércoles,Wednesday,15:00,21:00,+6h,1.67,听力,14,完成本节内容
Liam_341,班课,Sara,L001393,2025-08-20,周三,miércoles,Wednesday,15:00,21:00,+6h,1.0,语法,7,课堂参与积极
Henry_090,班课,Sara,L001393,2025/08/20,周三,miércoles,Wednesday,15:00,20:00,+5h,1.0,语法,10,课堂参与积极
Etta_071,小组课,Sara,L001393,2025-08-20,周三,miércoles,Wednesday,15:00,21:00,+6h,1.0,语法,9,课堂参与积极
Liam_341,班课,Sara,L001394,08/27/2025,周三,miércoles,Wednesday,15:00,22:00,+7h,2.0,阅读,12,完成本节内容
Henry_090,班课,Sara,L001394,2025-08-27,周三,miércoles,Wednesday,15:00,21:00,+6h,2.0,语法,6,完成本节内容
Etta071,小组课,Sara,L001394,2025-08-27,周三,miércoles,Wednesday,15:00,22:00,+7h,2.0,语法,7,完成本节内容
Liam_341,班课,Sara（教务）,L001395,2025/09/03,周三,miércoles,Wednesday,15:00,21:00,+6h,1.67,复习,11,完成本节内容
Henry090,小组课,Sara,L001395,2025年9月3日,周三,miércoles,Wednesday,15:00,21:00,+6h,1.67,语法,3,完成本节内容
Etta_071,小组课,Sara,L001395,09/03/2025,周三,miércoles,Wednesday,15:00,21:00,+6h,1.67,口语,6,完成本节内容
Liam_341,班课,Sara,L001396,2025/09/10,周三,miércoles,Wednesday,15:00,21:00,+6h,1.0,语法,9,完成本节内容
Henry_090（教务）,小组课,Sara,L001396,2025-09-10,周三,miércoles,Wednesday,15:00,21:00,+6h,1.0,语法,13,完成本节内容
Etta_071,班课,Sara,L001396,2025/09/10,周三,miércoles,Wednesday,15:00,21:00,+6h,1.0,口语,5,完成本节内容
Liam341,班课,Sara,L001397,2025年9月17日,周三,miércoles,Wednesday,15:00,21:00,+6h,1.0,语法,8,
Henry_090,小组课,Sara,L001397,2025年9月17日,周三,miércoles,Wednesday,15:00,21:00,+6h,1.0,口语,2,
Etta_071（教务）,小组课,Sara,L001397,2025/09/17,周三,miércoles,Wednesday,15:00,21:00,+6h,1.0,口语,7,
Liam_341,小组课,Sara,L001398,2025-09-24,周三,miércoles,Wednesday,15:00,21:00,+6h,1.67,复习,6,语法掌握一般
Henry_090,小组课,Sara,L001398,2025-09-24,周三,miércoles,Wednesday,15:00,21:00,+6h,1.67,听力,10,语法掌握一般
Etta_071,小组课,Sara,L001398,2025-09-24,周三,miércoles,Wednesday,15:00,22:00,+7h,1.67,口语,2,语法掌握一般
Liam_341,小组课,Sara（教务）,L001399,2025/10/01,周三,miércoles,Wednesday,15:00,21:00,+6h,1.0,复习,3,完成本节内容
Henry_090,班课,Sara,L001399,2025/10/01,周三,miércoles,Wednesday,15:00,22:00,+7h,1.0,复习,1,完成本节内容
Etta_071,班课,Sara,L001399,2025/10/01,周三,miércoles,Wednesday,15:00,20:00,+5h,1.0,听力,12,完成本节内容
Liam_341,小组课,Sara,L001400,2025-10-08,周三,miércoles,Wednesday,15:00,21:00,+6h,1.0,语法,13,完成本节内容
Henry_090（教务）,班课,Sara,L001400,2025-10-08,周三,miércoles,Wednesday,15:00,21:00,+6h,1.0,复习,12,完成本节内容
Etta_071,小组课,Sara,L001400,10/08/2025,周三,miércoles,Wednesday,15:00,21:00,+6h,1.0,听力,10,完成本节内容
Liam_341（教务）,小组课,Sara,L001401,10/15/2025,周三,miércoles,Wednesday,15:00,23:00,+8h,1.0,口语,7,语法掌握一般
Henry_090（教务）,班课,Sara,L001401,2025年10月15日,周三,miércoles,Wednesday,15:00,21:00,+6h,1.0,语法,2,语法掌握一般
Etta_071,班课,Sara,L001401,2025/10/15,周三,miércoles,Wednesday,15:00,21:00,+6h,1.0,听力,5,语法掌握一般
Liam_341（教务）,小组课,Sara,L001402,2025/10/22,周三,miércoles,Wednesday,15:00,21:00,+6h,1.67,语法,1,完成本节内容
Henry_090（教务）,班课,Sara,L001402,2025-10-22,周三,miércoles,Wednesday,15:00,21:00,+6h,1.67,口语,12,完成本节内容
Etta_071,小组课,Sara,L001402,10/22/2025,周三,miércoles,Wednesday,15:00,20:00,+5h,1.67,口语,2,完成本节内容
Liam_341,班课,Sara,L001403,2025-10-29,周三,miércoles,Wednesday,15:00,22:00,+7h,1.0,语法,13,语法掌握一般
Henry_090,小组课,Sara,L001403,10/29/2025,周三,miércoles,Wednesday,15:00,22:00,+7h,1.0,语法,3,语法掌握一般
Etta_071（教务）,班课,Sara,L001403,2025年10月29日,周三,miércoles,Wednesday,15:00,22:00,+7h,1.0,口语,3,语法掌握一般
Liam_341,班课,Sara,L001404,2025/11/05,周三,miércoles,Wednesday,15:00,22:00,+7h,1.0,口语,2,完成本节内容
Henry_090,班课,Sara,L001404,2025-11-05,周三,miércoles,Wednesday,15:00,20:00,+5h,1.0,语法,7,完成本节内容
Etta_071,小组课,Sara,L001404,2025-11-05,周三,miércoles,Wednesday,15:00,22:00,+7h,1.0,口语,14,完成本节内容
Liam_341,小组课,Sara,L001405,11/12/2025,周三,miércoles,Wednesday,15:00,22:00,+7h,1.0,口语,1,完成本节内容
Henry090,班课,Sara,L001405,2025年11月12日,周三,miércoles,Wednesday,15:00,22:00,+7h,1.0,阅读,12,完成本节内容
Etta_071,班课,Sara,L001405,11/12/2025,周三,miércoles,Wednesday,15:00,22:00,+7h,1.0,语法,3,完成本节内容
Liam341,小组课,Sara,L001406,2025/11/19,周三,miércoles,Wednesday,15:00,22:00,+7h,1.0,口语,2,需要加强口语练习
Henry_090,小组课,Sara,L001406,2025-11-19,周三,miércoles,Wednesday,15:00,22:00,+7h,1.0,阅读,3,需要加强口语练习
Etta_071,班课,Sara,L001406,2025-11-19,周三,miércoles,Wednesday,15:00,22:00,+7h,1.0,阅读,1,需要加强口语练习
Liam_341,班课,Sara,L001407,2025/11/26,周三,miércoles,Wednesday,15:00,22:00,+7h,1.0,阅读,3,完成本节内容
Henry_090,班课,Sara,L001407,2025-11-26,周三,miércoles,Wednesday,15:00,22:00,+7h,1.0,阅读,2,完成本节内容
Etta_071,小组课,Sara,L001407,2025/11/26,周三,miércoles,Wednesday,15:00,22:00,+7h,1.0,复习,12,完成本节内容
Liam_341,班课,Sara,L001408,12/03/2025,周三,miércoles,Wednesday,15:00,22:00,+7h,1.0,口语,13,课堂参与积极
Henry_090,班课,Sara,L001408,2025/12/03,周三,miércoles,Wednesday,15:00,22:00,+7h,1.0,口语,9,课堂参与积极
Etta_071,小组课,Sara,L001408,12/03/2025,周三,miércoles,Wednesday,15:00,22:00,+7h,1.0,复习,8,课堂参与积极
Liam_341,小组课,Sara,L001409,12/10/2025,周三,miércoles,Wednesday,15:00,22:00,+7h,1.0,语法,10,课堂参与积极
Henry_090,小组课,Sara,L001409,2025/12/10,周三,miércoles,Wednesday,15:00,22:00,+7h,1.0,听力,13,课堂参与积极
Etta_071,小组课,Sara,L001409,2025年12月10日,周三,miércoles,Wednesday,15:00,22:00,+7h,1.0,听力,12,课堂参与积极
Liam_341,小组课,Sara,L001410,2025/12/17,周三,miércoles,Wednesday,15:00,22:00,+7h,1.67,语法,12,完成本节内容
Henry_090,小组课,Sara,L001410,2025/12/17,周三,miércoles,Wednesday,15:00,22:00,+7h,1.67,口语,11,完成本节内容
Etta_071,小组课,Sara,L001410,2025年12月17日,周三,miércoles,Wednesday,15:00,22:00,+7h,1.67,复习,10,完成本节内容
Liam_341,小组课,Sara,L001411,2025/12/24,周三,miércoles,Wednesday,15:00,22:00,+7h,1.67,听力,1,完成本节内容
Henry_090,班课,Sara,L001411,2025-12-24,周三,miércoles,Wednesday,15:00,22:00,+7h,1.67,阅读,5,完成本节内容
Etta_071,班课,Sara,L001411,2025-12-24,周三,miércoles,Wednesday,15:00,23:00,+8h,1.67,复习,6,完成本节内容
Liam_341（教务）,班课,Sara,L001412,2025/12/31,周三,miércoles,Wednesday,15:00,22:00,+7h,2.0,口语,3,
Henry_090,小组课,Sara,L001412,2025-12-31,周三,miércoles,Wednesday,15:00,22:00,+7h,2.0,语法,9,
Etta071,小组课,Sara（教务）,L001412,12/31/2025,周三,miércoles,Wednesday,15:00,22:00,+7h,2.0,口语,2,
Liam_341,班课,Sara,L001413,2026/01/07,周三,miércoles,Wednesday,15:00,22:00,+7h,1.0,语法,10,完成本节内容
Henry_090（教务）,班课,Sara,L001413,2026/01/07,周三,miércoles,Wednesday,15:00,00:00,+9h,1.0,口语,9,完成本节内容
Etta_071,小组课,Sara,L001413,2026-01-07,周三,miércoles,Wednesday,15:00,22:00,+7h,1.0,阅读,8,完成本节内容
Liam_341,班课,Sara,L001414,01/14/2026,周三,miércoles,Wednesday,15:00,22:00,+7h,1.67,听力,7,课堂参与积极
Henry090,班课,Sara（教务）,L001414,01/14/2026,周三,miércoles,Wednesday,15:00,22:00,+7h,1.67,口语,8,课堂参与积极
Etta_071,班课,Sara,L001414,2026年1月14日,周三,miércoles,Wednesday,15:00,22:00,+7h,1.67,复习,1,课堂参与积极
Liam_341,班课,Sara,L001415,01/21/2026,周三,miércoles,Wednesday,15:00,22:00,+7h,2.0,语法,1,语法掌握一般
Henry_090,班课,Sara,L001415,2026/01/21,周三,miércoles,Wednesday,15:00,21:00,+6h,2.0,听力,9,语法掌握一般
Etta_071,班课,Sara,L001415,2026-01-21,周三,miércoles,Wednesday,15:00,21:00,+6h,2.0,复习,3,语法掌握一般
Liam341,班课,Sara,L001416,2026年1月28日,周三,miércoles,Wednesday,15:00,22:00,+7h,2.0,复习,9,课堂参与积极
Henry_090,班课,Sara,L001416,2026年1月28日,周三,miércoles,Wednesday,15:00,22:00,+7h,2.0,阅读,13,课堂参与积极
Etta_071（教务）,小组课,Sara,L001416,2026-01-28,周三,miércoles,Wednesday,15:00,21:00,+6h,2.0,阅读,13,课堂参与积极
Liam341,小组课,Sara,L001417,2026-02-04,周三,miércoles,Wednesday,15:00,22:00,+7h,1.0,口语,2,完成本节内容
Henry_090,小组课,Sara（教务）,L001417,2026-02-04,周三,miércoles,Wednesday,15:00,22:00,+7h,1.0,阅读,1,完成本节内容
Etta_071,班课,Sara,L001417,2026-02-04,周三,miércoles,Wednesday,15:00,22:00,+7h,1.0,口语,10,完成本节内容
Liam_341,班课,Sara,L001418,2026-02-11,周三,miércoles,Wednesday,15:00,22:00,+7h,1.0,语法,12,完成本节内容
Henry_090（教务）,小组课,Sara,L001418,2026年2月11日,周三,miércoles,Wednesday,15:00,22:00,+7h,1.0,语法,12,完成本节内容
Etta_071,小组课,Sara,L001418,2026-02-11,周三,miércoles,Wednesday,15:00,22:00,+7h,1.0,语法,8,完成本节内容
Liam_341,小组课,Sara,L001419,2026/02/18,周三,miércoles,Wednesday,15:00,22:00,+7h,1.67,语法,1,课堂参与积极
Henry090,班课,Sara,L001419,2026-02-18,周三,miércoles,Wednesday,15:00,22:00,+7h,1.67,语法,4,课堂参与积极
Etta_071,小组课,Sara,L001419,2026-02-18,周三,miércoles,Wednesday,15:00,22:00,+7h,1.67,阅读,13,课堂参与积极
Liam_341,班课,Sara,L001420,2026年2月25日,周三,miércoles,Wednesday,15:00,22:00,+7h,1.5,语法,13,需要加强口语练习
Henry_090,小组课,Sara,L001420,02/25/2026,周三,miércoles,Wednesday,15:00,22:00,+7h,1.5,语法,1,需要加强口语练习
Etta071,班课,Sara,L001420,2026年2月25日,周三,miércoles,Wednesday,15:00,22:00,+7h,1.5,听力,7,需要加强口语练习
Liam_341,班课,Sara,L001421,2026/03/04,周三,miércoles,Wednesday,15:00,22:00,+7h,1.0,口语,11,需要加强口语练习
Henry_090,班课,Sara,L001421,2026-03-04,周三,miércoles,Wednesday,15:00,01:00,+10h,1.0,口语,1,需要加强口语练习
Etta_071,小组课,Sara,L001421,2026-03-04,周三,miércoles,Wednesday,15:00,22:00,+7h,1.0,听力,5,需要加强口语练习
Liam_341,班课,Sara,L001422,2026/03/11,周三,miércoles,Wednesday,15:00,22:00,+7h,2.0,口语,12,完成本节内容
Henry_090,班课,Sara,L001422,2026-03-11,周三,miércoles,Wednesday,15:00,22:00,+7h,2.0,语法,5,完成本节内容
Etta_071,小组课,Sara,L001422,2026-03-11,周三,miércoles,Wednesday,15:00,22:00,+7h,2.0,复习,9,完成本节内容
Liam341,小组课,Sara,L001423,2026-03-18,周三,miércoles,Wednesday,15:00,01:00,+10h,2.0,阅读,2,需要加强口语练习
Henry_090,班课,Sara,L001423,03/18/2026,周三,miércoles,Wednesday,15:00,22:00,+7h,2.0,听力,6,需要加强口语练习
Etta_071,小组课,Sara,L001423,2026/03/18,周三,miércoles,Wednesday,15:00,22:00,+7h,2.0,听力,11,需要加强口语练习
Liam_341,班课,Sara,L001424,2026-03-25,周三,miércoles,Wednesday,15:00,01:00,+10h,1.5,阅读,2,需要加强口语练习
Henry_090,小组课,Sara,L001424,03/25/2026,周三,miércoles,Wednesday,15:00,22:00,+7h,1.5,语法,9,需要加强口语练习
Etta_071,小组课,Sara,L001424,2026-03-25,周三,miércoles,Wednesday,15:00,22:00,+7h,1.5,口语,9,需要加强口语练习
Liam341,班课,Sara,L001425,2026/04/01,周三,miércoles,Wednesday,15:00,21:00,+6h,1.5,语法,1,语法掌握一般
Henry_090,小组课,Sara（教务）,L001425,2026-04-01,周三,miércoles,Wednesday,15:00,21:00,+6h,1.5,语法,5,语法掌握一般
Etta_071,小组课,Sara,L001425,2026-04-01,周三,miércoles,Wednesday,15:00,21:00,+6h,1.5,听力,8,语法掌握一般
Liam341,班课,Sara,L001426,2026/04/08,周三,miércoles,Wednesday,15:00,21:00,+6h,1.67,听力,2,课堂参与积极
Henry_090,班课,Sara,L001426,2026年4月8日,周三,miércoles,Wednesday,15:00,21:00,+6h,1.67,口语,6,课堂参与积极
Etta_071,班课,Sara,L001426,04/08/2026,周三,miércoles,Wednesday,15:00,21:00,+6h,1.67,口语,7,课堂参与积极
Liam_341,小组课,Sara（教务）,L001427,2026/04/15,周三,miércoles,Wednesday,15:00,21:00,+6h,1.0,语法,11,课堂参与积极
Henry090,小组课,Sara,L001427,2026-04-15,周三,miércoles,Wednesday,15:00,21:00,+6h,1.0,语法,9,课堂参与积极
Etta071,班课,Sara,L001427,2026/04/15,周三,miércoles,Wednesday,15:00,21:00,+6h,1.0,语法,5,课堂参与积极
Liam_341,小组课,Sara,L001428,2026年4月22日,周三,miércoles,Wednesday,15:00,21:00,+6h,1.5,口语,2,需要加强口语练习
Henry_090,班课,Sara,L001428,2026年4月22日,周三,miércoles,Wednesday,15:00,21:00,+6h,1.5,口语,12,需要加强口语练习
Etta_071,小组课,Sara,L001428,2026年4月22日,周三,miércoles,Wednesday,15:00,21:00,+6h,1.5,口语,8,需要加强口语练习
Liam_341,小组课,Sara,L001429,2026/04/29,周三,miércoles,Wednesday,15:00,21:00,+6h,1.5,语法,13,课堂参与积极
Henry_090,班课,Sara,L001429,2026-04-29,周三,miércoles,Wednesday,15:00,21:00,+6h,1.5,复习,2,课堂参与积极
Etta_071,小组课,Sara,L001429,2026-04-29,周三,miércoles,Wednesday,15:00,21:00,+6h,1.5,阅读,6,课堂参与积极
Liam341,班课,Sara,L001430,05/06/2026,周三,miércoles,Wednesday,15:00,21:00,+6h,1.67,语法,14,课堂参与积极
Henry090,班课,Sara,L001430,2026/05/06,周三,miércoles,Wednesday,15:00,21:00,+6h,1.67,阅读,6,课堂参与积极
Etta_071,小组课,Sara,L001430,2026/05/06,周三,miércoles,Wednesday,15:00,18:00,+3h,1.67,听力,14,课堂参与积极
Liam_341,小组课,Sara,L001431,2026/05/13,周三,miércoles,Wednesday,15:00,21:00,+6h,1.0,口语,6,完成本节内容
Henry_090,小组课,Sara,L001431,2026-05-13,周三,miércoles,Wednesday,15:00,21:00,+6h,1.0,语法,5,完成本节内容
Etta_071,班课,Sara,L001431,2026-05-13,周三,miércoles,Wednesday,15:00,21:00,+6h,1.0,语法,14,完成本节内容
Liam341,小组课,Sara,L001432,2026-05-20,周三,miércoles,Wednesday,15:00,21:00,+6h,1.67,听力,2,需要加强口语练习
Henry_090,班课,Sara,L001432,2026/05/20,周三,miércoles,Wednesday,15:00,21:00,+6h,1.67,口语,6,需要加强口语练习
Etta_071,班课,Sara,L001432,2026/05/20,周三,miércoles,Wednesday,15:00,21:00,+6h,1.67,复习,11,需要加强口语练习
Liam_341,班课,Sara,L001433,2026/05/27,周三,miércoles,Wednesday,15:00,21:00,+6h,1.67,语法,7,完成本节内容
Henry_090,班课,Sara（教务）,L001433,2026/05/27,周三,miércoles,Wednesday,15:00,21:00,+6h,1.67,听力,8,完成本节内容
Etta071,小组课,Sara,L001433,2026年5月27日,周三,miércoles,Wednesday,15:00,21:00,+6h,1.67,复习,13,完成本节内容
Liam_341,小组课,Sara,L001434,06/03/2026,周三,miércoles,Wednesday,15:00,21:00,+6h,1.0,阅读,14,语法掌握一般
Henry_090,班课,Sara,L001434,06/03/2026,周三,miércoles,Wednesday,15:00,21:00,+6h,1.0,听力,6,语法掌握一般
Etta_071,小组课,Sara,L001434,2026/06/03,周三,miércoles,Wednesday,15:00,21:00,+6h,1.0,听力,9,语法掌握一般
Liam_341,小组课,Sara,L001435,2026年6月10日,周三,miércoles,Wednesday,15:00,19:00,+4h,1.0,语法,2,需要加强口语练习
Henry090,小组课,Sara,L001435,2026-06-10,周三,miércoles,Wednesday,15:00,21:00,+6h,1.0,语法,6,需要加强口语练习
Etta_071,班课,Sara,L001435,2026-06-10,周三,miércoles,Wednesday,15:00,21:00,+6h,1.0,阅读,12,需要加强口语练习
Liam_341,小组课,Sara,L001436,2026-06-17,周三,miércoles,Wednesday,15:00,20:00,+5h,1.67,口语,10,完成本节内容
Henry_090,班课,Sara,L001436,06/17/2026,周三,miércoles,Wednesday,15:00,21:00,+6h,1.67,语法,7,完成本节内容
Etta071,小组课,Sara,L001436,06/17/2026,周三,miércoles,Wednesday,15:00,21:00,+6h,1.67,语法,10,完成本节内容
Liam_341,小组课,Sara,L001437,2026-06-24,周三,miércoles,Wednesday,15:00,21:00,+6h,1.5,复习,3,完成本节内容
Henry090,班课,Sara,L001437,2026年6月24日,周三,miércoles,Wednesday,15:00,21:00,+6h,1.5,听力,1,完成本节内容
Etta071,小组课,Sara,L001437,2026/06/24,周三,miércoles,Wednesday,15:00,21:00,+6h,1.5,阅读,8,完成本节内容
Liam_341,小组课,Sara,L001438,2026/07/01,周三,miércoles,Wednesday,15:00,21:00,+6h,1.0,语法,6,需要加强口语练习
Henry_090,小组课,Sara,L001438,2026/07/01,周三,miércoles,Wednesday,15:00,21:00,+6h,1.0,复习,12,需要加强口语练习
Etta_071,小组课,Sara,L001438,2026-07-01,周三,miércoles,Wednesday,15:00,22:00,+7h,1.0,听力,8,需要加强口语练习
Liam_341,小组课,Sara,L001439,07/08/2026,周三,miércoles,Wednesday,15:00,22:00,+7h,1.0,听力,3,完成本节内容
Henry090,小组课,Sara,L001439,07/08/2026,周三,miércoles,Wednesday,15:00,21:00,+6h,1.0,阅读,3,完成本节内容
Etta_071,班课,Sara,L001439,2026-07-08,周三,miércoles,Wednesday,15:00,21:00,+6h,1.0,口语,7,完成本节内容
Liam341,小组课,Sara,L001440,2026-07-15,周三,miércoles,Wednesday,15:00,21:00,+6h,1.0,听力,5,语法掌握一般
Henry_090,小组课,Sara,L001440,2026年7月15日,周三,miércoles,Wednesday,15:00,20:00,+5h,1.0,语法,1,语法掌握一般
Etta_071,小组课,Sara（教务）,L001440,07/15/2026,周三,miércoles,Wednesday,15:00,18:00,+3h,1.0,口语,11,语法掌握一般
Liam_341,小组课,Sara,L001441,07/22/2026,周三,miércoles,Wednesday,15:00,21:00,+6h,1.0,语法,13,需要加强口语练习
Henry_090（教务）,小组课,Sara,L001441,07/22/2026,周三,miércoles,Wednesday,15:00,21:00,+6h,1.0,阅读,11,需要加强口语练习
Etta_071,小组课,Sara,L001441,2026-07-22,周三,miércoles,Wednesday,15:00,21:00,+6h,1.0,听力,14,需要加强口语练习
Liam_341,小组课,Sara,L001442,2026年7月29日,周三,miércoles,Wednesday,15:00,21:00,+6h,2.0,阅读,6,需要加强口语练习
Henry090,班课,Sara（教务）,L001442,07/29/2026,周三,miércoles,Wednesday,15:00,21:00,+6h,2.0,复习,12,需要加强口语练习
Etta071,小组课,Sara,L001442,2026-07-29,周三,miércoles,Wednesday,15:00,21:00,+6h,2.0,阅读,3,需要加强口语练习
Liam_341,小组课,Sara,L001443,2026-08-05,周三,miércoles,Wednesday,15:00,21:00,+6h,1.0,阅读,12,语法掌握一般
Henry_090,班课,Sara,L001443,2026年8月5日,周三,miércoles,Wednesday,15:00,21:00,+6h,1.0,语法,14,语法掌握一般
Etta071,班课,Sara,L001443,2026-08-05,周三,miércoles,Wednesday,15:00,21:00,+6h,1.0,复习,1,语法掌握一般
Liam_341,班课,Sara,L001444,2026/08/12,周三,miércoles,Wednesday,15:00,21:00,+6h,1.5,听力,7,课堂参与积极
Henry_090,小组课,Sara,L001444,2026/08/12,周三,miércoles,Wednesday,15:00,20:00,+5h,1.5,口语,3,课堂参与积极
Etta_071,小组课,Sara,L001444,2026-08-12,周三,miércoles,Wednesday,15:00,21:00,+6h,1.5,听力,1,课堂参与积极
Liam_341,小组课,Sara,L001445,2026-08-19,周三,miércoles,Wednesday,15:00,21:00,+6h,1.0,阅读,3,需要加强口语练习
Henry_090,小组课,Sara,L001445,2026-08-19,周三,miércoles,Wednesday,15:00,21:00,+6h,1.0,口语,5,需要加强口语练习
Etta_071,班课,Sara,L001445,08/19/2026,周三,miércoles,Wednesday,15:00,21:00,+6h,1.0,听力,13,需要加强口语练习
Liam_341,小组课,Sara,L001446,08/26/2026,周三,miércoles,Wednesday,15:00,21:00,+6h,1.67,语法,8,课堂参与积极
Henry_090（教务）,小组课,Sara,L001446,2026-08-26,周三,miércoles,Wednesday,15:00,21:00,+6h,1.67,听力,14,课堂参与积极
Etta_071,班课,Sara,L001446,2026-08-26,周三,miércoles,Wednesday,15:00,21:00,+6h,1.67,口语,14,课堂参与积极
Jerry_217,小组课,Pablo,L001447,2025/05/07,周三,miércoles,Wednesday,18:00,09:00,-9h,1.0,口语,2,需要加强口语练习
Chloe_431,小组课,Pablo,L001447,2025年5月7日,周三,miércoles,Wednesday,18:00,09:00,-9h,1.0,口语,1,需要加强口语练习
Hannah_165,班课,Pablo,L001447,2025-05-07,周三,miércoles,Wednesday,18:00,02:00,+8h,1.0,语法,13,需要加强口语练习
Alfred_172,小组课,Pablo,L001447,2025-05-07,周三,miércoles,Wednesday,18:00,12:00,-6h,1.0,口语,11,需要加强口语练习
Jerry_217,班课,Pablo,L001448,2025/05/14,周三,miércoles,Wednesday,18:00,09:00,-9h,1.5,语法,11,需要加强口语练习
Chloe_431,小组课,Pablo,L001448,2025-05-14,周三,miércoles,Wednesday,18:00,09:00,-9h,1.5,口语,10,需要加强口语练习
Hannah_165,班课,Pablo,L001448,2025年5月14日,周三,miércoles,Wednesday,18:00,02:00,+8h,1.5,听力,8,需要加强口语练习
Alfred_172,班课,Pablo,L001448,2025-05-14,周三,miércoles,Wednesday,18:00,12:00,-6h,1.5,语法,6,需要加强口语练习
Jerry_217,班课,Pablo,L001449,2025-05-21,周三,miércoles,Wednesday,18:00,10:00,-8h,1.67,口语,3,课堂参与积极
Chloe_431,班课,Pablo（教务）,L001449,05/21/2025,周三,miércoles,Wednesday,18:00,09:00,-9h,1.67,听力,1,课堂参与积极
Hannah_165,班课,Pablo,L001449,2025/05/21,周三,miércoles,Wednesday,18:00,02:00,+8h,1.67,口语,6,课堂参与积极
Alfred_172,小组课,Pablo,L001449,2025-05-21,周三,miércoles,Wednesday,18:00,12:00,-6h,1.67,语法,10,课堂参与积极
Jerry_217,班课,Pablo,L001450,2025/05/28,周三,miércoles,Wednesday,18:00,09:00,-9h,1.0,听力,13,完成本节内容
Chloe_431,小组课,Pablo,L001450,05/28/2025,周三,miércoles,Wednesday,18:00,09:00,-9h,1.0,复习,2,完成本节内容
Hannah_165,小组课,Pablo（教务）,L001450,2025年5月28日,周三,miércoles,Wednesday,18:00,02:00,+8h,1.0,口语,8,完成本节内容
Alfred_172,班课,Pablo,L001450,2025-05-28,周三,miércoles,Wednesday,18:00,12:00,-6h,1.0,阅读,5,完成本节内容
Jerry_217,小组课,Pablo,L001451,2025年6月4日,周三,miércoles,Wednesday,18:00,09:00,-9h,1.0,口语,5,需要加强口语练习
Chloe_431,小组课,Pablo,L001451,2025-06-04,周三,miércoles,Wednesday,18:00,09:00,-9h,1.0,听力,8,需要加强口语练习
Hannah165,班课,Pablo,L001451,2025/06/04,周三,miércoles,Wednesday,18:00,02:00,+8h,1.0,阅读,12,需要加强口语练习
Alfred_172,班课,Pablo,L001451,2025-06-04,周三,miércoles,Wednesday,18:00,12:00,-6h,1.0,阅读,5,需要加强口语练习
Jerry_217,班课,Pablo,L001452,2025/06/11,周三,miércoles,Wednesday,18:00,09:00,-9h,1.67,复习,13,课堂参与积极
Chloe_431,小组课,Pablo,L001452,2025/06/11,周三,miércoles,Wednesday,18:00,09:00,-9h,1.67,语法,2,课堂参与积极
Hannah165,小组课,Pablo,L001452,06/11/2025,周三,miércoles,Wednesday,18:00,02:00,+8h,1.67,语法,14,课堂参与积极
Alfred_172,小组课,Pablo,L001452,06/11/2025,周三,miércoles,Wednesday,18:00,12:00,-6h,1.67,语法,11,课堂参与积极
Jerry_217,小组课,Pablo,L001453,2025-06-18,周三,miércoles,Wednesday,18:00,09:00,-9h,1.0,复习,12,完成本节内容
Chloe_431,班课,Pablo,L001453,2025/06/18,周三,miércoles,Wednesday,18:00,09:00,-9h,1.0,语法,8,完成本节内容
Hannah_165,班课,Pablo,L001453,2025年6月18日,周三,miércoles,Wednesday,18:00,02:00,+8h,1.0,口语,9,完成本节内容
Alfred172,班课,Pablo,L001453,2025-06-18,周三,miércoles,Wednesday,18:00,12:00,-6h,1.0,语法,14,完成本节内容
Jerry_217（教务）,小组课,Pablo,L001454,2025年6月25日,周三,miércoles,Wednesday,18:00,09:00,-9h,1.0,语法,5,语法掌握一般
Chloe_431,小组课,Pablo,L001454,2025-06-25,周三,miércoles,Wednesday,18:00,09:00,-9h,1.0,口语,9,语法掌握一般
Hannah_165,班课,Pablo,L001454,2025-06-25,周三,miércoles,Wednesday,18:00,02:00,+8h,1.0,阅读,7,语法掌握一般
Alfred172,小组课,Pablo,L001454,2025-06-25,周三,miércoles,Wednesday,18:00,11:00,-7h,1.0,语法,6,语法掌握一般
Jerry_217,班课,Pablo,L001455,2025年7月2日,周三,miércoles,Wednesday,18:00,09:00,-9h,1.67,阅读,11,完成本节内容
Chloe_431,班课,Pablo,L001455,2025-07-02,周三,miércoles,Wednesday,18:00,09:00,-9h,1.67,口语,8,完成本节内容
Hannah_165,班课,Pablo,L001455,2025-07-02,周三,miércoles,Wednesday,18:00,02:00,+8h,1.67,语法,6,完成本节内容
Alfred_172,小组课,Pablo,L001455,2025-07-02,周三,miércoles,Wednesday,18:00,12:00,-6h,1.67,口语,4,完成本节内容
Jerry_217,班课,Pablo,L001456,2025-07-09,周三,miércoles,Wednesday,18:00,09:00,-9h,1.0,复习,5,
Chloe431,小组课,Pablo,L001456,2025/07/09,周三,miércoles,Wednesday,18:00,09:00,-9h,1.0,语法,6,
Hannah_165,班课,Pablo,L001456,07/09/2025,周三,miércoles,Wednesday,18:00,03:00,+9h,1.0,口语,11,
Alfred_172,小组课,Pablo,L001456,2025-07-09,周三,miércoles,Wednesday,18:00,12:00,-6h,1.0,语法,5,
Jerry_217,小组课,Pablo,L001457,2025/07/16,周三,miércoles,Wednesday,18:00,09:00,-9h,1.0,听力,6,完成本节内容
Chloe_431,班课,Pablo,L001457,2025/07/16,周三,miércoles,Wednesday,18:00,09:00,-9h,1.0,口语,1,完成本节内容
Hannah_165（教务）,班课,Pablo,L001457,07/16/2025,周三,miércoles,Wednesday,18:00,02:00,+8h,1.0,语法,11,完成本节内容
Alfred_172,小组课,Pablo,L001457,2025-07-16,周三,miércoles,Wednesday,18:00,11:00,-7h,1.0,阅读,7,完成本节内容
Jerry_217,小组课,Pablo（教务）,L001458,2025-07-23,周三,miércoles,Wednesday,18:00,10:00,-8h,1.67,复习,3,完成本节内容
Chloe_431,小组课,Pablo,L001458,2025-07-23,周三,miércoles,Wednesday,18:00,09:00,-9h,1.67,口语,14,完成本节内容
Hannah_165,小组课,Pablo（教务）,L001458,2025/07/23,周三,miércoles,Wednesday,18:00,03:00,+9h,1.67,口语,1,完成本节内容
Alfred172,班课,Pablo,L001458,2025-07-23,周三,miércoles,Wednesday,18:00,12:00,-6h,1.67,语法,9,完成本节内容
Jerry217,班课,Pablo,L001459,2025/07/30,周三,miércoles,Wednesday,18:00,09:00,-9h,1.0,阅读,6,语法掌握一般
Chloe_431,小组课,Pablo,L001459,2025年7月30日,周三,miércoles,Wednesday,18:00,09:00,-9h,1.0,口语,8,语法掌握一般
Hannah165,班课,Pablo,L001459,07/30/2025,周三,miércoles,Wednesday,18:00,01:00,+7h,1.0,听力,14,语法掌握一般
Alfred172,班课,Pablo,L001459,2025年7月30日,周三,miércoles,Wednesday,18:00,12:00,-6h,1.0,口语,1,语法掌握一般
Jerry_217,班课,Pablo,L001460,2025/08/06,周三,miércoles,Wednesday,18:00,10:00,-8h,1.67,口语,8,完成本节内容
Chloe431,小组课,Pablo,L001460,2025-08-06,周三,miércoles,Wednesday,18:00,09:00,-9h,1.67,复习,14,完成本节内容
Hannah_165,班课,Pablo,L001460,2025-08-06,周三,miércoles,Wednesday,18:00,02:00,+8h,1.67,听力,10,完成本节内容
Alfred_172,班课,Pablo,L001460,2025年8月6日,周三,miércoles,Wednesday,18:00,11:00,-7h,1.67,阅读,14,完成本节内容
Jerry_217,小组课,Pablo,L001461,2025-08-13,周三,miércoles,Wednesday,18:00,09:00,-9h,2.0,语法,9,需要加强口语练习
Chloe_431,小组课,Pablo,L001461,2025/08/13,周三,miércoles,Wednesday,18:00,09:00,-9h,2.0,口语,5,需要加强口语练习
Hannah_165,小组课,Pablo,L001461,2025-08-13,周三,miércoles,Wednesday,18:00,02:00,+8h,2.0,听力,2,需要加强口语练习
Alfred_172,班课,Pablo,L001461,2025-08-13,周三,miércoles,Wednesday,18:00,12:00,-6h,2.0,口语,4,需要加强口语练习
Jerry_217,班课,Pablo,L001462,2025-08-20,周三,miércoles,Wednesday,18:00,09:00,-9h,1.67,语法,4,需要加强口语练习
Chloe_431,班课,Pablo,L001462,2025/08/20,周三,miércoles,Wednesday,18:00,09:00,-9h,1.67,阅读,11,需要加强口语练习
Hannah_165,小组课,Pablo（教务）,L001462,2025-08-20,周三,miércoles,Wednesday,18:00,02:00,+8h,1.67,阅读,8,需要加强口语练习
Alfred_172,小组课,Pablo（教务）,L001462,2025-08-20,周三,miércoles,Wednesday,18:00,12:00,-6h,1.67,口语,6,需要加强口语练习
Jerry217,班课,Pablo,L001463,2025-08-27,周三,miércoles,Wednesday,18:00,09:00,-9h,1.0,语法,11,课堂参与积极
Chloe_431（教务）,班课,Pablo,L001463,2025-08-27,周三,miércoles,Wednesday,18:00,09:00,-9h,1.0,口语,7,课堂参与积极
Hannah_165,小组课,Pablo,L001463,2025年8月27日,周三,miércoles,Wednesday,18:00,02:00,+8h,1.0,口语,2,课堂参与积极
Alfred_172,班课,Pablo,L001463,2025-08-27,周三,miércoles,Wednesday,18:00,12:00,-6h,1.0,听力,12,课堂参与积极
Jerry_217,班课,Pablo,L001464,2025-09-03,周三,miércoles,Wednesday,18:00,09:00,-9h,1.0,复习,3,
Chloe431,小组课,Pablo,L001464,2025/09/03,周三,miércoles,Wednesday,18:00,09:00,-9h,1.0,口语,6,
Hannah_165,小组课,Pablo,L001464,09/03/2025,周三,miércoles,Wednesday,18:00,02:00,+8h,1.0,阅读,3,
Alfred172,小组课,Pablo,L001464,2025/09/03,周三,miércoles,Wednesday,18:00,15:00,-3h,1.0,复习,7,
Jerry_217,班课,Pablo,L001465,09/10/2025,周三,miércoles,Wednesday,18:00,09:00,-9h,1.5,口语,3,课堂参与积极
Chloe_431,小组课,Pablo,L001465,2025年9月10日,周三,miércoles,Wednesday,18:00,09:00,-9h,1.5,阅读,5,课堂参与积极
Hannah_165,班课,Pablo,L001465,2025-09-10,周三,miércoles,Wednesday,18:00,02:00,+8h,1.5,听力,1,课堂参与积极
Alfred_172,小组课,Pablo,L001465,2025/09/10,周三,miércoles,Wednesday,18:00,12:00,-6h,1.5,口语,1,课堂参与积极
Jerry_217,小组课,Pablo,L001466,2025/09/17,周三,miércoles,Wednesday,18:00,09:00,-9h,1.0,听力,6,语法掌握一般
Chloe431,班课,Pablo,L001466,2025/09/17,周三,miércoles,Wednesday,18:00,07:00,-11h,1.0,听力,14,语法掌握一般
Hannah_165（教务）,小组课,Pablo（教务）,L001466,2025-09-17,周三,miércoles,Wednesday,18:00,02:00,+8h,1.0,口语,14,语法掌握一般
Alfred_172,小组课,Pablo,L001466,2025-09-17,周三,miércoles,Wednesday,18:00,12:00,-6h,1.0,听力,2,语法掌握一般
Jerry_217,班课,Pablo,L001467,2025/09/24,周三,miércoles,Wednesday,18:00,09:00,-9h,1.0,阅读,3,
Chloe_431,班课,Pablo,L001467,2025年9月24日,周三,miércoles,Wednesday,18:00,09:00,-9h,1.0,复习,12,
Hannah_165,小组课,Pablo,L001467,2025-09-24,周三,miércoles,Wednesday,18:00,02:00,+8h,1.0,听力,1,
Alfred_172,班课,Pablo,L001467,2025年9月24日,周三,miércoles,Wednesday,18:00,12:00,-6h,1.0,语法,14,
Jerry_217,班课,Pablo,L001468,2025-10-01,周三,miércoles,Wednesday,18:00,09:00,-9h,1.67,阅读,7,课堂参与积极
Chloe_431,小组课,Pablo,L001468,2025-10-01,周三,miércoles,Wednesday,18:00,09:00,-9h,1.67,复习,2,课堂参与积极
Hannah_165,小组课,Pablo,L001468,2025/10/01,周三,miércoles,Wednesday,18:00,02:00,+8h,1.67,听力,13,课堂参与积极
Alfred_172,小组课,Pablo,L001468,2025-10-01,周三,miércoles,Wednesday,18:00,12:00,-6h,1.67,阅读,12,课堂参与积极
Jerry217,班课,Pablo,L001469,2025-10-08,周三,miércoles,Wednesday,18:00,09:00,-9h,1.67,听力,13,完成本节内容
Chloe431,班课,Pablo,L001469,2025-10-08,周三,miércoles,Wednesday,18:00,09:00,-9h,1.67,口语,9,完成本节内容
Hannah_165,班课,Pablo,L001469,2025-10-08,周三,miércoles,Wednesday,18:00,03:00,+9h,1.67,语法,11,完成本节内容
Alfred172,小组课,Pablo,L001469,10/08/2025,周三,miércoles,Wednesday,18:00,12:00,-6h,1.67,语法,2,完成本节内容
Jerry217,班课,Pablo,L001470,2025年10月15日,周三,miércoles,Wednesday,18:00,09:00,-9h,1.0,语法,10,完成本节内容
Chloe431,小组课,Pablo,L001470,2025年10月15日,周三,miércoles,Wednesday,18:00,09:00,-9h,1.0,口语,8,完成本节内容
Hannah_165,班课,Pablo,L001470,2025年10月15日,周三,miércoles,Wednesday,18:00,03:00,+9h,1.0,阅读,4,完成本节内容
Alfred_172,小组课,Pablo,L001470,2025/10/15,周三,miércoles,Wednesday,18:00,12:00,-6h,1.0,阅读,10,完成本节内容
Jerry_217,班课,Pablo（教务）,L001471,2025-10-22,周三,miércoles,Wednesday,18:00,09:00,-9h,1.67,语法,3,完成本节内容
Chloe_431,班课,Pablo,L001471,2025/10/22,周三,miércoles,Wednesday,18:00,09:00,-9h,1.67,语法,10,完成本节内容
Hannah_165（教务）,班课,Pablo,L001471,2025年10月22日,周三,miércoles,Wednesday,18:00,03:00,+9h,1.67,听力,10,完成本节内容
Alfred_172,班课,Pablo,L001471,2025-10-22,周三,miércoles,Wednesday,18:00,12:00,-6h,1.67,口语,4,完成本节内容
Jerry_217（教务）,班课,Pablo,L001472,2025-10-29,周三,miércoles,Wednesday,18:00,10:00,-8h,1.5,口语,9,需要加强口语练习
Chloe_431,班课,Pablo,L001472,2025-10-29,周三,miércoles,Wednesday,18:00,10:00,-8h,1.5,口语,7,需要加强口语练习
Hannah_165,班课,Pablo,L001472,2025年10月29日,周三,miércoles,Wednesday,18:00,04:00,+10h,1.5,阅读,6,需要加强口语练习
Alfred_172,小组课,Pablo,L001472,2025/10/29,周三,miércoles,Wednesday,18:00,13:00,-5h,1.5,口语,8,需要加强口语练习
Jerry_217,班课,Pablo,L001473,11/05/2025,周三,miércoles,Wednesday,18:00,09:00,-9h,1.0,语法,9,语法掌握一般
Chloe_431（教务）,小组课,Pablo（教务）,L001473,2025-11-05,周三,miércoles,Wednesday,18:00,09:00,-9h,1.0,语法,1,语法掌握一般
Hannah_165,小组课,Pablo（教务）,L001473,2025-11-05,周三,miércoles,Wednesday,18:00,04:00,+10h,1.0,复习,11,语法掌握一般
Alfred_172,班课,Pablo,L001473,11/05/2025,周三,miércoles,Wednesday,18:00,12:00,-6h,1.0,听力,12,语法掌握一般
Jerry_217,班课,Pablo,L001474,11/12/2025,周三,miércoles,Wednesday,18:00,09:00,-9h,1.0,口语,1,完成本节内容
Chloe_431（教务）,小组课,Pablo,L001474,2025-11-12,周三,miércoles,Wednesday,18:00,09:00,-9h,1.0,复习,14,完成本节内容
Hannah_165,班课,Pablo,L001474,2025年11月12日,周三,miércoles,Wednesday,18:00,05:00,+11h,1.0,听力,5,完成本节内容
Alfred_172,小组课,Pablo,L001474,11/12/2025,周三,miércoles,Wednesday,18:00,11:00,-7h,1.0,复习,11,完成本节内容
Jerry_217,小组课,Pablo,L001475,2025/11/19,周三,miércoles,Wednesday,18:00,09:00,-9h,1.67,语法,7,课堂参与积极
Chloe_431,班课,Pablo,L001475,2025/11/19,周三,miércoles,Wednesday,18:00,08:00,-10h,1.67,口语,10,课堂参与积极
Hannah165,班课,Pablo,L001475,2025年11月19日,周三,miércoles,Wednesday,18:00,05:00,+11h,1.67,口语,8,课堂参与积极
Alfred_172,小组课,Pablo,L001475,11/19/2025,周三,miércoles,Wednesday,18:00,12:00,-6h,1.67,语法,1,课堂参与积极
Jerry_217,班课,Pablo,L001476,2025-11-26,周三,miércoles,Wednesday,18:00,09:00,-9h,2.0,口语,7,完成本节内容
Chloe_431（教务）,小组课,Pablo,L001476,2025-11-26,周三,miércoles,Wednesday,18:00,09:00,-9h,2.0,口语,13,完成本节内容
Hannah_165,小组课,Pablo,L001476,2025年11月26日,周三,miércoles,Wednesday,18:00,04:00,+10h,2.0,阅读,13,完成本节内容
Alfred_172,班课,Pablo,L001476,2025-11-26,周三,miércoles,Wednesday,18:00,12:00,-6h,2.0,阅读,5,完成本节内容
Jerry_217,班课,Pablo,L001477,2025/12/03,周三,miércoles,Wednesday,18:00,09:00,-9h,1.0,复习,4,语法掌握一般
Chloe431,小组课,Pablo,L001477,12/03/2025,周三,miércoles,Wednesday,18:00,09:00,-9h,1.0,口语,9,语法掌握一般
Hannah_165,小组课,Pablo,L001477,2025/12/03,周三,miércoles,Wednesday,18:00,04:00,+10h,1.0,口语,9,语法掌握一般
Alfred_172,小组课,Pablo,L001477,2025-12-03,周三,miércoles,Wednesday,18:00,12:00,-6h,1.0,语法,12,语法掌握一般
Jerry_217,班课,Pablo,L001478,2025-12-10,周三,miércoles,Wednesday,18:00,09:00,-9h,1.0,复习,8,完成本节内容
Chloe_431,班课,Pablo,L001478,2025-12-10,周三,miércoles,Wednesday,18:00,09:00,-9h,1.0,语法,10,完成本节内容
Hannah_165,班课,Pablo,L001478,2025-12-10,周三,miércoles,Wednesday,18:00,04:00,+10h,1.0,听力,9,完成本节内容
Alfred_172,小组课,Pablo,L001478,2025-12-10,周三,miércoles,Wednesday,18:00,12:00,-6h,1.0,语法,1,完成本节内容
Jerry_217,小组课,Pablo,L001479,12/17/2025,周三,miércoles,Wednesday,18:00,09:00,-9h,1.0,阅读,1,完成本节内容
Chloe_431,小组课,Pablo,L001479,2025/12/17,周三,miércoles,Wednesday,18:00,09:00,-9h,1.0,语法,13,完成本节内容
Hannah165,班课,Pablo,L001479,2025-12-17,周三,miércoles,Wednesday,18:00,04:00,+10h,1.0,语法,5,完成本节内容
Alfred_172,班课,Pablo,L001479,2025-12-17,周三,miércoles,Wednesday,18:00,13:00,-5h,1.0,听力,12,完成本节内容
Jerry_217（教务）,班课,Pablo,L001480,2025年12月24日,周三,miércoles,Wednesday,18:00,09:00,-9h,1.5,复习,14,语法掌握一般
Chloe_431,小组课,Pablo,L001480,2025年12月24日,周三,miércoles,Wednesday,18:00,09:00,-9h,1.5,口语,5,语法掌握一般
Hannah_165,班课,Pablo,L001480,12/24/2025,周三,miércoles,Wednesday,18:00,04:00,+10h,1.5,语法,14,语法掌握一般
Alfred_172,小组课,Pablo,L001480,2025年12月24日,周三,miércoles,Wednesday,18:00,12:00,-6h,1.5,阅读,2,语法掌握一般
Jerry217,小组课,Pablo,L001481,2025-12-31,周三,miércoles,Wednesday,18:00,10:00,-8h,1.67,口语,13,需要加强口语练习
Chloe_431,班课,Pablo,L001481,2025/12/31,周三,miércoles,Wednesday,18:00,09:00,-9h,1.67,口语,13,需要加强口语练习
Hannah_165（教务）,小组课,Pablo,L001481,12/31/2025,周三,miércoles,Wednesday,18:00,03:00,+9h,1.67,阅读,14,需要加强口语练习
Alfred_172,小组课,Pablo,L001481,2025-12-31,周三,miércoles,Wednesday,18:00,11:00,-7h,1.67,口语,6,需要加强口语练习
Jerry_217,小组课,Pablo,L001482,2026-01-07,周三,miércoles,Wednesday,18:00,09:00,-9h,1.5,阅读,12,课堂参与积极
Chloe431,班课,Pablo,L001482,2026-01-07,周三,miércoles,Wednesday,18:00,09:00,-9h,1.5,复习,14,课堂参与积极
Hannah_165,班课,Pablo,L001482,2026-01-07,周三,miércoles,Wednesday,18:00,04:00,+10h,1.5,阅读,10,课堂参与积极
Alfred_172,小组课,Pablo,L001482,2026年1月7日,周三,miércoles,Wednesday,18:00,12:00,-6h,1.5,口语,7,课堂参与积极
Jerry_217,小组课,Pablo,L001483,2026-01-14,周三,miércoles,Wednesday,18:00,09:00,-9h,1.0,语法,9,完成本节内容
Chloe_431,小组课,Pablo,L001483,2026/01/14,周三,miércoles,Wednesday,18:00,09:00,-9h,1.0,听力,1,完成本节内容
Hannah_165,班课,Pablo,L001483,2026/01/14,周三,miércoles,Wednesday,18:00,04:00,+10h,1.0,复习,3,完成本节内容
Alfred_172,班课,Pablo（教务）,L001483,2026-01-14,周三,miércoles,Wednesday,18:00,12:00,-6h,1.0,口语,10,完成本节内容
Jerry_217,班课,Pablo,L001484,2026年1月21日,周三,miércoles,Wednesday,18:00,10:00,-8h,1.67,阅读,7,语法掌握一般
Chloe_431,小组课,Pablo,L001484,2026-01-21,周三,miércoles,Wednesday,18:00,08:00,-10h,1.67,阅读,1,语法掌握一般
Hannah_165,小组课,Pablo,L001484,2026/01/21,周三,miércoles,Wednesday,18:00,04:00,+10h,1.67,语法,6,语法掌握一般
Alfred_172,小组课,Pablo,L001484,2026-01-21,周三,miércoles,Wednesday,18:00,12:00,-6h,1.67,阅读,7,语法掌握一般
Jerry_217,小组课,Pablo,L001485,2026-01-28,周三,miércoles,Wednesday,18:00,09:00,-9h,1.5,听力,8,语法掌握一般
Chloe431,小组课,Pablo,L001485,2026/01/28,周三,miércoles,Wednesday,18:00,09:00,-9h,1.5,语法,6,语法掌握一般
Hannah_165,班课,Pablo（教务）,L001485,2026年1月28日,周三,miércoles,Wednesday,18:00,04:00,+10h,1.5,语法,14,语法掌握一般
Alfred172,班课,Pablo,L001485,2026-01-28,周三,miércoles,Wednesday,18:00,12:00,-6h,1.5,复习,4,语法掌握一般
Jerry217,班课,Pablo,L001486,2026/02/04,周三,miércoles,Wednesday,18:00,09:00,-9h,1.0,语法,5,课堂参与积极
Chloe431,小组课,Pablo,L001486,2026/02/04,周三,miércoles,Wednesday,18:00,09:00,-9h,1.0,阅读,1,课堂参与积极
Hannah165,班课,Pablo,L001486,2026-02-04,周三,miércoles,Wednesday,18:00,04:00,+10h,1.0,复习,6,课堂参与积极
Alfred172,小组课,Pablo,L001486,2026/02/04,周三,miércoles,Wednesday,18:00,12:00,-6h,1.0,听力,8,课堂参与积极
Jerry_217,班课,Pablo,L001487,2026年2月11日,周三,miércoles,Wednesday,18:00,09:00,-9h,1.0,复习,14,课堂参与积极
Chloe431,班课,Pablo,L001487,2026-02-11,周三,miércoles,Wednesday,18:00,09:00,-9h,1.0,阅读,12,课堂参与积极
Hannah165,班课,Pablo（教务）,L001487,2026/02/11,周三,miércoles,Wednesday,18:00,05:00,+11h,1.0,阅读,5,课堂参与积极
Alfred_172,班课,Pablo（教务）,L001487,2026/02/11,周三,miércoles,Wednesday,18:00,14:00,-4h,1.0,口语,6,课堂参与积极
Jerry_217,班课,Pablo,L001488,2026/02/18,周三,miércoles,Wednesday,18:00,09:00,-9h,2.0,复习,2,需要加强口语练习
Chloe_431,班课,Pablo,L001488,2026年2月18日,周三,miércoles,Wednesday,18:00,09:00,-9h,2.0,复习,8,需要加强口语练习
Hannah_165,小组课,Pablo,L001488,2026-02-18,周三,miércoles,Wednesday,18:00,04:00,+10h,2.0,口语,9,需要加强口语练习
Alfred_172（教务）,小组课,Pablo,L001488,02/18/2026,周三,miércoles,Wednesday,18:00,12:00,-6h,2.0,口语,7,需要加强口语练习
Jerry_217,班课,Pablo,L001489,2026年2月25日,周三,miércoles,Wednesday,18:00,09:00,-9h,1.0,阅读,6,
Chloe431,班课,Pablo,L001489,2026/02/25,周三,miércoles,Wednesday,18:00,09:00,-9h,1.0,听力,2,
Hannah_165,班课,Pablo,L001489,2026-02-25,周三,miércoles,Wednesday,18:00,04:00,+10h,1.0,复习,9,
Alfred_172,小组课,Pablo,L001489,2026-02-25,周三,miércoles,Wednesday,18:00,12:00,-6h,1.0,语法,5,
Jerry_217,班课,Pablo,L001490,2026-03-04,周三,miércoles,Wednesday,18:00,09:00,-9h,1.0,语法,4,需要加强口语练习
Chloe_431,小组课,Pablo,L001490,2026/03/04,周三,miércoles,Wednesday,18:00,09:00,-9h,1.0,听力,5,需要加强口语练习
Hannah_165,小组课,Pablo,L001490,2026/03/04,周三,miércoles,Wednesday,18:00,04:00,+10h,1.0,阅读,6,需要加强口语练习
Alfred_172,班课,Pablo,L001490,2026-03-04,周三,miércoles,Wednesday,18:00,13:00,-5h,1.0,口语,7,需要加强口语练习
Jerry217,小组课,Pablo,L001491,2026-03-11,周三,miércoles,Wednesday,18:00,10:00,-8h,1.0,复习,5,需要加强口语练习
Chloe431,小组课,Pablo,L001491,2026年3月11日,周三,miércoles,Wednesday,18:00,10:00,-8h,1.0,语法,5,需要加强口语练习
Hannah_165,小组课,Pablo,L001491,2026-03-11,周三,miércoles,Wednesday,18:00,04:00,+10h,1.0,语法,8,需要加强口语练习
Alfred_172,班课,Pablo,L001491,2026/03/11,周三,miércoles,Wednesday,18:00,13:00,-5h,1.0,阅读,2,需要加强口语练习
Jerry_217,班课,Pablo（教务）,L001492,2026/03/18,周三,miércoles,Wednesday,18:00,10:00,-8h,1.0,复习,14,完成本节内容
Chloe_431,小组课,Pablo,L001492,2026年3月18日,周三,miércoles,Wednesday,18:00,10:00,-8h,1.0,语法,7,完成本节内容
Hannah_165,小组课,Pablo,L001492,2026-03-18,周三,miércoles,Wednesday,18:00,04:00,+10h,1.0,口语,5,完成本节内容
Alfred_172,班课,Pablo,L001492,2026/03/18,周三,miércoles,Wednesday,18:00,13:00,-5h,1.0,口语,11,完成本节内容
Jerry_217,班课,Pablo,L001493,2026-03-25,周三,miércoles,Wednesday,18:00,09:00,-9h,1.0,口语,2,课堂参与积极
Chloe431,班课,Pablo（教务）,L001493,2026-03-25,周三,miércoles,Wednesday,18:00,10:00,-8h,1.0,语法,14,课堂参与积极
Hannah_165,班课,Pablo,L001493,2026-03-25,周三,miércoles,Wednesday,18:00,04:00,+10h,1.0,语法,1,课堂参与积极
Alfred_172,小组课,Pablo,L001493,03/25/2026,周三,miércoles,Wednesday,18:00,13:00,-5h,1.0,听力,7,课堂参与积极
Jerry_217,班课,Pablo,L001494,2026/04/01,周三,miércoles,Wednesday,18:00,09:00,-9h,1.0,阅读,7,需要加强口语练习
Chloe_431,班课,Pablo,L001494,2026/04/01,周三,miércoles,Wednesday,18:00,09:00,-9h,1.0,复习,5,需要加强口语练习
Hannah_165,小组课,Pablo,L001494,2026-04-01,周三,miércoles,Wednesday,18:00,03:00,+9h,1.0,口语,7,需要加强口语练习
Alfred_172,小组课,Pablo,L001494,2026-04-01,周三,miércoles,Wednesday,18:00,12:00,-6h,1.0,口语,5,需要加强口语练习
Jerry_217（教务）,班课,Pablo,L001495,2026/04/08,周三,miércoles,Wednesday,18:00,09:00,-9h,1.5,语法,3,语法掌握一般
Chloe_431,小组课,Pablo,L001495,2026-04-08,周三,miércoles,Wednesday,18:00,09:00,-9h,1.5,阅读,3,语法掌握一般
Hannah_165,班课,Pablo,L001495,2026-04-08,周三,miércoles,Wednesday,18:00,02:00,+8h,1.5,听力,3,语法掌握一般
Alfred_172（教务）,小组课,Pablo,L001495,2026-04-08,周三,miércoles,Wednesday,18:00,13:00,-5h,1.5,复习,4,语法掌握一般
Jerry_217,班课,Pablo,L001496,04/15/2026,周三,miércoles,Wednesday,18:00,09:00,-9h,1.0,语法,6,需要加强口语练习
Chloe_431,小组课,Pablo,L001496,2026/04/15,周三,miércoles,Wednesday,18:00,09:00,-9h,1.0,听力,2,需要加强口语练习
Hannah_165（教务）,小组课,Pablo,L001496,2026/04/15,周三,miércoles,Wednesday,18:00,01:00,+7h,1.0,阅读,3,需要加强口语练习
Alfred_172,班课,Pablo,L001496,04/15/2026,周三,miércoles,Wednesday,18:00,12:00,-6h,1.0,听力,5,需要加强口语练习
Jerry_217,小组课,Pablo,L001497,2026-04-22,周三,miércoles,Wednesday,18:00,09:00,-9h,1.67,语法,4,
Chloe431,小组课,Pablo,L001497,04/22/2026,周三,miércoles,Wednesday,18:00,09:00,-9h,1.67,语法,5,
Hannah165,小组课,Pablo,L001497,2026/04/22,周三,miércoles,Wednesday,18:00,02:00,+8h,1.67,语法,1,
Alfred_172,小组课,Pablo,L001497,2026-04-22,周三,miércoles,Wednesday,18:00,12:00,-6h,1.67,语法,11,
Jerry217,小组课,Pablo,L001498,04/29/2026,周三,miércoles,Wednesday,18:00,08:00,-10h,1.0,阅读,10,课堂参与积极
Chloe_431,班课,Pablo,L001498,2026-04-29,周三,miércoles,Wednesday,18:00,09:00,-9h,1.0,复习,11,课堂参与积极
Hannah165,班课,Pablo,L001498,2026-04-29,周三,miércoles,Wednesday,18:00,02:00,+8h,1.0,语法,6,课堂参与积极
Alfred_172,班课,Pablo（教务）,L001498,2026-04-29,周三,miércoles,Wednesday,18:00,14:00,-4h,1.0,听力,10,课堂参与积极
Jerry_217,班课,Pablo,L001499,2026年5月6日,周三,miércoles,Wednesday,18:00,11:00,-7h,1.67,语法,7,完成本节内容
Chloe_431,小组课,Pablo,L001499,2026-05-06,周三,miércoles,Wednesday,18:00,09:00,-9h,1.67,听力,10,完成本节内容
Hannah_165（教务）,小组课,Pablo,L001499,2026年5月6日,周三,miércoles,Wednesday,18:00,02:00,+8h,1.67,听力,7,完成本节内容
Alfred_172,小组课,Pablo,L001499,2026-05-06,周三,miércoles,Wednesday,18:00,12:00,-6h,1.67,阅读,1,完成本节内容
Jerry_217,班课,Pablo,L001500,05/13/2026,周三,miércoles,Wednesday,18:00,09:00,-9h,1.5,口语,5,完成本节内容
Chloe_431,班课,Pablo,L001500,2026-05-13,周三,miércoles,Wednesday,18:00,09:00,-9h,1.5,阅读,6,完成本节内容
Hannah_165,小组课,Pablo（教务）,L001500,2026年5月13日,周三,miércoles,Wednesday,18:00,02:00,+8h,1.5,语法,10,完成本节内容
Alfred172,小组课,Pablo,L001500,2026/05/13,周三,miércoles,Wednesday,18:00,12:00,-6h,1.5,口语,1,完成本节内容
Jerry_217,小组课,Pablo,L001501,2026/05/20,周三,miércoles,Wednesday,18:00,11:00,-7h,2.0,阅读,5,
Chloe_431,小组课,Pablo,L001501,2026/05/20,周三,miércoles,Wednesday,18:00,09:00,-9h,2.0,口语,8,
Hannah_165,小组课,Pablo,L001501,2026/05/20,周三,miércoles,Wednesday,18:00,03:00,+9h,2.0,听力,11,
Alfred_172,班课,Pablo,L001501,2026-05-20,周三,miércoles,Wednesday,18:00,12:00,-6h,2.0,阅读,6,
Jerry_217,小组课,Pablo,L001502,2026/05/27,周三,miércoles,Wednesday,18:00,09:00,-9h,1.67,口语,7,课堂参与积极
Chloe_431（教务）,班课,Pablo,L001502,2026-05-27,周三,miércoles,Wednesday,18:00,09:00,-9h,1.67,复习,14,课堂参与积极
Hannah_165（教务）,班课,Pablo,L001502,05/27/2026,周三,miércoles,Wednesday,18:00,02:00,+8h,1.67,口语,8,课堂参与积极
Alfred_172,小组课,Pablo,L001502,2026-05-27,周三,miércoles,Wednesday,18:00,12:00,-6h,1.67,口语,3,课堂参与积极
Jerry_217,班课,Pablo（教务）,L001503,06/03/2026,周三,miércoles,Wednesday,18:00,09:00,-9h,1.0,语法,9,课堂参与积极
Chloe_431,班课,Pablo,L001503,2026-06-03,周三,miércoles,Wednesday,18:00,09:00,-9h,1.0,语法,12,课堂参与积极
Hannah_165,班课,Pablo,L001503,2026/06/03,周三,miércoles,Wednesday,18:00,01:00,+7h,1.0,口语,3,课堂参与积极
Alfred_172,班课,Pablo,L001503,2026年6月3日,周三,miércoles,Wednesday,18:00,12:00,-6h,1.0,口语,5,课堂参与积极
Jerry217,小组课,Pablo,L001504,2026-06-10,周三,miércoles,Wednesday,18:00,09:00,-9h,1.0,语法,8,语法掌握一般
Chloe431,班课,Pablo,L001504,06/10/2026,周三,miércoles,Wednesday,18:00,09:00,-9h,1.0,语法,12,语法掌握一般
Hannah_165,小组课,Pablo（教务）,L001504,2026-06-10,周三,miércoles,Wednesday,18:00,02:00,+8h,1.0,语法,5,语法掌握一般
Alfred_172,班课,Pablo,L001504,2026/06/10,周三,miércoles,Wednesday,18:00,12:00,-6h,1.0,口语,6,语法掌握一般
Jerry_217,班课,Pablo,L001505,2026/06/17,周三,miércoles,Wednesday,18:00,09:00,-9h,1.5,复习,2,完成本节内容
Chloe_431,小组课,Pablo,L001505,06/17/2026,周三,miércoles,Wednesday,18:00,09:00,-9h,1.5,口语,5,完成本节内容
Hannah_165,小组课,Pablo,L001505,2026年6月17日,周三,miércoles,Wednesday,18:00,02:00,+8h,1.5,听力,7,完成本节内容
Alfred172,小组课,Pablo,L001505,06/17/2026,周三,miércoles,Wednesday,18:00,12:00,-6h,1.5,语法,14,完成本节内容
Jerry_217（教务）,班课,Pablo（教务）,L001506,2026-06-24,周三,miércoles,Wednesday,18:00,08:00,-10h,1.0,语法,14,完成本节内容
Chloe_431,班课,Pablo,L001506,2026年6月24日,周三,miércoles,Wednesday,18:00,09:00,-9h,1.0,口语,3,完成本节内容
Hannah_165,小组课,Pablo,L001506,2026-06-24,周三,miércoles,Wednesday,18:00,02:00,+8h,1.0,口语,14,完成本节内容
Alfred_172,小组课,Pablo（教务）,L001506,2026/06/24,周三,miércoles,Wednesday,18:00,12:00,-6h,1.0,听力,3,完成本节内容
Jerry_217（教务）,班课,Pablo（教务）,L001507,2026年7月1日,周三,miércoles,Wednesday,18:00,09:00,-9h,1.0,复习,5,需要加强口语练习
Chloe431,小组课,Pablo（教务）,L001507,2026年7月1日,周三,miércoles,Wednesday,18:00,09:00,-9h,1.0,语法,9,需要加强口语练习
Hannah_165,小组课,Pablo,L001507,2026-07-01,周三,miércoles,Wednesday,18:00,02:00,+8h,1.0,语法,10,需要加强口语练习
Alfred_172,小组课,Pablo（教务）,L001507,2026/07/01,周三,miércoles,Wednesday,18:00,12:00,-6h,1.0,语法,12,需要加强口语练习
Jerry217,班课,Pablo（教务）,L001508,2026-07-08,周三,miércoles,Wednesday,18:00,09:00,-9h,2.0,听力,3,语法掌握一般
Chloe431,班课,Pablo,L001508,2026-07-08,周三,miércoles,Wednesday,18:00,09:00,-9h,2.0,口语,12,语法掌握一般
Hannah165,班课,Pablo,L001508,2026/07/08,周三,miércoles,Wednesday,18:00,02:00,+8h,2.0,听力,4,语法掌握一般
Alfred_172,小组课,Pablo,L001508,2026/07/08,周三,miércoles,Wednesday,18:00,12:00,-6h,2.0,复习,11,语法掌握一般
Jerry_217,小组课,Pablo,L001509,2026-07-15,周三,miércoles,Wednesday,18:00,09:00,-9h,1.5,口语,7,语法掌握一般
Chloe431,小组课,Pablo,L001509,07/15/2026,周三,miércoles,Wednesday,18:00,09:00,-9h,1.5,复习,10,语法掌握一般
Hannah_165,班课,Pablo,L001509,2026-07-15,周三,miércoles,Wednesday,18:00,02:00,+8h,1.5,阅读,4,语法掌握一般
Alfred_172,小组课,Pablo（教务）,L001509,2026/07/15,周三,miércoles,Wednesday,18:00,12:00,-6h,1.5,语法,10,语法掌握一般
Jerry217,小组课,Pablo（教务）,L001510,07/22/2026,周三,miércoles,Wednesday,18:00,09:00,-9h,1.0,阅读,5,完成本节内容
Chloe_431（教务）,小组课,Pablo,L001510,2026-07-22,周三,miércoles,Wednesday,18:00,09:00,-9h,1.0,听力,5,完成本节内容
Hannah_165（教务）,班课,Pablo,L001510,2026年7月22日,周三,miércoles,Wednesday,18:00,02:00,+8h,1.0,复习,13,完成本节内容
Alfred172,班课,Pablo,L001510,2026-07-22,周三,miércoles,Wednesday,18:00,12:00,-6h,1.0,语法,2,完成本节内容
Jerry_217（教务）,班课,Pablo,L001511,2026/07/29,周三,miércoles,Wednesday,18:00,09:00,-9h,1.67,复习,13,课堂参与积极
Chloe431,小组课,Pablo,L001511,2026-07-29,周三,miércoles,Wednesday,18:00,09:00,-9h,1.67,语法,1,课堂参与积极
Hannah_165,小组课,Pablo,L001511,2026-07-29,周三,miércoles,Wednesday,18:00,02:00,+8h,1.67,阅读,5,课堂参与积极
Alfred_172,班课,Pablo,L001511,2026-07-29,周三,miércoles,Wednesday,18:00,12:00,-6h,1.67,语法,5,课堂参与积极
Jerry_217,小组课,Pablo,L001512,08/05/2026,周三,miércoles,Wednesday,18:00,09:00,-9h,1.0,口语,13,课堂参与积极
Chloe_431,班课,Pablo,L001512,08/05/2026,周三,miércoles,Wednesday,18:00,09:00,-9h,1.0,语法,3,课堂参与积极
Hannah_165,小组课,Pablo,L001512,2026年8月5日,周三,miércoles,Wednesday,18:00,02:00,+8h,1.0,语法,1,课堂参与积极
Alfred_172,班课,Pablo,L001512,2026/08/05,周三,miércoles,Wednesday,18:00,12:00,-6h,1.0,阅读,2,课堂参与积极
Jerry_217,班课,Pablo,L001513,2026/08/12,周三,miércoles,Wednesday,18:00,08:00,-10h,1.0,阅读,3,完成本节内容
Chloe431,班课,Pablo,L001513,2026-08-12,周三,miércoles,Wednesday,18:00,09:00,-9h,1.0,阅读,6,完成本节内容
Hannah165,小组课,Pablo,L001513,2026-08-12,周三,miércoles,Wednesday,18:00,23:00,+5h,1.0,口语,7,完成本节内容
Alfred_172,班课,Pablo,L001513,2026-08-12,周三,miércoles,Wednesday,18:00,12:00,-6h,1.0,阅读,3,完成本节内容
Jerry_217,小组课,Pablo,L001514,2026-08-19,周三,miércoles,Wednesday,18:00,09:00,-9h,1.0,阅读,11,课堂参与积极
Chloe431,班课,Pablo,L001514,2026-08-19,周三,miércoles,Wednesday,18:00,09:00,-9h,1.0,复习,13,课堂参与积极
Hannah_165,班课,Pablo,L001514,2026-08-19,周三,miércoles,Wednesday,18:00,03:00,+9h,1.0,阅读,5,课堂参与积极
Alfred_172,小组课,Pablo,L001514,2026-08-19,周三,miércoles,Wednesday,18:00,12:00,-6h,1.0,听力,12,课堂参与积极
Jerry217,班课,Pablo（教务）,L001515,2026年8月26日,周三,miércoles,Wednesday,18:00,09:00,-9h,1.0,口语,13,完成本节内容
Chloe_431,班课,Pablo,L001515,2026-08-26,周三,miércoles,Wednesday,18:00,09:00,-9h,1.0,语法,1,完成本节内容
Hannah_165（教务）,小组课,Pablo,L001515,2026-08-26,周三,miércoles,Wednesday,18:00,02:00,+8h,1.0,听力,11,完成本节内容
Alfred_172,小组课,Pablo,L001515,2026-08-26,周三,miércoles,Wednesday,18:00,12:00,-6h,1.0,阅读,7,完成本节内容
Hannah265,1V1,Natalia,L001516,2025-12-08,周一,lunes,Monday,11:00,05:00,-6h,1.67,口语,6,
Hannah265,私教,Natalia,L001517,2025年12月15日,周一,lunes,Monday,11:00,05:00,-6h,1.0,阅读,13,完成本节内容
Hannah_265（教务）,一对一,Natalia,L001518,2025/12/22,周一,lunes,Monday,11:00,05:00,-6h,1.5,口语,8,课堂参与积极
Hannah265,一对一,Natalia,L001519,2025-12-29,周一,lunes,Monday,11:00,05:00,-6h,1.5,复习,5,
Hannah_265,一对一,Natalia,L001520,2026年1月5日,周一,lunes,Monday,11:00,05:00,-6h,1.67,阅读,13,完成本节内容
Hannah_265,一对一,Natalia,L001521,2026-01-12,周一,lunes,Monday,11:00,06:00,-5h,2.0,口语,5,课堂参与积极
Hannah_265,私教,Natalia,L001522,2026年1月19日,周一,lunes,Monday,11:00,05:00,-6h,1.67,语法,14,
Hannah_265,私教,Natalia,L001523,2026-01-26,周一,lunes,Monday,11:00,05:00,-6h,1.0,听力,4,需要加强口语练习
Hannah_265,一对一,Natalia,L001524,2026年2月2日,周一,lunes,Monday,11:00,05:00,-6h,1.0,口语,12,需要加强口语练习
Hannah_265,私教,Natalia,L001525,2026年2月9日,周一,lunes,Monday,11:00,05:00,-6h,1.0,语法,3,需要加强口语练习
Hannah_265,一对一,Natalia,L001526,2026-02-16,周一,lunes,Monday,11:00,05:00,-6h,2.0,语法,7,完成本节内容
Hannah_265,一对一,Natalia,L001527,2026-02-23,周一,lunes,Monday,11:00,05:00,-6h,1.5,听力,4,课堂参与积极
Hannah_265（教务）,私教,Natalia,L001528,03/02/2026,周一,lunes,Monday,11:00,05:00,-6h,1.67,口语,14,需要加强口语练习
Hannah_265,私教,Natalia,L001529,2026-03-09,周一,lunes,Monday,11:00,07:00,-4h,1.5,口语,9,需要加强口语练习
Hannah_265,私教,Natalia,L001530,2026-03-16,周一,lunes,Monday,11:00,06:00,-5h,1.0,阅读,10,语法掌握一般
Hannah_265（教务）,私教,Natalia,L001531,2026-03-23,周一,lunes,Monday,11:00,06:00,-5h,1.0,口语,1,课堂参与积极
Hannah_265,私教,Natalia,L001532,2026-03-30,周一,lunes,Monday,11:00,04:00,-7h,1.0,语法,6,需要加强口语练习
Hannah_265,私教,Natalia,L001533,2026-04-06,周一,lunes,Monday,11:00,04:00,-7h,1.0,听力,5,
Hannah265,私教,Natalia（教务）,L001534,04/13/2026,周一,lunes,Monday,11:00,05:00,-6h,1.5,语法,6,语法掌握一般
Hannah_265,一对一,Natalia,L001535,2026-04-20,周一,lunes,Monday,11:00,05:00,-6h,1.67,听力,4,需要加强口语练习
Hannah_265,私教,Natalia,L001536,04/27/2026,周一,lunes,Monday,11:00,05:00,-6h,1.0,口语,3,需要加强口语练习
Hannah_265,1V1,Natalia,L001537,2026-05-04,周一,lunes,Monday,11:00,05:00,-6h,1.0,听力,8,语法掌握一般
Hannah_265,一对一,Natalia,L001538,2026-05-11,周一,lunes,Monday,11:00,05:00,-6h,1.0,复习,11,完成本节内容
Hannah_265,一对一,Natalia,L001539,2026-05-18,周一,lunes,Monday,11:00,05:00,-6h,1.67,口语,6,完成本节内容
Hannah_265（教务）,私教,Natalia,L001540,05/25/2026,周一,lunes,Monday,11:00,05:00,-6h,1.5,阅读,5,完成本节内容
Hannah_265,一对一,Natalia,L001541,2026年6月1日,周一,lunes,Monday,11:00,05:00,-6h,1.0,语法,5,需要加强口语练习
Hannah_265,1V1,Natalia,L001542,2026/06/08,周一,lunes,Monday,11:00,05:00,-6h,1.0,阅读,9,课堂参与积极
Hannah_265,一对一,Natalia,L001543,2026/06/15,周一,lunes,Monday,11:00,05:00,-6h,1.5,阅读,4,完成本节内容
Hannah_265,一对一,Natalia,L001544,2026-06-22,周一,lunes,Monday,11:00,05:00,-6h,1.67,复习,5,完成本节内容
Hannah_265,一对一,Natalia（教务）,L001545,2026-06-29,周一,lunes,Monday,11:00,05:00,-6h,1.67,语法,14,语法掌握一般
Hannah265,一对一,Natalia,L001546,07/06/2026,周一,lunes,Monday,11:00,05:00,-6h,1.67,口语,3,需要加强口语练习
Hannah_265,一对一,Natalia,L001547,07/13/2026,周一,lunes,Monday,11:00,05:00,-6h,1.67,口语,8,课堂参与积极
Hannah_265,1V1,Natalia,L001548,2026/07/20,周一,lunes,Monday,11:00,05:00,-6h,1.67,复习,3,课堂参与积极
Hannah265,一对一,Natalia（教务）,L001549,2026年7月27日,周一,lunes,Monday,11:00,05:00,-6h,1.67,复习,11,完成本节内容
Hannah_265,1V1,Natalia,L001550,2026/08/03,周一,lunes,Monday,11:00,05:00,-6h,1.67,语法,9,完成本节内容
Hannah_265,一对一,Natalia,L001551,2026-08-10,周一,lunes,Monday,11:00,05:00,-6h,1.67,阅读,8,完成本节内容
Hannah_265,一对一,Natalia（教务）,L001552,2026/08/17,周一,lunes,Monday,11:00,05:00,-6h,1.0,复习,5,需要加强口语练习
Hannah_265,私教,Natalia,L001553,08/24/2026,周一,lunes,Monday,11:00,05:00,-6h,1.67,听力,9,语法掌握一般
Luis_153,1V1,Sara,L001554,2025/06/25,周三,miércoles,Wednesday,15:00,15:00,+0h,1.67,阅读,1,需要加强口语练习
Luis_153,一对一,Sara,L001555,2025/07/02,周三,miércoles,Wednesday,15:00,15:00,+0h,1.67,口语,9,完成本节内容
Luis_153,私教,Sara,L001556,2025-07-09,周三,miércoles,Wednesday,15:00,16:00,+1h,1.5,阅读,10,完成本节内容
Luis_153（教务）,一对一,Sara,L001557,2025年7月16日,周三,miércoles,Wednesday,15:00,15:00,+0h,1.67,口语,10,完成本节内容
Luis_153,私教,Sara,L001558,2025-07-23,周三,miércoles,Wednesday,15:00,15:00,+0h,1.5,口语,14,语法掌握一般
Luis153,一对一,Sara,L001559,2025-07-30,周三,miércoles,Wednesday,15:00,16:00,+1h,1.0,口语,1,课堂参与积极
Luis_153,私教,Sara,L001560,2025/08/06,周三,miércoles,Wednesday,15:00,12:00,-3h,1.5,阅读,2,课堂参与积极
Luis_153,私教,Sara,L001561,2025/08/13,周三,miércoles,Wednesday,15:00,15:00,+0h,1.0,复习,13,需要加强口语练习
Luis_153,私教,Sara,L001562,2025-08-20,周三,miércoles,Wednesday,15:00,15:00,+0h,1.0,口语,14,
Luis_153,一对一,Sara,L001563,2025年8月27日,周三,miércoles,Wednesday,15:00,15:00,+0h,1.5,语法,3,需要加强口语练习
Luis153,私教,Sara,L001564,2025/09/03,周三,miércoles,Wednesday,15:00,15:00,+0h,1.0,复习,12,课堂参与积极
Luis_153,一对一,Sara,L001565,2025-09-10,周三,miércoles,Wednesday,15:00,15:00,+0h,1.67,口语,3,语法掌握一般
Luis_153,一对一,Sara,L001566,09/17/2025,周三,miércoles,Wednesday,15:00,15:00,+0h,1.0,阅读,10,语法掌握一般
Luis_153,一对一,Sara,L001567,2025年9月24日,周三,miércoles,Wednesday,15:00,16:00,+1h,1.67,口语,8,
Luis_153,1V1,Sara,L001568,2025-10-01,周三,miércoles,Wednesday,15:00,15:00,+0h,1.67,语法,6,语法掌握一般
Luis_153,一对一,Sara,L001569,2025/10/08,周三,miércoles,Wednesday,15:00,15:00,+0h,1.67,语法,12,完成本节内容
Luis_153,一对一,Sara,L001570,2025/10/15,周三,miércoles,Wednesday,15:00,15:00,+0h,1.0,复习,14,需要加强口语练习
Luis_153,私教,Sara,L001571,2025年10月22日,周三,miércoles,Wednesday,15:00,15:00,+0h,1.0,复习,8,课堂参与积极
Luis_153,一对一,Sara（教务）,L001572,2025/10/29,周三,miércoles,Wednesday,15:00,15:00,+0h,1.0,口语,5,完成本节内容
Luis_153,一对一,Sara,L001573,2025-11-05,周三,miércoles,Wednesday,15:00,15:00,+0h,1.0,口语,14,完成本节内容
Luis_153（教务）,一对一,Sara,L001574,2025年11月12日,周三,miércoles,Wednesday,15:00,15:00,+0h,1.0,语法,13,
Luis153,一对一,Sara,L001575,2025/11/19,周三,miércoles,Wednesday,15:00,15:00,+0h,2.0,听力,13,完成本节内容
Luis_153,1V1,Sara,L001576,2025/11/26,周三,miércoles,Wednesday,15:00,18:00,+3h,1.0,口语,5,课堂参与积极
Luis_153,一对一,Sara,L001577,2025/12/03,周三,miércoles,Wednesday,15:00,15:00,+0h,1.0,复习,1,完成本节内容
Luis_153,私教,Sara,L001578,2025-12-10,周三,miércoles,Wednesday,15:00,15:00,+0h,1.0,复习,4,需要加强口语练习
Luis_153,1V1,Sara,L001579,2025年12月17日,周三,miércoles,Wednesday,15:00,15:00,+0h,1.67,口语,2,完成本节内容
Luis_153,1V1,Sara,L001580,2025-12-24,周三,miércoles,Wednesday,15:00,15:00,+0h,2.0,听力,2,完成本节内容
Luis_153,一对一,Sara,L001581,2025年12月31日,周三,miércoles,Wednesday,15:00,15:00,+0h,1.0,听力,3,课堂参与积极
Luis_153,1V1,Sara,L001582,2026/01/07,周三,miércoles,Wednesday,15:00,15:00,+0h,1.0,阅读,14,语法掌握一般
Luis_153,一对一,Sara,L001583,2026/01/14,周三,miércoles,Wednesday,15:00,16:00,+1h,1.0,语法,3,课堂参与积极
Luis_153,1V1,Sara,L001584,2026-01-21,周三,miércoles,Wednesday,15:00,15:00,+0h,1.67,复习,9,完成本节内容
Luis_153（教务）,一对一,Sara,L001585,01/28/2026,周三,miércoles,Wednesday,15:00,15:00,+0h,1.5,语法,5,完成本节内容
Luis_153,私教,Sara,L001586,2026/02/04,周三,miércoles,Wednesday,15:00,15:00,+0h,1.0,听力,6,需要加强口语练习
Luis153,私教,Sara,L001587,2026/02/11,周三,miércoles,Wednesday,15:00,15:00,+0h,1.5,语法,3,语法掌握一般
Luis_153,私教,Sara,L001588,2026-02-18,周三,miércoles,Wednesday,15:00,15:00,+0h,2.0,语法,3,课堂参与积极
Luis153,1V1,Sara,L001589,2026/02/25,周三,miércoles,Wednesday,15:00,15:00,+0h,1.0,听力,11,完成本节内容
Luis_153,一对一,Sara,L001590,2026-03-04,周三,miércoles,Wednesday,15:00,15:00,+0h,1.0,口语,7,语法掌握一般
Luis_153,私教,Sara（教务）,L001591,2026-03-11,周三,miércoles,Wednesday,15:00,15:00,+0h,1.5,口语,13,需要加强口语练习
Luis_153,私教,Sara,L001592,2026/03/18,周三,miércoles,Wednesday,15:00,15:00,+0h,1.0,阅读,13,课堂参与积极
Luis_153,一对一,Sara,L001593,2026-03-25,周三,miércoles,Wednesday,15:00,15:00,+0h,2.0,口语,7,课堂参与积极
Luis_153,1V1,Sara,L001594,2026-04-01,周三,miércoles,Wednesday,15:00,15:00,+0h,1.0,口语,11,课堂参与积极
Luis_153,一对一,Sara,L001595,04/08/2026,周三,miércoles,Wednesday,15:00,15:00,+0h,1.0,语法,4,语法掌握一般
Luis_153,私教,Sara（教务）,L001596,04/15/2026,周三,miércoles,Wednesday,15:00,15:00,+0h,1.5,听力,3,完成本节内容
Luis_153,1V1,Sara,L001597,04/22/2026,周三,miércoles,Wednesday,15:00,15:00,+0h,1.0,复习,13,完成本节内容
Luis_153,1V1,Sara,L001598,2026年4月29日,周三,miércoles,Wednesday,15:00,15:00,+0h,1.0,听力,13,语法掌握一般
Luis153,1V1,Sara,L001599,05/06/2026,周三,miércoles,Wednesday,15:00,15:00,+0h,1.0,口语,11,课堂参与积极
Luis_153,1V1,Sara,L001600,2026/05/13,周三,miércoles,Wednesday,15:00,15:00,+0h,1.5,语法,8,完成本节内容
Luis_153（教务）,1V1,Sara,L001601,2026-05-20,周三,miércoles,Wednesday,15:00,15:00,+0h,1.0,复习,12,课堂参与积极
Luis_153,一对一,Sara,L001602,2026年5月27日,周三,miércoles,Wednesday,15:00,14:00,-1h,1.5,口语,8,课堂参与积极
Luis_153,私教,Sara,L001603,2026-06-03,周三,miércoles,Wednesday,15:00,15:00,+0h,1.0,语法,2,语法掌握一般
Luis_153,私教,Sara,L001604,2026-06-10,周三,miércoles,Wednesday,15:00,15:00,+0h,1.0,阅读,5,完成本节内容
Luis_153,私教,Sara,L001605,2026-06-17,周三,miércoles,Wednesday,15:00,15:00,+0h,1.67,语法,8,需要加强口语练习
Luis_153,私教,Sara（教务）,L001606,2026/06/24,周三,miércoles,Wednesday,15:00,15:00,+0h,1.0,口语,3,完成本节内容
Luis_153,1V1,Sara,L001607,2026-07-01,周三,miércoles,Wednesday,15:00,15:00,+0h,1.0,阅读,3,课堂参与积极
Luis_153,一对一,Sara,L001608,2026年7月8日,周三,miércoles,Wednesday,15:00,15:00,+0h,1.0,口语,4,
Luis_153,私教,Sara,L001609,07/15/2026,周三,miércoles,Wednesday,15:00,15:00,+0h,1.0,口语,3,课堂参与积极
Luis_153,1V1,Sara,L001610,07/22/2026,周三,miércoles,Wednesday,15:00,15:00,+0h,1.0,复习,9,课堂参与积极
Luis_153（教务）,私教,Sara,L001611,2026/07/29,周三,miércoles,Wednesday,15:00,15:00,+0h,2.0,语法,6,语法掌握一般
Luis_153,一对一,Sara,L001612,2026年8月5日,周三,miércoles,Wednesday,15:00,15:00,+0h,1.0,口语,2,完成本节内容
Luis153,一对一,Sara,L001613,2026-08-12,周三,miércoles,Wednesday,15:00,15:00,+0h,1.5,口语,12,语法掌握一般
Luis_153（教务）,1V1,Sara,L001614,2026年8月19日,周三,miércoles,Wednesday,15:00,15:00,+0h,1.0,听力,8,完成本节内容
Luis_153（教务）,私教,Sara,L001615,2026/08/26,周三,miércoles,Wednesday,15:00,15:00,+0h,1.0,阅读,6,完成本节内容
Sofia155,班课,Pilar（教务）,L001616,2026-06-21,周日,domingo,Sunday,14:00,13:00,-1h,1.0,阅读,7,
Lydia214,小组课,Pilar,L001616,2026/06/21,周日,domingo,Sunday,14:00,22:00,+8h,1.0,阅读,10,
Sofia_155,班课,Pilar,L001617,2026/06/28,周日,domingo,Sunday,14:00,15:00,+1h,1.0,口语,4,语法掌握一般
Lydia_214,班课,Pilar,L001617,2026-06-28,周日,domingo,Sunday,14:00,20:00,+6h,1.0,语法,9,语法掌握一般
Sofia_155,小组课,Pilar,L001618,2026年7月5日,周日,domingo,Sunday,14:00,14:00,+0h,1.0,复习,10,完成本节内容
Lydia_214,小组课,Pilar,L001618,2026-07-05,周日,domingo,Sunday,14:00,00:00,+10h,1.0,听力,1,完成本节内容
Sofia_155,班课,Pilar,L001619,2026/07/12,周日,domingo,Sunday,14:00,14:00,+0h,1.67,语法,10,需要加强口语练习
Lydia_214,班课,Pilar,L001619,2026年7月12日,周日,domingo,Sunday,14:00,22:00,+8h,1.67,语法,1,需要加强口语练习
Sofia_155,小组课,Pilar,L001620,2026/07/19,周日,domingo,Sunday,14:00,14:00,+0h,2.0,口语,9,
Lydia_214,班课,Pilar,L001620,2026/07/19,周日,domingo,Sunday,14:00,23:00,+9h,2.0,阅读,4,
Sofia_155,班课,Pilar,L001621,2026/07/26,周日,domingo,Sunday,14:00,14:00,+0h,2.0,复习,6,完成本节内容
Lydia214,小组课,Pilar,L001621,07/26/2026,周日,domingo,Sunday,14:00,22:00,+8h,2.0,口语,13,完成本节内容
Sofia_155,班课,Pilar,L001622,2026/08/02,周日,domingo,Sunday,14:00,14:00,+0h,1.0,听力,9,需要加强口语练习
Lydia_214（教务）,小组课,Pilar,L001622,2026-08-02,周日,domingo,Sunday,14:00,23:00,+9h,1.0,复习,8,需要加强口语练习
Sofia_155,小组课,Pilar,L001623,2026/08/09,周日,domingo,Sunday,14:00,14:00,+0h,1.5,复习,3,语法掌握一般
Lydia_214,班课,Pilar,L001623,2026/08/09,周日,domingo,Sunday,14:00,22:00,+8h,1.5,语法,13,语法掌握一般
Sofia_155,班课,Pilar,L001624,2026年8月16日,周日,domingo,Sunday,14:00,14:00,+0h,2.0,语法,14,需要加强口语练习
Lydia_214,小组课,Pilar,L001624,08/16/2026,周日,domingo,Sunday,14:00,22:00,+8h,2.0,语法,1,需要加强口语练习
Sofia_155,小组课,Pilar,L001625,2026年8月23日,周日,domingo,Sunday,14:00,14:00,+0h,1.67,听力,5,需要加强口语练习
Lydia_214,班课,Pilar,L001625,2026年8月23日,周日,domingo,Sunday,14:00,22:00,+8h,1.67,口语,4,需要加强口语练习
Sofia_155,班课,Pilar,L001626,2026-08-30,周日,domingo,Sunday,14:00,14:00,+0h,1.67,听力,11,完成本节内容
Lydia214,班课,Pilar,L001626,08/30/2026,周日,domingo,Sunday,14:00,22:00,+8h,1.67,复习,8,完成本节内容
Olivia_429,私教,Pilar,L001627,2026年6月7日,周日,domingo,Sunday,14:00,13:00,-1h,1.0,语法,12,语法掌握一般
Olivia_429,私教,Pilar,L001628,2026/06/14,周日,domingo,Sunday,14:00,13:00,-1h,1.0,听力,7,语法掌握一般
Olivia429,一对一,Pilar,L001629,06/21/2026,周日,domingo,Sunday,14:00,13:00,-1h,1.67,复习,5,完成本节内容
Olivia_429,私教,Pilar,L001630,2026/06/28,周日,domingo,Sunday,14:00,14:00,+0h,1.0,阅读,9,需要加强口语练习
Olivia_429,私教,Pilar,L001631,2026年7月5日,周日,domingo,Sunday,14:00,13:00,-1h,1.67,听力,9,
Olivia_429,1V1,Pilar,L001632,2026-07-12,周日,domingo,Sunday,14:00,13:00,-1h,1.0,语法,6,
Olivia_429,一对一,Pilar,L001633,2026-07-19,周日,domingo,Sunday,14:00,13:00,-1h,1.0,口语,8,完成本节内容
Olivia_429,私教,Pilar,L001634,2026-07-26,周日,domingo,Sunday,14:00,12:00,-2h,1.0,阅读,7,语法掌握一般
Olivia_429,私教,Pilar,L001635,2026-08-02,周日,domingo,Sunday,14:00,13:00,-1h,1.5,复习,1,语法掌握一般
Olivia_429,私教,Pilar,L001636,2026年8月9日,周日,domingo,Sunday,14:00,13:00,-1h,1.67,口语,10,课堂参与积极
Olivia_429,私教,Pilar,L001637,08/16/2026,周日,domingo,Sunday,14:00,13:00,-1h,1.67,口语,10,完成本节内容
Olivia_429,一对一,Pilar,L001638,2026-08-23,周日,domingo,Sunday,14:00,13:00,-1h,2.0,复习,3,课堂参与积极
Olivia429,1V1,Pilar,L001639,2026/08/30,周日,domingo,Sunday,14:00,13:00,-1h,2.0,口语,6,课堂参与积极
Henry_190,一对一,Pilar,L001640,2025/05/23,周五,viernes,Friday,18:00,00:00,+6h,1.67,语法,14,完成本节内容
Henry_190,1V1,Pilar,L001641,2025年5月30日,周五,viernes,Friday,18:00,00:00,+6h,2.0,语法,3,
Henry190,1V1,Pilar,L001642,2025-06-06,周五,viernes,Friday,18:00,00:00,+6h,1.0,口语,2,完成本节内容
Henry_190,私教,Pilar,L001643,2025-06-13,周五,viernes,Friday,18:00,00:00,+6h,1.0,听力,5,
Henry_190,私教,Pilar（教务）,L001644,2025-06-20,周五,viernes,Friday,18:00,00:00,+6h,1.67,阅读,12,完成本节内容
Henry_190,私教,Pilar,L001645,06/27/2025,周五,viernes,Friday,18:00,00:00,+6h,1.5,复习,13,课堂参与积极
Henry_190,一对一,Pilar,L001646,2025-07-04,周五,viernes,Friday,18:00,00:00,+6h,1.5,口语,6,语法掌握一般
Henry_190,私教,Pilar,L001647,2025-07-11,周五,viernes,Friday,18:00,00:00,+6h,1.67,语法,6,完成本节内容
Henry_190,一对一,Pilar,L001648,2025/07/18,周五,viernes,Friday,18:00,00:00,+6h,2.0,复习,13,课堂参与积极
Henry_190,一对一,Pilar,L001649,2025-07-25,周五,viernes,Friday,18:00,00:00,+6h,1.0,阅读,1,课堂参与积极
Henry_190,一对一,Pilar,L001650,2025/08/01,周五,viernes,Friday,18:00,00:00,+6h,1.0,语法,9,完成本节内容
Henry_190,1V1,Pilar,L001651,2025-08-08,周五,viernes,Friday,18:00,23:00,+5h,1.5,口语,2,
Henry_190,私教,Pilar（教务）,L001652,2025-08-15,周五,viernes,Friday,18:00,00:00,+6h,1.67,阅读,8,完成本节内容
Henry_190,私教,Pilar,L001653,2025/08/22,周五,viernes,Friday,18:00,00:00,+6h,1.0,语法,9,语法掌握一般
Henry_190,私教,Pilar,L001654,2025-08-29,周五,viernes,Friday,18:00,00:00,+6h,1.0,阅读,9,课堂参与积极
Henry_190,1V1,Pilar,L001655,2025-09-05,周五,viernes,Friday,18:00,01:00,+7h,1.0,复习,4,语法掌握一般
Henry_190,一对一,Pilar,L001656,2025-09-12,周五,viernes,Friday,18:00,00:00,+6h,1.67,语法,11,语法掌握一般
Henry_190,1V1,Pilar（教务）,L001657,2025-09-19,周五,viernes,Friday,18:00,01:00,+7h,2.0,复习,6,需要加强口语练习
Henry_190,私教,Pilar,L001658,09/26/2025,周五,viernes,Friday,18:00,00:00,+6h,2.0,语法,12,完成本节内容
Henry_190,1V1,Pilar,L001659,2025-10-03,周五,viernes,Friday,18:00,00:00,+6h,1.67,语法,13,课堂参与积极
Henry_190,1V1,Pilar,L001660,2025-10-10,周五,viernes,Friday,18:00,23:00,+5h,1.67,语法,5,完成本节内容
Henry_190,一对一,Pilar,L001661,2025-10-17,周五,viernes,Friday,18:00,00:00,+6h,1.67,口语,13,课堂参与积极
Henry190,私教,Pilar（教务）,L001662,10/24/2025,周五,viernes,Friday,18:00,21:00,+3h,1.0,阅读,13,语法掌握一般
Henry_190（教务）,1V1,Pilar,L001663,2025-10-31,周五,viernes,Friday,18:00,01:00,+7h,1.0,语法,3,语法掌握一般
Henry190,1V1,Pilar,L001664,2025-11-07,周五,viernes,Friday,18:00,01:00,+7h,1.0,阅读,12,完成本节内容
Henry_190,私教,Pilar,L001665,2025-11-14,周五,viernes,Friday,18:00,01:00,+7h,1.67,口语,3,课堂参与积极
Henry_190,私教,Pilar,L001666,2025-11-21,周五,viernes,Friday,18:00,01:00,+7h,2.0,阅读,14,课堂参与积极
Henry_190,私教,Pilar,L001667,2025-11-28,周五,viernes,Friday,18:00,01:00,+7h,1.0,语法,14,语法掌握一般
Henry_190,私教,Pilar,L001668,2025年12月5日,周五,viernes,Friday,18:00,01:00,+7h,1.0,复习,11,完成本节内容
Henry190,一对一,Pilar,L001669,2025/12/12,周五,viernes,Friday,18:00,01:00,+7h,1.5,口语,1,
Henry_190（教务）,私教,Pilar,L001670,2025-12-19,周五,viernes,Friday,18:00,01:00,+7h,2.0,口语,3,
Henry_190,一对一,Pilar,L001671,2025/12/26,周五,viernes,Friday,18:00,01:00,+7h,1.0,阅读,5,完成本节内容
Henry_190,1V1,Pilar,L001672,2026/01/02,周五,viernes,Friday,18:00,01:00,+7h,1.5,听力,4,课堂参与积极
Henry190,1V1,Pilar（教务）,L001673,2026-01-09,周五,viernes,Friday,18:00,01:00,+7h,1.67,复习,2,需要加强口语练习
Henry190,一对一,Pilar,L001674,2026/01/16,周五,viernes,Friday,18:00,01:00,+7h,1.0,口语,4,需要加强口语练习
Henry_190,一对一,Pilar,L001675,01/23/2026,周五,viernes,Friday,18:00,01:00,+7h,1.67,口语,9,完成本节内容
Henry190,私教,Pilar,L001676,2026-01-30,周五,viernes,Friday,18:00,00:00,+6h,1.67,阅读,7,语法掌握一般
Henry190,私教,Pilar,L001677,2026-02-06,周五,viernes,Friday,18:00,01:00,+7h,1.67,阅读,5,语法掌握一般
Henry190,1V1,Pilar,L001678,2026/02/13,周五,viernes,Friday,18:00,01:00,+7h,1.67,语法,14,需要加强口语练习
Henry_190,私教,Pilar,L001679,2026年2月20日,周五,viernes,Friday,18:00,01:00,+7h,1.0,语法,5,完成本节内容
Henry_190,1V1,Pilar,L001680,2026/02/27,周五,viernes,Friday,18:00,01:00,+7h,1.0,语法,9,完成本节内容
Henry190,一对一,Pilar,L001681,03/06/2026,周五,viernes,Friday,18:00,01:00,+7h,1.0,听力,8,完成本节内容
Henry190,1V1,Pilar,L001682,2026/03/13,周五,viernes,Friday,18:00,01:00,+7h,1.67,阅读,2,完成本节内容
Henry_190,一对一,Pilar（教务）,L001683,2026年3月20日,周五,viernes,Friday,18:00,01:00,+7h,1.5,复习,11,完成本节内容
Henry_190,1V1,Pilar（教务）,L001684,2026-03-27,周五,viernes,Friday,18:00,01:00,+7h,1.5,复习,12,需要加强口语练习
Henry_190,1V1,Pilar,L001685,2026/04/03,周五,viernes,Friday,18:00,00:00,+6h,1.0,听力,2,完成本节内容
Henry190,1V1,Pilar,L001686,2026/04/10,周五,viernes,Friday,18:00,21:00,+3h,2.0,口语,7,语法掌握一般
Henry_190,私教,Pilar,L001687,2026-04-17,周五,viernes,Friday,18:00,00:00,+6h,1.0,复习,9,完成本节内容
Henry_190,1V1,Pilar,L001688,2026/04/24,周五,viernes,Friday,18:00,00:00,+6h,1.67,语法,6,
Henry_190（教务）,1V1,Pilar,L001689,2026-05-01,周五,viernes,Friday,18:00,00:00,+6h,1.67,语法,2,需要加强口语练习
Henry_190,私教,Pilar,L001690,2026年5月8日,周五,viernes,Friday,18:00,00:00,+6h,1.0,阅读,3,需要加强口语练习
Henry190,一对一,Pilar,L001691,2026/05/15,周五,viernes,Friday,18:00,00:00,+6h,1.67,语法,8,完成本节内容
Henry_190（教务）,私教,Pilar,L001692,05/22/2026,周五,viernes,Friday,18:00,00:00,+6h,1.0,语法,10,需要加强口语练习
Henry190,私教,Pilar,L001693,2026/05/29,周五,viernes,Friday,18:00,00:00,+6h,1.67,阅读,8,完成本节内容
Henry_190（教务）,一对一,Pilar,L001694,2026年6月5日,周五,viernes,Friday,18:00,00:00,+6h,1.67,听力,8,课堂参与积极
Henry190,一对一,Pilar,L001695,2026/06/12,周五,viernes,Friday,18:00,00:00,+6h,1.0,语法,8,需要加强口语练习
Henry_190（教务）,1V1,Pilar,L001696,2026/06/19,周五,viernes,Friday,18:00,00:00,+6h,1.5,语法,9,完成本节内容
Henry_190,一对一,Pilar,L001697,2026-06-26,周五,viernes,Friday,18:00,00:00,+6h,1.67,口语,1,完成本节内容
Henry_190,1V1,Pilar,L001698,2026/07/03,周五,viernes,Friday,18:00,00:00,+6h,1.5,语法,11,完成本节内容
Henry_190,1V1,Pilar,L001699,07/10/2026,周五,viernes,Friday,18:00,00:00,+6h,1.67,阅读,7,需要加强口语练习
Henry_190,一对一,Pilar,L001700,07/17/2026,周五,viernes,Friday,18:00,00:00,+6h,2.0,听力,8,语法掌握一般
Henry_190,一对一,Pilar,L001701,07/24/2026,周五,viernes,Friday,18:00,23:00,+5h,1.0,口语,8,语法掌握一般
Henry_190,一对一,Pilar,L001702,2026-07-31,周五,viernes,Friday,18:00,00:00,+6h,1.0,复习,7,完成本节内容
Henry_190,1V1,Pilar,L001703,2026/08/07,周五,viernes,Friday,18:00,00:00,+6h,1.67,复习,11,完成本节内容
Henry190,1V1,Pilar,L001704,08/14/2026,周五,viernes,Friday,18:00,00:00,+6h,1.0,口语,10,语法掌握一般
Henry_190,1V1,Pilar,L001705,08/21/2026,周五,viernes,Friday,18:00,00:00,+6h,1.0,阅读,13,需要加强口语练习
Henry_190（教务）,私教,Pilar,L001706,2026年8月28日,周五,viernes,Friday,18:00,00:00,+6h,1.0,阅读,5,完成本节内容
Eric_246,1V1,Sandra,L001707,2026/05/10,周日,domingo,Sunday,15:00,07:00,-8h,1.5,听力,11,课堂参与积极
Eric246,一对一,Sandra,L001708,2026/05/17,周日,domingo,Sunday,15:00,07:00,-8h,1.5,语法,12,需要加强口语练习
Eric246,一对一,Sandra,L001709,2026年5月24日,周日,domingo,Sunday,15:00,06:00,-9h,1.0,阅读,6,完成本节内容
Eric_246,一对一,Sandra,L001710,2026-05-31,周日,domingo,Sunday,15:00,06:00,-9h,1.67,口语,11,
Eric_246,私教,Sandra,L001711,2026/06/07,周日,domingo,Sunday,15:00,06:00,-9h,1.0,听力,12,需要加强口语练习
Eric_246,1V1,Sandra,L001712,2026-06-14,周日,domingo,Sunday,15:00,06:00,-9h,2.0,阅读,1,完成本节内容
Eric_246,1V1,Sandra,L001713,2026/06/21,周日,domingo,Sunday,15:00,06:00,-9h,1.0,听力,8,需要加强口语练习
Eric246,一对一,Sandra,L001714,2026年6月28日,周日,domingo,Sunday,15:00,06:00,-9h,1.67,听力,9,需要加强口语练习
Eric_246,私教,Sandra,L001715,2026/07/05,周日,domingo,Sunday,15:00,06:00,-9h,1.0,复习,10,需要加强口语练习
Eric_246,1V1,Sandra（教务）,L001716,2026-07-12,周日,domingo,Sunday,15:00,06:00,-9h,1.67,语法,2,需要加强口语练习
Eric_246,1V1,Sandra,L001717,2026/07/19,周日,domingo,Sunday,15:00,03:00,-12h,1.0,复习,4,语法掌握一般
Eric_246,1V1,Sandra,L001718,07/26/2026,周日,domingo,Sunday,15:00,06:00,-9h,1.67,语法,11,语法掌握一般
Eric_246,私教,Sandra,L001719,2026/08/02,周日,domingo,Sunday,15:00,07:00,-8h,1.5,语法,13,完成本节内容
Eric_246（教务）,私教,Sandra,L001720,2026年8月9日,周日,domingo,Sunday,15:00,06:00,-9h,1.67,听力,8,完成本节内容
Eric_246,1V1,Sandra（教务）,L001721,08/16/2026,周日,domingo,Sunday,15:00,05:00,-10h,1.67,复习,4,课堂参与积极
Eric_246,一对一,Sandra,L001722,2026-08-23,周日,domingo,Sunday,15:00,06:00,-9h,1.0,阅读,7,完成本节内容
Eric_246,一对一,Sandra,L001723,08/30/2026,周日,domingo,Sunday,15:00,06:00,-9h,1.67,阅读,14,完成本节内容
Elva_263,班课,Elena,L001724,2025-05-21,周三,miércoles,Wednesday,08:00,23:00,-9h,1.67,口语,5,完成本节内容
Lucas_252（教务）,小组课,Elena,L001724,05/21/2025,周三,miércoles,Wednesday,08:00,08:00,+0h,1.67,阅读,11,完成本节内容
Eric_046,班课,Elena,L001724,2025-05-21,周三,miércoles,Wednesday,08:00,08:00,+0h,1.67,口语,12,完成本节内容
Lydia_264（教务）,班课,Elena,L001724,2025年5月21日,周三,miércoles,Wednesday,08:00,08:00,+0h,1.67,阅读,7,完成本节内容
Elva_263,班课,Elena,L001725,2025-05-28,周三,miércoles,Wednesday,08:00,23:00,-9h,1.67,语法,3,课堂参与积极
Lucas_252,小组课,Elena,L001725,2025-05-28,周三,miércoles,Wednesday,08:00,08:00,+0h,1.67,口语,4,课堂参与积极
Eric_046,班课,Elena（教务）,L001725,2025/05/28,周三,miércoles,Wednesday,08:00,08:00,+0h,1.67,复习,10,课堂参与积极
Lydia264,班课,Elena,L001725,2025/05/28,周三,miércoles,Wednesday,08:00,08:00,+0h,1.67,语法,5,课堂参与积极
Elva_263,小组课,Elena,L001726,2025-06-04,周三,miércoles,Wednesday,08:00,00:00,-8h,2.0,复习,8,完成本节内容
Lucas252,小组课,Elena,L001726,2025年6月4日,周三,miércoles,Wednesday,08:00,08:00,+0h,2.0,语法,13,完成本节内容
Eric_046,班课,Elena,L001726,06/04/2025,周三,miércoles,Wednesday,08:00,08:00,+0h,2.0,复习,2,完成本节内容
Lydia_264,班课,Elena,L001726,2025/06/04,周三,miércoles,Wednesday,08:00,08:00,+0h,2.0,口语,1,完成本节内容
Elva_263,班课,Elena（教务）,L001727,2025-06-11,周三,miércoles,Wednesday,08:00,22:00,-10h,1.0,口语,8,完成本节内容
Lucas_252,小组课,Elena,L001727,2025-06-11,周三,miércoles,Wednesday,08:00,08:00,+0h,1.0,阅读,1,完成本节内容
Eric_046,小组课,Elena,L001727,06/11/2025,周三,miércoles,Wednesday,08:00,08:00,+0h,1.0,阅读,5,完成本节内容
Lydia264,小组课,Elena,L001727,2025/06/11,周三,miércoles,Wednesday,08:00,08:00,+0h,1.0,语法,8,完成本节内容
Elva263,班课,Elena,L001728,2025年6月18日,周三,miércoles,Wednesday,08:00,23:00,-9h,1.67,听力,2,语法掌握一般
Lucas_252,小组课,Elena（教务）,L001728,06/18/2025,周三,miércoles,Wednesday,08:00,07:00,-1h,1.67,阅读,6,语法掌握一般
Eric_046,小组课,Elena,L001728,2025/06/18,周三,miércoles,Wednesday,08:00,08:00,+0h,1.67,听力,7,语法掌握一般
Lydia_264,小组课,Elena,L001728,2025/06/18,周三,miércoles,Wednesday,08:00,08:00,+0h,1.67,口语,13,语法掌握一般
Elva_263,班课,Elena,L001729,2025年6月25日,周三,miércoles,Wednesday,08:00,23:00,-9h,1.67,语法,9,完成本节内容
Lucas_252（教务）,班课,Elena,L001729,2025-06-25,周三,miércoles,Wednesday,08:00,08:00,+0h,1.67,阅读,8,完成本节内容
Eric_046,班课,Elena,L001729,2025-06-25,周三,miércoles,Wednesday,08:00,08:00,+0h,1.67,听力,3,完成本节内容
Lydia_264,班课,Elena,L001729,2025-06-25,周三,miércoles,Wednesday,08:00,08:00,+0h,1.67,阅读,12,完成本节内容
Elva_263（教务）,小组课,Elena,L001730,2025-07-02,周三,miércoles,Wednesday,08:00,23:00,-9h,1.0,口语,8,需要加强口语练习
Lucas_252,小组课,Elena（教务）,L001730,2025/07/02,周三,miércoles,Wednesday,08:00,08:00,+0h,1.0,口语,13,需要加强口语练习
Eric_046（教务）,小组课,Elena,L001730,2025/07/02,周三,miércoles,Wednesday,08:00,07:00,-1h,1.0,口语,8,需要加强口语练习
Lydia_264,班课,Elena,L001730,2025-07-02,周三,miércoles,Wednesday,08:00,08:00,+0h,1.0,阅读,12,需要加强口语练习
Elva_263,班课,Elena,L001731,2025-07-09,周三,miércoles,Wednesday,08:00,23:00,-9h,1.0,阅读,2,完成本节内容
Lucas252,小组课,Elena,L001731,07/09/2025,周三,miércoles,Wednesday,08:00,08:00,+0h,1.0,语法,9,完成本节内容
Eric_046,班课,Elena,L001731,07/09/2025,周三,miércoles,Wednesday,08:00,08:00,+0h,1.0,阅读,2,完成本节内容
Lydia_264,小组课,Elena,L001731,2025-07-09,周三,miércoles,Wednesday,08:00,08:00,+0h,1.0,复习,5,完成本节内容
Elva_263,班课,Elena,L001732,2025-07-16,周三,miércoles,Wednesday,08:00,22:00,-10h,1.0,语法,5,语法掌握一般
Lucas_252,小组课,Elena,L001732,2025/07/16,周三,miércoles,Wednesday,08:00,07:00,-1h,1.0,口语,13,语法掌握一般
Eric_046,小组课,Elena,L001732,2025年7月16日,周三,miércoles,Wednesday,08:00,08:00,+0h,1.0,复习,14,语法掌握一般
Lydia_264,班课,Elena,L001732,2025/07/16,周三,miércoles,Wednesday,08:00,06:00,-2h,1.0,听力,9,语法掌握一般
Elva263,小组课,Elena（教务）,L001733,2025-07-23,周三,miércoles,Wednesday,08:00,23:00,-9h,1.0,复习,4,课堂参与积极
Lucas_252（教务）,小组课,Elena（教务）,L001733,2025-07-23,周三,miércoles,Wednesday,08:00,08:00,+0h,1.0,语法,2,课堂参与积极
Eric_046,班课,Elena,L001733,2025/07/23,周三,miércoles,Wednesday,08:00,08:00,+0h,1.0,复习,10,课堂参与积极
Lydia_264,小组课,Elena（教务）,L001733,2025年7月23日,周三,miércoles,Wednesday,08:00,08:00,+0h,1.0,阅读,13,课堂参与积极
Elva_263,小组课,Elena,L001734,2025/07/30,周三,miércoles,Wednesday,08:00,23:00,-9h,1.67,语法,10,课堂参与积极
Lucas_252,班课,Elena,L001734,2025/07/30,周三,miércoles,Wednesday,08:00,08:00,+0h,1.67,语法,9,课堂参与积极
Eric046,小组课,Elena,L001734,2025-07-30,周三,miércoles,Wednesday,08:00,05:00,-3h,1.67,听力,2,课堂参与积极
Lydia_264（教务）,班课,Elena,L001734,2025/07/30,周三,miércoles,Wednesday,08:00,08:00,+0h,1.67,听力,4,课堂参与积极
Elva263,小组课,Elena,L001735,2025-08-06,周三,miércoles,Wednesday,08:00,23:00,-9h,1.67,复习,7,语法掌握一般
Lucas252,班课,Elena,L001735,2025/08/06,周三,miércoles,Wednesday,08:00,08:00,+0h,1.67,口语,8,语法掌握一般
Eric046,小组课,Elena,L001735,2025-08-06,周三,miércoles,Wednesday,08:00,08:00,+0h,1.67,语法,1,语法掌握一般
Lydia_264,班课,Elena,L001735,08/06/2025,周三,miércoles,Wednesday,08:00,08:00,+0h,1.67,语法,8,语法掌握一般
Elva_263,小组课,Elena,L001736,08/13/2025,周三,miércoles,Wednesday,08:00,23:00,-9h,1.67,口语,1,需要加强口语练习
Lucas_252,小组课,Elena,L001736,2025/08/13,周三,miércoles,Wednesday,08:00,08:00,+0h,1.67,阅读,5,需要加强口语练习
Eric_046,班课,Elena,L001736,2025-08-13,周三,miércoles,Wednesday,08:00,09:00,+1h,1.67,听力,14,需要加强口语练习
Lydia_264,班课,Elena,L001736,2025-08-13,周三,miércoles,Wednesday,08:00,08:00,+0h,1.67,语法,4,需要加强口语练习
Elva_263,小组课,Elena,L001737,2025年8月20日,周三,miércoles,Wednesday,08:00,23:00,-9h,1.67,复习,11,课堂参与积极
Lucas_252,班课,Elena,L001737,2025/08/20,周三,miércoles,Wednesday,08:00,08:00,+0h,1.67,口语,7,课堂参与积极
Eric_046（教务）,小组课,Elena,L001737,2025-08-20,周三,miércoles,Wednesday,08:00,08:00,+0h,1.67,口语,12,课堂参与积极
Lydia264,小组课,Elena,L001737,2025年8月20日,周三,miércoles,Wednesday,08:00,08:00,+0h,1.67,复习,4,课堂参与积极
Elva_263,小组课,Elena,L001738,2025-08-27,周三,miércoles,Wednesday,08:00,23:00,-9h,1.0,口语,12,完成本节内容
Lucas_252,班课,Elena,L001738,08/27/2025,周三,miércoles,Wednesday,08:00,08:00,+0h,1.0,阅读,14,完成本节内容
Eric046,班课,Elena（教务）,L001738,2025-08-27,周三,miércoles,Wednesday,08:00,08:00,+0h,1.0,听力,11,完成本节内容
Lydia_264,小组课,Elena,L001738,08/27/2025,周三,miércoles,Wednesday,08:00,08:00,+0h,1.0,复习,6,完成本节内容
Elva_263,小组课,Elena,L001739,2025-09-03,周三,miércoles,Wednesday,08:00,23:00,-9h,2.0,阅读,10,课堂参与积极
Lucas_252,班课,Elena,L001739,2025-09-03,周三,miércoles,Wednesday,08:00,10:00,+2h,2.0,听力,2,课堂参与积极
Eric_046,小组课,Elena,L001739,2025-09-03,周三,miércoles,Wednesday,08:00,08:00,+0h,2.0,口语,12,课堂参与积极
Lydia_264（教务）,小组课,Elena,L001739,2025-09-03,周三,miércoles,Wednesday,08:00,08:00,+0h,2.0,语法,9,课堂参与积极
Elva_263,小组课,Elena,L001740,2025/09/10,周三,miércoles,Wednesday,08:00,23:00,-9h,2.0,听力,9,
Lucas_252,班课,Elena,L001740,2025/09/10,周三,miércoles,Wednesday,08:00,08:00,+0h,2.0,复习,11,
Eric_046,小组课,Elena,L001740,2025年9月10日,周三,miércoles,Wednesday,08:00,08:00,+0h,2.0,阅读,12,
Lydia_264,小组课,Elena,L001740,09/10/2025,周三,miércoles,Wednesday,08:00,08:00,+0h,2.0,语法,8,
Elva_263（教务）,班课,Elena,L001741,2025/09/17,周三,miércoles,Wednesday,08:00,23:00,-9h,1.67,复习,6,完成本节内容
Lucas_252,班课,Elena,L001741,2025-09-17,周三,miércoles,Wednesday,08:00,07:00,-1h,1.67,语法,14,完成本节内容
Eric_046,班课,Elena,L001741,2025-09-17,周三,miércoles,Wednesday,08:00,08:00,+0h,1.67,复习,3,完成本节内容
Lydia_264,班课,Elena,L001741,2025-09-17,周三,miércoles,Wednesday,08:00,08:00,+0h,1.67,口语,12,完成本节内容
Elva_263,小组课,Elena,L001742,09/24/2025,周三,miércoles,Wednesday,08:00,23:00,-9h,1.0,语法,5,语法掌握一般
Lucas252,小组课,Elena,L001742,2025/09/24,周三,miércoles,Wednesday,08:00,08:00,+0h,1.0,语法,3,语法掌握一般
Eric_046,小组课,Elena,L001742,2025-09-24,周三,miércoles,Wednesday,08:00,08:00,+0h,1.0,口语,6,语法掌握一般
Lydia_264（教务）,班课,Elena,L001742,2025年9月24日,周三,miércoles,Wednesday,08:00,08:00,+0h,1.0,口语,10,语法掌握一般
Elva_263,小组课,Elena,L001743,2025/10/01,周三,miércoles,Wednesday,08:00,23:00,-9h,1.67,口语,11,课堂参与积极
Lucas252,小组课,Elena,L001743,2025/10/01,周三,miércoles,Wednesday,08:00,11:00,+3h,1.67,语法,5,课堂参与积极
Eric_046,小组课,Elena,L001743,2025-10-01,周三,miércoles,Wednesday,08:00,08:00,+0h,1.67,复习,12,课堂参与积极
Lydia_264,小组课,Elena,L001743,2025年10月1日,周三,miércoles,Wednesday,08:00,08:00,+0h,1.67,阅读,14,课堂参与积极
Elva_263,班课,Elena,L001744,2025-10-08,周三,miércoles,Wednesday,08:00,23:00,-9h,1.0,听力,11,课堂参与积极
Lucas252,班课,Elena,L001744,2025-10-08,周三,miércoles,Wednesday,08:00,08:00,+0h,1.0,听力,5,课堂参与积极
Eric046,小组课,Elena,L001744,2025/10/08,周三,miércoles,Wednesday,08:00,08:00,+0h,1.0,语法,11,课堂参与积极
Lydia_264,小组课,Elena,L001744,2025-10-08,周三,miércoles,Wednesday,08:00,08:00,+0h,1.0,听力,10,课堂参与积极
Elva_263,班课,Elena,L001745,2025-10-15,周三,miércoles,Wednesday,08:00,23:00,-9h,2.0,口语,2,需要加强口语练习
Lucas_252,班课,Elena,L001745,2025-10-15,周三,miércoles,Wednesday,08:00,05:00,-3h,2.0,听力,1,需要加强口语练习
Eric046,小组课,Elena,L001745,2025-10-15,周三,miércoles,Wednesday,08:00,08:00,+0h,2.0,语法,8,需要加强口语练习
Lydia264,班课,Elena,L001745,2025/10/15,周三,miércoles,Wednesday,08:00,07:00,-1h,2.0,听力,8,需要加强口语练习
Elva_263,小组课,Elena,L001746,2025-10-22,周三,miércoles,Wednesday,08:00,22:00,-10h,1.0,听力,7,完成本节内容
Lucas_252（教务）,班课,Elena,L001746,10/22/2025,周三,miércoles,Wednesday,08:00,08:00,+0h,1.0,阅读,11,完成本节内容
Eric046,班课,Elena,L001746,2025-10-22,周三,miércoles,Wednesday,08:00,08:00,+0h,1.0,语法,9,完成本节内容
Lydia264,小组课,Elena,L001746,10/22/2025,周三,miércoles,Wednesday,08:00,08:00,+0h,1.0,语法,3,完成本节内容
Elva263,小组课,Elena,L001747,2025-10-29,周三,miércoles,Wednesday,08:00,00:00,-8h,1.0,语法,11,完成本节内容
Lucas_252（教务）,班课,Elena,L001747,2025-10-29,周三,miércoles,Wednesday,08:00,08:00,+0h,1.0,听力,6,完成本节内容
Eric046,小组课,Elena,L001747,2025/10/29,周三,miércoles,Wednesday,08:00,08:00,+0h,1.0,语法,8,完成本节内容
Lydia_264,小组课,Elena,L001747,2025/10/29,周三,miércoles,Wednesday,08:00,08:00,+0h,1.0,听力,6,完成本节内容
Elva_263,小组课,Elena,L001748,2025-11-05,周三,miércoles,Wednesday,08:00,23:00,-9h,1.0,语法,12,需要加强口语练习
Lucas_252,小组课,Elena,L001748,2025-11-05,周三,miércoles,Wednesday,08:00,08:00,+0h,1.0,复习,2,需要加强口语练习
Eric046,班课,Elena,L001748,2025/11/05,周三,miércoles,Wednesday,08:00,08:00,+0h,1.0,听力,3,需要加强口语练习
Lydia_264,班课,Elena,L001748,2025-11-05,周三,miércoles,Wednesday,08:00,08:00,+0h,1.0,口语,10,需要加强口语练习
Elva_263（教务）,班课,Elena,L001749,2025/11/12,周三,miércoles,Wednesday,08:00,23:00,-9h,2.0,阅读,4,完成本节内容
Lucas_252,班课,Elena,L001749,2025/11/12,周三,miércoles,Wednesday,08:00,08:00,+0h,2.0,听力,7,完成本节内容
Eric_046,小组课,Elena,L001749,2025-11-12,周三,miércoles,Wednesday,08:00,08:00,+0h,2.0,听力,2,完成本节内容
Lydia_264,小组课,Elena,L001749,11/12/2025,周三,miércoles,Wednesday,08:00,08:00,+0h,2.0,语法,2,完成本节内容
Elva_263,班课,Elena（教务）,L001750,2025/11/19,周三,miércoles,Wednesday,08:00,22:00,-10h,1.0,语法,12,语法掌握一般
Lucas_252（教务）,小组课,Elena,L001750,11/19/2025,周三,miércoles,Wednesday,08:00,06:00,-2h,1.0,口语,13,语法掌握一般
Eric046,小组课,Elena,L001750,2025-11-19,周三,miércoles,Wednesday,08:00,08:00,+0h,1.0,语法,13,语法掌握一般
Lydia_264,小组课,Elena,L001750,2025-11-19,周三,miércoles,Wednesday,08:00,07:00,-1h,1.0,复习,11,语法掌握一般
Elva_263,班课,Elena,L001751,2025-11-26,周三,miércoles,Wednesday,08:00,23:00,-9h,1.0,口语,12,课堂参与积极
Lucas_252,小组课,Elena,L001751,2025-11-26,周三,miércoles,Wednesday,08:00,08:00,+0h,1.0,口语,9,课堂参与积极
Eric_046（教务）,小组课,Elena,L001751,2025-11-26,周三,miércoles,Wednesday,08:00,08:00,+0h,1.0,口语,10,课堂参与积极
Lydia_264,小组课,Elena,L001751,2025-11-26,周三,miércoles,Wednesday,08:00,08:00,+0h,1.0,口语,2,课堂参与积极
Elva_263,小组课,Elena,L001752,2025年12月3日,周三,miércoles,Wednesday,08:00,23:00,-9h,1.5,阅读,3,需要加强口语练习
Lucas_252,小组课,Elena,L001752,2025/12/03,周三,miércoles,Wednesday,08:00,08:00,+0h,1.5,口语,9,需要加强口语练习
Eric046,班课,Elena,L001752,2025/12/03,周三,miércoles,Wednesday,08:00,08:00,+0h,1.5,口语,5,需要加强口语练习
Lydia264,班课,Elena,L001752,2025年12月3日,周三,miércoles,Wednesday,08:00,08:00,+0h,1.5,复习,13,需要加强口语练习
Elva_263,小组课,Elena,L001753,2025-12-10,周三,miércoles,Wednesday,08:00,00:00,-8h,1.0,阅读,6,
Lucas_252,小组课,Elena,L001753,2025-12-10,周三,miércoles,Wednesday,08:00,05:00,-3h,1.0,口语,8,
Eric_046,小组课,Elena,L001753,2025-12-10,周三,miércoles,Wednesday,08:00,10:00,+2h,1.0,口语,8,
Lydia264,小组课,Elena,L001753,2025-12-10,周三,miércoles,Wednesday,08:00,08:00,+0h,1.0,语法,10,
Elva_263,小组课,Elena,L001754,12/17/2025,周三,miércoles,Wednesday,08:00,23:00,-9h,1.0,语法,9,课堂参与积极
Lucas_252,班课,Elena,L001754,2025-12-17,周三,miércoles,Wednesday,08:00,08:00,+0h,1.0,听力,7,课堂参与积极
Eric046,小组课,Elena,L001754,2025年12月17日,周三,miércoles,Wednesday,08:00,08:00,+0h,1.0,语法,3,课堂参与积极
Lydia_264,班课,Elena,L001754,2025-12-17,周三,miércoles,Wednesday,08:00,08:00,+0h,1.0,语法,11,课堂参与积极
Elva_263,班课,Elena,L001755,2025/12/24,周三,miércoles,Wednesday,08:00,23:00,-9h,2.0,口语,7,完成本节内容
Lucas_252,班课,Elena（教务）,L001755,2025-12-24,周三,miércoles,Wednesday,08:00,08:00,+0h,2.0,口语,2,完成本节内容
Eric_046,班课,Elena,L001755,2025/12/24,周三,miércoles,Wednesday,08:00,08:00,+0h,2.0,口语,5,完成本节内容
Lydia_264,小组课,Elena,L001755,2025/12/24,周三,miércoles,Wednesday,08:00,08:00,+0h,2.0,语法,7,完成本节内容
Elva_263,小组课,Elena,L001756,12/31/2025,周三,miércoles,Wednesday,08:00,23:00,-9h,1.0,听力,6,课堂参与积极
Lucas_252,小组课,Elena,L001756,2025-12-31,周三,miércoles,Wednesday,08:00,08:00,+0h,1.0,阅读,5,课堂参与积极
Eric_046,小组课,Elena,L001756,2025/12/31,周三,miércoles,Wednesday,08:00,08:00,+0h,1.0,阅读,9,课堂参与积极
Lydia_264,班课,Elena,L001756,2025-12-31,周三,miércoles,Wednesday,08:00,08:00,+0h,1.0,语法,11,课堂参与积极
Elva_263,班课,Elena,L001757,2026-01-07,周三,miércoles,Wednesday,08:00,23:00,-9h,1.67,口语,4,完成本节内容
Lucas_252,班课,Elena,L001757,2026-01-07,周三,miércoles,Wednesday,08:00,08:00,+0h,1.67,语法,12,完成本节内容
Eric_046,班课,Elena,L001757,2026-01-07,周三,miércoles,Wednesday,08:00,09:00,+1h,1.67,阅读,5,完成本节内容
Lydia_264,小组课,Elena,L001757,2026年1月7日,周三,miércoles,Wednesday,08:00,08:00,+0h,1.67,阅读,12,完成本节内容
Elva_263,班课,Elena,L001758,2026-01-14,周三,miércoles,Wednesday,08:00,23:00,-9h,1.0,语法,13,完成本节内容
Lucas_252,班课,Elena,L001758,2026/01/14,周三,miércoles,Wednesday,08:00,08:00,+0h,1.0,阅读,4,完成本节内容
Eric_046,班课,Elena,L001758,2026-01-14,周三,miércoles,Wednesday,08:00,08:00,+0h,1.0,口语,14,完成本节内容
Lydia_264,小组课,Elena,L001758,2026年1月14日,周三,miércoles,Wednesday,08:00,08:00,+0h,1.0,复习,8,完成本节内容
Elva_263,班课,Elena,L001759,2026-01-21,周三,miércoles,Wednesday,08:00,20:00,-12h,1.0,复习,6,完成本节内容
Lucas_252,小组课,Elena,L001759,2026-01-21,周三,miércoles,Wednesday,08:00,08:00,+0h,1.0,听力,3,完成本节内容
Eric_046,小组课,Elena,L001759,2026/01/21,周三,miércoles,Wednesday,08:00,09:00,+1h,1.0,语法,4,完成本节内容
Lydia264,小组课,Elena,L001759,01/21/2026,周三,miércoles,Wednesday,08:00,08:00,+0h,1.0,口语,7,完成本节内容
Elva263,小组课,Elena,L001760,2026/01/28,周三,miércoles,Wednesday,08:00,23:00,-9h,1.67,阅读,10,语法掌握一般
Lucas252,班课,Elena,L001760,01/28/2026,周三,miércoles,Wednesday,08:00,08:00,+0h,1.67,口语,4,语法掌握一般
Eric_046,小组课,Elena,L001760,2026-01-28,周三,miércoles,Wednesday,08:00,08:00,+0h,1.67,阅读,13,语法掌握一般
Lydia_264,班课,Elena,L001760,2026-01-28,周三,miércoles,Wednesday,08:00,08:00,+0h,1.67,听力,1,语法掌握一般
Elva_263,小组课,Elena,L001761,2026/02/04,周三,miércoles,Wednesday,08:00,23:00,-9h,1.67,语法,6,完成本节内容
Lucas252,小组课,Elena,L001761,2026/02/04,周三,miércoles,Wednesday,08:00,09:00,+1h,1.67,阅读,10,完成本节内容
Eric_046,小组课,Elena,L001761,2026-02-04,周三,miércoles,Wednesday,08:00,08:00,+0h,1.67,阅读,10,完成本节内容
Lydia_264,班课,Elena,L001761,2026-02-04,周三,miércoles,Wednesday,08:00,08:00,+0h,1.67,语法,11,完成本节内容
Elva_263,班课,Elena,L001762,2026-02-11,周三,miércoles,Wednesday,08:00,23:00,-9h,2.0,复习,12,完成本节内容
Lucas_252（教务）,小组课,Elena,L001762,02/11/2026,周三,miércoles,Wednesday,08:00,08:00,+0h,2.0,口语,12,完成本节内容
Eric_046,班课,Elena,L001762,02/11/2026,周三,miércoles,Wednesday,08:00,07:00,-1h,2.0,语法,2,完成本节内容
Lydia264,小组课,Elena,L001762,2026年2月11日,周三,miércoles,Wednesday,08:00,08:00,+0h,2.0,听力,7,完成本节内容
Elva_263（教务）,班课,Elena,L001763,2026/02/18,周三,miércoles,Wednesday,08:00,23:00,-9h,1.5,语法,1,完成本节内容
Lucas_252,小组课,Elena,L001763,2026-02-18,周三,miércoles,Wednesday,08:00,08:00,+0h,1.5,复习,7,完成本节内容
Eric_046,小组课,Elena,L001763,2026年2月18日,周三,miércoles,Wednesday,08:00,07:00,-1h,1.5,阅读,1,完成本节内容
Lydia264,小组课,Elena,L001763,2026年2月18日,周三,miércoles,Wednesday,08:00,08:00,+0h,1.5,阅读,14,完成本节内容
Elva_263,小组课,Elena,L001764,2026/02/25,周三,miércoles,Wednesday,08:00,23:00,-9h,1.0,口语,8,完成本节内容
Lucas_252,小组课,Elena,L001764,2026/02/25,周三,miércoles,Wednesday,08:00,08:00,+0h,1.0,阅读,4,完成本节内容
Eric_046（教务）,小组课,Elena,L001764,2026-02-25,周三,miércoles,Wednesday,08:00,11:00,+3h,1.0,语法,3,完成本节内容
Lydia_264,班课,Elena,L001764,2026-02-25,周三,miércoles,Wednesday,08:00,08:00,+0h,1.0,阅读,13,完成本节内容
Elva_263（教务）,小组课,Elena,L001765,2026-03-04,周三,miércoles,Wednesday,08:00,23:00,-9h,1.0,语法,5,完成本节内容
Lucas_252,班课,Elena（教务）,L001765,2026年3月4日,周三,miércoles,Wednesday,08:00,08:00,+0h,1.0,口语,8,完成本节内容
Eric046,小组课,Elena,L001765,2026-03-04,周三,miércoles,Wednesday,08:00,08:00,+0h,1.0,阅读,9,完成本节内容
Lydia_264（教务）,班课,Elena,L001765,03/04/2026,周三,miércoles,Wednesday,08:00,08:00,+0h,1.0,口语,9,完成本节内容
Elva_263,班课,Elena,L001766,2026年3月11日,周三,miércoles,Wednesday,08:00,00:00,-8h,1.5,听力,9,需要加强口语练习
Lucas_252,班课,Elena,L001766,03/11/2026,周三,miércoles,Wednesday,08:00,08:00,+0h,1.5,听力,10,需要加强口语练习
Eric046,班课,Elena,L001766,2026/03/11,周三,miércoles,Wednesday,08:00,08:00,+0h,1.5,复习,8,需要加强口语练习
Lydia_264（教务）,班课,Elena,L001766,2026/03/11,周三,miércoles,Wednesday,08:00,07:00,-1h,1.5,听力,2,需要加强口语练习
Elva_263（教务）,小组课,Elena,L001767,2026-03-18,周三,miércoles,Wednesday,08:00,00:00,-8h,1.67,语法,4,完成本节内容
Lucas252,小组课,Elena,L001767,2026年3月18日,周三,miércoles,Wednesday,08:00,08:00,+0h,1.67,阅读,6,完成本节内容
Eric046,小组课,Elena,L001767,2026-03-18,周三,miércoles,Wednesday,08:00,08:00,+0h,1.67,口语,4,完成本节内容
Lydia_264,小组课,Elena,L001767,2026-03-18,周三,miércoles,Wednesday,08:00,08:00,+0h,1.67,口语,8,完成本节内容
Elva_263,班课,Elena,L001768,2026-03-25,周三,miércoles,Wednesday,08:00,00:00,-8h,1.5,语法,10,课堂参与积极
Lucas_252,小组课,Elena,L001768,03/25/2026,周三,miércoles,Wednesday,08:00,08:00,+0h,1.5,复习,5,课堂参与积极
Eric046,班课,Elena,L001768,2026年3月25日,周三,miércoles,Wednesday,08:00,08:00,+0h,1.5,语法,13,课堂参与积极
Lydia264,小组课,Elena,L001768,2026-03-25,周三,miércoles,Wednesday,08:00,08:00,+0h,1.5,口语,2,课堂参与积极
Elva_263,班课,Elena,L001769,2026年4月1日,周三,miércoles,Wednesday,08:00,23:00,-9h,1.5,听力,11,课堂参与积极
Lucas_252,小组课,Elena,L001769,2026-04-01,周三,miércoles,Wednesday,08:00,08:00,+0h,1.5,阅读,9,课堂参与积极
Eric_046,班课,Elena,L001769,2026-04-01,周三,miércoles,Wednesday,08:00,08:00,+0h,1.5,复习,14,课堂参与积极
Lydia_264,小组课,Elena（教务）,L001769,2026/04/01,周三,miércoles,Wednesday,08:00,08:00,+0h,1.5,听力,3,课堂参与积极
Elva_263,小组课,Elena,L001770,2026年4月8日,周三,miércoles,Wednesday,08:00,23:00,-9h,1.0,语法,7,需要加强口语练习
Lucas_252,班课,Elena（教务）,L001770,2026-04-08,周三,miércoles,Wednesday,08:00,08:00,+0h,1.0,听力,4,需要加强口语练习
Eric_046,班课,Elena,L001770,2026-04-08,周三,miércoles,Wednesday,08:00,08:00,+0h,1.0,听力,7,需要加强口语练习
Lydia_264,小组课,Elena,L001770,2026年4月8日,周三,miércoles,Wednesday,08:00,08:00,+0h,1.0,口语,4,需要加强口语练习
Elva_263,小组课,Elena（教务）,L001771,2026年4月15日,周三,miércoles,Wednesday,08:00,23:00,-9h,1.5,听力,10,需要加强口语练习
Lucas_252,小组课,Elena,L001771,2026/04/15,周三,miércoles,Wednesday,08:00,08:00,+0h,1.5,复习,4,需要加强口语练习
Eric_046,小组课,Elena,L001771,2026-04-15,周三,miércoles,Wednesday,08:00,07:00,-1h,1.5,口语,8,需要加强口语练习
Lydia_264,班课,Elena（教务）,L001771,2026年4月15日,周三,miércoles,Wednesday,08:00,08:00,+0h,1.5,口语,3,需要加强口语练习
Elva_263,小组课,Elena,L001772,2026-04-22,周三,miércoles,Wednesday,08:00,23:00,-9h,1.67,口语,12,完成本节内容
Lucas_252,班课,Elena,L001772,2026-04-22,周三,miércoles,Wednesday,08:00,08:00,+0h,1.67,阅读,14,完成本节内容
Eric_046,班课,Elena,L001772,2026年4月22日,周三,miércoles,Wednesday,08:00,08:00,+0h,1.67,听力,1,完成本节内容
Lydia_264,班课,Elena,L001772,2026-04-22,周三,miércoles,Wednesday,08:00,08:00,+0h,1.67,语法,1,完成本节内容
Elva_263,小组课,Elena,L001773,2026/04/29,周三,miércoles,Wednesday,08:00,23:00,-9h,1.0,复习,13,需要加强口语练习
Lucas_252,小组课,Elena（教务）,L001773,2026-04-29,周三,miércoles,Wednesday,08:00,08:00,+0h,1.0,复习,13,需要加强口语练习
Eric046,小组课,Elena,L001773,2026/04/29,周三,miércoles,Wednesday,08:00,08:00,+0h,1.0,阅读,1,需要加强口语练习
Lydia264,小组课,Elena（教务）,L001773,2026/04/29,周三,miércoles,Wednesday,08:00,08:00,+0h,1.0,阅读,1,需要加强口语练习
Elva263,小组课,Elena,L001774,2026-05-06,周三,miércoles,Wednesday,08:00,23:00,-9h,1.67,听力,5,课堂参与积极
Lucas_252,班课,Elena,L001774,2026-05-06,周三,miércoles,Wednesday,08:00,08:00,+0h,1.67,复习,7,课堂参与积极
Eric_046,班课,Elena,L001774,05/06/2026,周三,miércoles,Wednesday,08:00,08:00,+0h,1.67,口语,9,课堂参与积极
Lydia264,班课,Elena,L001774,2026/05/06,周三,miércoles,Wednesday,08:00,08:00,+0h,1.67,听力,4,课堂参与积极
Elva_263,班课,Elena,L001775,05/13/2026,周三,miércoles,Wednesday,08:00,23:00,-9h,1.0,口语,3,需要加强口语练习
Lucas_252,班课,Elena,L001775,2026/05/13,周三,miércoles,Wednesday,08:00,08:00,+0h,1.0,口语,13,需要加强口语练习
Eric_046,班课,Elena,L001775,2026/05/13,周三,miércoles,Wednesday,08:00,08:00,+0h,1.0,语法,6,需要加强口语练习
Lydia_264,班课,Elena,L001775,2026/05/13,周三,miércoles,Wednesday,08:00,08:00,+0h,1.0,听力,14,需要加强口语练习
Elva_263,班课,Elena,L001776,2026/05/20,周三,miércoles,Wednesday,08:00,23:00,-9h,1.5,语法,5,完成本节内容
Lucas252,班课,Elena,L001776,2026年5月20日,周三,miércoles,Wednesday,08:00,08:00,+0h,1.5,复习,7,完成本节内容
Eric_046,小组课,Elena（教务）,L001776,2026/05/20,周三,miércoles,Wednesday,08:00,08:00,+0h,1.5,语法,5,完成本节内容
Lydia_264,班课,Elena,L001776,2026年5月20日,周三,miércoles,Wednesday,08:00,08:00,+0h,1.5,口语,7,完成本节内容
Elva_263,小组课,Elena,L001777,2026-05-27,周三,miércoles,Wednesday,08:00,23:00,-9h,1.0,语法,12,完成本节内容
Lucas252,小组课,Elena,L001777,2026-05-27,周三,miércoles,Wednesday,08:00,08:00,+0h,1.0,听力,7,完成本节内容
Eric_046,班课,Elena（教务）,L001777,2026-05-27,周三,miércoles,Wednesday,08:00,08:00,+0h,1.0,复习,6,完成本节内容
Lydia_264,班课,Elena,L001777,2026/05/27,周三,miércoles,Wednesday,08:00,08:00,+0h,1.0,口语,6,完成本节内容
Elva_263,小组课,Elena,L001778,2026-06-03,周三,miércoles,Wednesday,08:00,23:00,-9h,1.5,复习,1,语法掌握一般
Lucas_252,小组课,Elena,L001778,2026/06/03,周三,miércoles,Wednesday,08:00,08:00,+0h,1.5,口语,10,语法掌握一般
Eric_046,班课,Elena,L001778,2026-06-03,周三,miércoles,Wednesday,08:00,08:00,+0h,1.5,语法,5,语法掌握一般
Lydia_264,班课,Elena,L001778,2026-06-03,周三,miércoles,Wednesday,08:00,08:00,+0h,1.5,阅读,14,语法掌握一般
Elva_263,班课,Elena,L001779,2026/06/10,周三,miércoles,Wednesday,08:00,23:00,-9h,1.67,复习,11,课堂参与积极
Lucas_252,小组课,Elena,L001779,2026/06/10,周三,miércoles,Wednesday,08:00,08:00,+0h,1.67,口语,13,课堂参与积极
Eric046,小组课,Elena（教务）,L001779,2026/06/10,周三,miércoles,Wednesday,08:00,08:00,+0h,1.67,语法,6,课堂参与积极
Lydia_264,小组课,Elena,L001779,2026-06-10,周三,miércoles,Wednesday,08:00,08:00,+0h,1.67,听力,13,课堂参与积极
Elva_263,班课,Elena,L001780,2026-06-17,周三,miércoles,Wednesday,08:00,23:00,-9h,1.0,复习,13,
Lucas252,小组课,Elena,L001780,2026/06/17,周三,miércoles,Wednesday,08:00,08:00,+0h,1.0,语法,1,
Eric_046,班课,Elena,L001780,06/17/2026,周三,miércoles,Wednesday,08:00,08:00,+0h,1.0,听力,7,
Lydia_264,小组课,Elena,L001780,2026年6月17日,周三,miércoles,Wednesday,08:00,07:00,-1h,1.0,复习,2,
Elva_263（教务）,班课,Elena,L001781,2026-06-24,周三,miércoles,Wednesday,08:00,00:00,-8h,1.67,语法,1,完成本节内容
Lucas_252,小组课,Elena,L001781,2026-06-24,周三,miércoles,Wednesday,08:00,08:00,+0h,1.67,复习,3,完成本节内容
Eric046,小组课,Elena,L001781,2026-06-24,周三,miércoles,Wednesday,08:00,08:00,+0h,1.67,口语,6,完成本节内容
Lydia264,班课,Elena,L001781,2026/06/24,周三,miércoles,Wednesday,08:00,08:00,+0h,1.67,复习,14,完成本节内容
Elva_263,班课,Elena,L001782,2026/07/01,周三,miércoles,Wednesday,08:00,23:00,-9h,2.0,复习,4,需要加强口语练习
Lucas_252,班课,Elena,L001782,2026-07-01,周三,miércoles,Wednesday,08:00,08:00,+0h,2.0,语法,7,需要加强口语练习
Eric_046,班课,Elena,L001782,2026/07/01,周三,miércoles,Wednesday,08:00,08:00,+0h,2.0,语法,6,需要加强口语练习
Lydia264,小组课,Elena,L001782,2026/07/01,周三,miércoles,Wednesday,08:00,08:00,+0h,2.0,阅读,4,需要加强口语练习
Elva_263,小组课,Elena,L001783,2026-07-08,周三,miércoles,Wednesday,08:00,23:00,-9h,1.67,口语,11,需要加强口语练习
Lucas_252,小组课,Elena,L001783,2026/07/08,周三,miércoles,Wednesday,08:00,08:00,+0h,1.67,阅读,7,需要加强口语练习
Eric_046,班课,Elena,L001783,2026-07-08,周三,miércoles,Wednesday,08:00,08:00,+0h,1.67,复习,10,需要加强口语练习
Lydia_264（教务）,班课,Elena,L001783,07/08/2026,周三,miércoles,Wednesday,08:00,08:00,+0h,1.67,听力,3,需要加强口语练习
Elva_263,小组课,Elena,L001784,2026/07/15,周三,miércoles,Wednesday,08:00,23:00,-9h,1.0,语法,12,语法掌握一般
Lucas_252,班课,Elena,L001784,07/15/2026,周三,miércoles,Wednesday,08:00,08:00,+0h,1.0,语法,3,语法掌握一般
Eric046,班课,Elena,L001784,2026-07-15,周三,miércoles,Wednesday,08:00,08:00,+0h,1.0,复习,3,语法掌握一般
Lydia_264,小组课,Elena,L001784,07/15/2026,周三,miércoles,Wednesday,08:00,08:00,+0h,1.0,复习,6,语法掌握一般
Elva263,小组课,Elena,L001785,2026-07-22,周三,miércoles,Wednesday,08:00,23:00,-9h,1.0,口语,7,完成本节内容
Lucas_252（教务）,小组课,Elena,L001785,2026年7月22日,周三,miércoles,Wednesday,08:00,08:00,+0h,1.0,语法,8,完成本节内容
Eric_046（教务）,班课,Elena,L001785,07/22/2026,周三,miércoles,Wednesday,08:00,09:00,+1h,1.0,语法,7,完成本节内容
Lydia_264,班课,Elena,L001785,2026-07-22,周三,miércoles,Wednesday,08:00,08:00,+0h,1.0,复习,8,完成本节内容
Elva_263,班课,Elena,L001786,2026/07/29,周三,miércoles,Wednesday,08:00,23:00,-9h,1.67,口语,5,需要加强口语练习
Lucas_252,小组课,Elena,L001786,2026年7月29日,周三,miércoles,Wednesday,08:00,08:00,+0h,1.67,口语,12,需要加强口语练习
Eric_046（教务）,班课,Elena,L001786,2026/07/29,周三,miércoles,Wednesday,08:00,08:00,+0h,1.67,语法,11,需要加强口语练习
Lydia_264,小组课,Elena,L001786,2026-07-29,周三,miércoles,Wednesday,08:00,08:00,+0h,1.67,语法,13,需要加强口语练习
Elva_263,班课,Elena,L001787,2026/08/05,周三,miércoles,Wednesday,08:00,23:00,-9h,1.0,口语,12,完成本节内容
Lucas252,小组课,Elena,L001787,2026年8月5日,周三,miércoles,Wednesday,08:00,08:00,+0h,1.0,听力,4,完成本节内容
Eric_046,班课,Elena,L001787,2026-08-05,周三,miércoles,Wednesday,08:00,08:00,+0h,1.0,口语,1,完成本节内容
Lydia_264,小组课,Elena,L001787,08/05/2026,周三,miércoles,Wednesday,08:00,08:00,+0h,1.0,听力,8,完成本节内容
Elva_263,班课,Elena,L001788,2026-08-12,周三,miércoles,Wednesday,08:00,23:00,-9h,1.67,口语,7,完成本节内容
Lucas_252（教务）,班课,Elena,L001788,2026/08/12,周三,miércoles,Wednesday,08:00,11:00,+3h,1.67,复习,14,完成本节内容
Eric_046,小组课,Elena,L001788,08/12/2026,周三,miércoles,Wednesday,08:00,08:00,+0h,1.67,阅读,7,完成本节内容
Lydia_264,小组课,Elena,L001788,2026-08-12,周三,miércoles,Wednesday,08:00,05:00,-3h,1.67,复习,2,完成本节内容
Elva_263,班课,Elena,L001789,2026/08/19,周三,miércoles,Wednesday,08:00,22:00,-10h,1.5,阅读,1,需要加强口语练习
Lucas_252,小组课,Elena,L001789,2026/08/19,周三,miércoles,Wednesday,08:00,08:00,+0h,1.5,语法,3,需要加强口语练习
Eric_046（教务）,小组课,Elena,L001789,2026年8月19日,周三,miércoles,Wednesday,08:00,08:00,+0h,1.5,复习,11,需要加强口语练习
Lydia_264,班课,Elena,L001789,2026/08/19,周三,miércoles,Wednesday,08:00,11:00,+3h,1.5,阅读,6,需要加强口语练习
Elva_263,班课,Elena（教务）,L001790,2026-08-26,周三,miércoles,Wednesday,08:00,23:00,-9h,1.0,听力,3,完成本节内容
Lucas_252,小组课,Elena,L001790,08/26/2026,周三,miércoles,Wednesday,08:00,07:00,-1h,1.0,语法,12,完成本节内容
Eric046,班课,Elena,L001790,08/26/2026,周三,miércoles,Wednesday,08:00,08:00,+0h,1.0,听力,5,完成本节内容
Lydia_264,班课,Elena,L001790,2026/08/26,周三,miércoles,Wednesday,08:00,07:00,-1h,1.0,语法,5,完成本节内容
Mia375,班课,Anna,L001791,2025-04-24,周四,jueves,Thursday,15:00,09:00,-6h,1.0,阅读,9,完成本节内容
Ryan_282,班课,Anna,L001791,2025/04/24,周四,jueves,Thursday,15:00,21:00,+6h,1.0,语法,12,完成本节内容
Liam_291,班课,Anna（教务）,L001791,2025-04-24,周四,jueves,Thursday,15:00,21:00,+6h,1.0,口语,4,完成本节内容
Patrick_007,班课,Anna,L001791,2025/04/24,周四,jueves,Thursday,15:00,15:00,+0h,1.0,口语,5,完成本节内容
Sofia_455,小组课,Anna,L001791,2025-04-24,周四,jueves,Thursday,15:00,21:00,+6h,1.0,听力,5,完成本节内容
Mason_188,班课,Anna,L001791,2025/04/24,周四,jueves,Thursday,15:00,12:00,-3h,1.0,阅读,4,完成本节内容
Mia_375,班课,Anna,L001792,2025-05-01,周四,jueves,Thursday,15:00,09:00,-6h,1.5,口语,11,语法掌握一般
Ryan_282,班课,Anna,L001792,2025年5月1日,周四,jueves,Thursday,15:00,21:00,+6h,1.5,语法,10,语法掌握一般
Liam_291（教务）,小组课,Anna,L001792,2025-05-01,周四,jueves,Thursday,15:00,21:00,+6h,1.5,语法,6,语法掌握一般
Patrick_007,班课,Anna,L001792,2025/05/01,周四,jueves,Thursday,15:00,16:00,+1h,1.5,复习,8,语法掌握一般
Sofia_455,班课,Anna,L001792,2025/05/01,周四,jueves,Thursday,15:00,21:00,+6h,1.5,复习,1,语法掌握一般
Mason_188,小组课,Anna,L001792,05/01/2025,周四,jueves,Thursday,15:00,09:00,-6h,1.5,阅读,14,语法掌握一般
Mia375,小组课,Anna,L001793,05/08/2025,周四,jueves,Thursday,15:00,09:00,-6h,1.67,语法,9,需要加强口语练习
Ryan_282,小组课,Anna,L001793,05/08/2025,周四,jueves,Thursday,15:00,19:00,+4h,1.67,口语,10,需要加强口语练习
Liam_291,小组课,Anna,L001793,2025/05/08,周四,jueves,Thursday,15:00,21:00,+6h,1.67,阅读,3,需要加强口语练习
Patrick_007,小组课,Anna,L001793,2025年5月8日,周四,jueves,Thursday,15:00,15:00,+0h,1.67,语法,6,需要加强口语练习
Sofia_455（教务）,班课,Anna,L001793,2025-05-08,周四,jueves,Thursday,15:00,21:00,+6h,1.67,语法,2,需要加强口语练习
Mason_188（教务）,班课,Anna,L001793,05/08/2025,周四,jueves,Thursday,15:00,10:00,-5h,1.67,复习,6,需要加强口语练习
Mia375,班课,Anna,L001794,2025-05-15,周四,jueves,Thursday,15:00,09:00,-6h,1.67,阅读,1,完成本节内容
Ryan_282,小组课,Anna（教务）,L001794,2025-05-15,周四,jueves,Thursday,15:00,21:00,+6h,1.67,语法,12,完成本节内容
Liam_291（教务）,班课,Anna,L001794,2025-05-15,周四,jueves,Thursday,15:00,21:00,+6h,1.67,阅读,8,完成本节内容
Patrick_007,小组课,Anna（教务）,L001794,2025-05-15,周四,jueves,Thursday,15:00,15:00,+0h,1.67,听力,3,完成本节内容
Sofia_455,小组课,Anna,L001794,05/15/2025,周四,jueves,Thursday,15:00,21:00,+6h,1.67,复习,10,完成本节内容
Mason188,小组课,Anna,L001794,2025-05-15,周四,jueves,Thursday,15:00,09:00,-6h,1.67,听力,3,完成本节内容
Mia_375,班课,Anna,L001795,2025-05-22,周四,jueves,Thursday,15:00,09:00,-6h,1.0,口语,11,课堂参与积极
Ryan_282,小组课,Anna,L001795,2025-05-22,周四,jueves,Thursday,15:00,21:00,+6h,1.0,复习,7,课堂参与积极
Liam291,班课,Anna,L001795,2025年5月22日,周四,jueves,Thursday,15:00,21:00,+6h,1.0,语法,10,课堂参与积极
Patrick_007,班课,Anna,L001795,2025-05-22,周四,jueves,Thursday,15:00,18:00,+3h,1.0,阅读,10,课堂参与积极
Sofia_455,小组课,Anna,L001795,2025-05-22,周四,jueves,Thursday,15:00,20:00,+5h,1.0,复习,10,课堂参与积极
Mason188,班课,Anna,L001795,2025年5月22日,周四,jueves,Thursday,15:00,09:00,-6h,1.0,口语,12,课堂参与积极
Mia_375（教务）,小组课,Anna,L001796,05/29/2025,周四,jueves,Thursday,15:00,09:00,-6h,1.0,语法,2,课堂参与积极
Ryan282,小组课,Anna,L001796,2025-05-29,周四,jueves,Thursday,15:00,21:00,+6h,1.0,口语,4,课堂参与积极
Liam_291（教务）,小组课,Anna,L001796,2025年5月29日,周四,jueves,Thursday,15:00,21:00,+6h,1.0,阅读,2,课堂参与积极
Patrick_007,小组课,Anna,L001796,2025-05-29,周四,jueves,Thursday,15:00,15:00,+0h,1.0,语法,4,课堂参与积极
Sofia455,班课,Anna,L001796,2025-05-29,周四,jueves,Thursday,15:00,20:00,+5h,1.0,口语,7,课堂参与积极
Mason_188,小组课,Anna,L001796,2025/05/29,周四,jueves,Thursday,15:00,09:00,-6h,1.0,口语,6,课堂参与积极
Mia375,小组课,Anna,L001797,2025-06-05,周四,jueves,Thursday,15:00,09:00,-6h,1.5,听力,5,需要加强口语练习
Ryan_282,班课,Anna,L001797,06/05/2025,周四,jueves,Thursday,15:00,21:00,+6h,1.5,听力,8,需要加强口语练习
Liam_291,班课,Anna,L001797,06/05/2025,周四,jueves,Thursday,15:00,21:00,+6h,1.5,口语,4,需要加强口语练习
Patrick_007,班课,Anna,L001797,2025年6月5日,周四,jueves,Thursday,15:00,15:00,+0h,1.5,听力,13,需要加强口语练习
Sofia_455,班课,Anna,L001797,2025年6月5日,周四,jueves,Thursday,15:00,21:00,+6h,1.5,阅读,6,需要加强口语练习
Mason188,小组课,Anna（教务）,L001797,2025/06/05,周四,jueves,Thursday,15:00,09:00,-6h,1.5,口语,10,需要加强口语练习
Mia_375,小组课,Anna,L001798,2025/06/12,周四,jueves,Thursday,15:00,09:00,-6h,1.0,口语,5,语法掌握一般
Ryan_282,班课,Anna,L001798,2025-06-12,周四,jueves,Thursday,15:00,21:00,+6h,1.0,语法,12,语法掌握一般
Liam_291,小组课,Anna,L001798,2025/06/12,周四,jueves,Thursday,15:00,21:00,+6h,1.0,语法,9,语法掌握一般
Patrick_007（教务）,班课,Anna,L001798,2025-06-12,周四,jueves,Thursday,15:00,15:00,+0h,1.0,阅读,5,语法掌握一般
Sofia_455,小组课,Anna（教务）,L001798,2025/06/12,周四,jueves,Thursday,15:00,20:00,+5h,1.0,听力,12,语法掌握一般
Mason_188,班课,Anna,L001798,2025-06-12,周四,jueves,Thursday,15:00,10:00,-5h,1.0,阅读,7,语法掌握一般
Mia_375,班课,Anna,L001799,2025/06/19,周四,jueves,Thursday,15:00,09:00,-6h,1.0,复习,11,完成本节内容
Ryan_282,班课,Anna,L001799,2025/06/19,周四,jueves,Thursday,15:00,21:00,+6h,1.0,复习,14,完成本节内容
Liam291,班课,Anna,L001799,2025/06/19,周四,jueves,Thursday,15:00,23:00,+8h,1.0,复习,7,完成本节内容
Patrick_007,班课,Anna,L001799,2025/06/19,周四,jueves,Thursday,15:00,15:00,+0h,1.0,听力,1,完成本节内容
Sofia455,小组课,Anna,L001799,2025-06-19,周四,jueves,Thursday,15:00,21:00,+6h,1.0,听力,7,完成本节内容
Mason_188,班课,Anna,L001799,06/19/2025,周四,jueves,Thursday,15:00,09:00,-6h,1.0,语法,6,完成本节内容
Mia_375,小组课,Anna,L001800,2025/06/26,周四,jueves,Thursday,15:00,09:00,-6h,1.5,口语,2,课堂参与积极
Ryan_282,小组课,Anna,L001800,2025年6月26日,周四,jueves,Thursday,15:00,21:00,+6h,1.5,阅读,5,课堂参与积极
Liam_291,小组课,Anna,L001800,2025/06/26,周四,jueves,Thursday,15:00,21:00,+6h,1.5,语法,4,课堂参与积极
Patrick_007,班课,Anna,L001800,2025年6月26日,周四,jueves,Thursday,15:00,15:00,+0h,1.5,语法,2,课堂参与积极
Sofia_455,班课,Anna（教务）,L001800,2025-06-26,周四,jueves,Thursday,15:00,21:00,+6h,1.5,语法,13,课堂参与积极
Mason_188,班课,Anna,L001800,2025-06-26,周四,jueves,Thursday,15:00,09:00,-6h,1.5,语法,14,课堂参与积极
Mia_375,小组课,Anna,L001801,07/03/2025,周四,jueves,Thursday,15:00,09:00,-6h,1.67,口语,8,需要加强口语练习
Ryan_282,小组课,Anna,L001801,2025年7月3日,周四,jueves,Thursday,15:00,21:00,+6h,1.67,语法,12,需要加强口语练习
Liam_291,小组课,Anna,L001801,07/03/2025,周四,jueves,Thursday,15:00,21:00,+6h,1.67,听力,4,需要加强口语练习
Patrick_007,班课,Anna,L001801,2025-07-03,周四,jueves,Thursday,15:00,16:00,+1h,1.67,复习,6,需要加强口语练习
Sofia_455（教务）,小组课,Anna,L001801,2025/07/03,周四,jueves,Thursday,15:00,18:00,+3h,1.67,阅读,7,需要加强口语练习
Mason_188,班课,Anna,L001801,2025/07/03,周四,jueves,Thursday,15:00,09:00,-6h,1.67,口语,10,需要加强口语练习
Mia_375（教务）,班课,Anna,L001802,2025年7月10日,周四,jueves,Thursday,15:00,09:00,-6h,1.0,听力,12,语法掌握一般
Ryan_282,小组课,Anna,L001802,2025年7月10日,周四,jueves,Thursday,15:00,21:00,+6h,1.0,口语,2,语法掌握一般
Liam_291,小组课,Anna,L001802,2025-07-10,周四,jueves,Thursday,15:00,21:00,+6h,1.0,口语,9,语法掌握一般
Patrick007,班课,Anna,L001802,07/10/2025,周四,jueves,Thursday,15:00,15:00,+0h,1.0,口语,13,语法掌握一般
Sofia455,班课,Anna,L001802,2025/07/10,周四,jueves,Thursday,15:00,21:00,+6h,1.0,复习,11,语法掌握一般
Mason_188,班课,Anna,L001802,2025/07/10,周四,jueves,Thursday,15:00,09:00,-6h,1.0,语法,11,语法掌握一般
Mia_375,小组课,Anna,L001803,2025/07/17,周四,jueves,Thursday,15:00,09:00,-6h,2.0,口语,9,语法掌握一般
Ryan_282,班课,Anna,L001803,2025-07-17,周四,jueves,Thursday,15:00,22:00,+7h,2.0,复习,8,语法掌握一般
Liam_291,小组课,Anna,L001803,2025年7月17日,周四,jueves,Thursday,15:00,21:00,+6h,2.0,语法,13,语法掌握一般
Patrick_007（教务）,小组课,Anna,L001803,2025-07-17,周四,jueves,Thursday,15:00,15:00,+0h,2.0,语法,8,语法掌握一般
Sofia455,小组课,Anna,L001803,2025-07-17,周四,jueves,Thursday,15:00,20:00,+5h,2.0,听力,13,语法掌握一般
Mason_188,小组课,Anna,L001803,2025/07/17,周四,jueves,Thursday,15:00,09:00,-6h,2.0,听力,4,语法掌握一般
Mia_375,小组课,Anna,L001804,2025-07-24,周四,jueves,Thursday,15:00,09:00,-6h,1.0,口语,6,课堂参与积极
Ryan_282,班课,Anna,L001804,07/24/2025,周四,jueves,Thursday,15:00,21:00,+6h,1.0,口语,1,课堂参与积极
Liam_291（教务）,小组课,Anna,L001804,2025-07-24,周四,jueves,Thursday,15:00,21:00,+6h,1.0,口语,6,课堂参与积极
Patrick_007,班课,Anna,L001804,2025/07/24,周四,jueves,Thursday,15:00,15:00,+0h,1.0,口语,1,课堂参与积极
Sofia_455,班课,Anna,L001804,07/24/2025,周四,jueves,Thursday,15:00,21:00,+6h,1.0,复习,14,课堂参与积极
Mason_188（教务）,班课,Anna（教务）,L001804,2025/07/24,周四,jueves,Thursday,15:00,09:00,-6h,1.0,口语,3,课堂参与积极
Mia_375,小组课,Anna,L001805,2025-07-31,周四,jueves,Thursday,15:00,09:00,-6h,1.0,复习,7,完成本节内容
Ryan_282,小组课,Anna,L001805,07/31/2025,周四,jueves,Thursday,15:00,21:00,+6h,1.0,口语,8,完成本节内容
Liam_291,班课,Anna,L001805,2025-07-31,周四,jueves,Thursday,15:00,21:00,+6h,1.0,复习,3,完成本节内容
Patrick007,班课,Anna,L001805,2025-07-31,周四,jueves,Thursday,15:00,15:00,+0h,1.0,语法,10,完成本节内容
Sofia455,班课,Anna,L001805,07/31/2025,周四,jueves,Thursday,15:00,21:00,+6h,1.0,口语,8,完成本节内容
Mason_188,班课,Anna,L001805,2025/07/31,周四,jueves,Thursday,15:00,08:00,-7h,1.0,听力,3,完成本节内容
Mia_375,班课,Anna,L001806,2025/08/07,周四,jueves,Thursday,15:00,09:00,-6h,2.0,语法,6,语法掌握一般
Ryan_282,小组课,Anna,L001806,2025/08/07,周四,jueves,Thursday,15:00,21:00,+6h,2.0,听力,10,语法掌握一般
Liam291,小组课,Anna,L001806,2025-08-07,周四,jueves,Thursday,15:00,21:00,+6h,2.0,听力,3,语法掌握一般
Patrick007,班课,Anna,L001806,2025-08-07,周四,jueves,Thursday,15:00,15:00,+0h,2.0,复习,8,语法掌握一般
Sofia_455,小组课,Anna,L001806,2025-08-07,周四,jueves,Thursday,15:00,21:00,+6h,2.0,听力,3,语法掌握一般
Mason_188,班课,Anna（教务）,L001806,2025/08/07,周四,jueves,Thursday,15:00,09:00,-6h,2.0,语法,1,语法掌握一般
Mia_375,小组课,Anna,L001807,2025年8月14日,周四,jueves,Thursday,15:00,09:00,-6h,1.5,阅读,3,课堂参与积极
Ryan_282,小组课,Anna,L001807,2025-08-14,周四,jueves,Thursday,15:00,00:00,+9h,1.5,阅读,7,课堂参与积极
Liam_291,小组课,Anna,L001807,2025/08/14,周四,jueves,Thursday,15:00,21:00,+6h,1.5,口语,9,课堂参与积极
Patrick_007,小组课,Anna,L001807,2025/08/14,周四,jueves,Thursday,15:00,15:00,+0h,1.5,复习,5,课堂参与积极
Sofia_455,班课,Anna,L001807,2025-08-14,周四,jueves,Thursday,15:00,21:00,+6h,1.5,阅读,14,课堂参与积极
Mason_188,班课,Anna,L001807,2025-08-14,周四,jueves,Thursday,15:00,09:00,-6h,1.5,复习,10,课堂参与积极
Mia_375,小组课,Anna,L001808,2025-08-21,周四,jueves,Thursday,15:00,09:00,-6h,1.0,阅读,10,完成本节内容
Ryan_282,班课,Anna（教务）,L001808,2025-08-21,周四,jueves,Thursday,15:00,21:00,+6h,1.0,阅读,10,完成本节内容
Liam_291,班课,Anna,L001808,08/21/2025,周四,jueves,Thursday,15:00,21:00,+6h,1.0,口语,1,完成本节内容
Patrick_007,班课,Anna（教务）,L001808,2025/08/21,周四,jueves,Thursday,15:00,15:00,+0h,1.0,口语,3,完成本节内容
Sofia_455,小组课,Anna,L001808,2025/08/21,周四,jueves,Thursday,15:00,21:00,+6h,1.0,复习,8,完成本节内容
Mason_188,班课,Anna,L001808,2025年8月21日,周四,jueves,Thursday,15:00,09:00,-6h,1.0,复习,9,完成本节内容
Mia_375,班课,Anna,L001809,08/28/2025,周四,jueves,Thursday,15:00,09:00,-6h,1.0,听力,9,课堂参与积极
Ryan_282,小组课,Anna,L001809,2025-08-28,周四,jueves,Thursday,15:00,21:00,+6h,1.0,口语,8,课堂参与积极
Liam_291（教务）,班课,Anna（教务）,L001809,2025-08-28,周四,jueves,Thursday,15:00,21:00,+6h,1.0,口语,1,课堂参与积极
Patrick_007,班课,Anna,L001809,2025-08-28,周四,jueves,Thursday,15:00,15:00,+0h,1.0,语法,6,课堂参与积极
Sofia_455（教务）,班课,Anna,L001809,2025-08-28,周四,jueves,Thursday,15:00,00:00,+9h,1.0,口语,13,课堂参与积极
Mason_188,班课,Anna,L001809,2025-08-28,周四,jueves,Thursday,15:00,09:00,-6h,1.0,口语,14,课堂参与积极
Mia_375,小组课,Anna,L001810,2025-09-04,周四,jueves,Thursday,15:00,09:00,-6h,1.67,阅读,13,语法掌握一般
Ryan282,小组课,Anna,L001810,2025-09-04,周四,jueves,Thursday,15:00,21:00,+6h,1.67,口语,7,语法掌握一般
Liam291,班课,Anna,L001810,2025/09/04,周四,jueves,Thursday,15:00,21:00,+6h,1.67,口语,5,语法掌握一般
Patrick_007,班课,Anna,L001810,09/04/2025,周四,jueves,Thursday,15:00,15:00,+0h,1.67,语法,9,语法掌握一般
Sofia_455,班课,Anna,L001810,2025-09-04,周四,jueves,Thursday,15:00,21:00,+6h,1.67,语法,10,语法掌握一般
Mason_188,班课,Anna,L001810,09/04/2025,周四,jueves,Thursday,15:00,09:00,-6h,1.67,口语,14,语法掌握一般
Mia_375,小组课,Anna,L001811,2025-09-11,周四,jueves,Thursday,15:00,09:00,-6h,2.0,口语,11,
Ryan_282（教务）,小组课,Anna,L001811,2025/09/11,周四,jueves,Thursday,15:00,21:00,+6h,2.0,语法,4,
Liam_291,小组课,Anna,L001811,09/11/2025,周四,jueves,Thursday,15:00,21:00,+6h,2.0,口语,5,
Patrick_007,班课,Anna,L001811,09/11/2025,周四,jueves,Thursday,15:00,15:00,+0h,2.0,口语,9,
Sofia455,小组课,Anna,L001811,2025/09/11,周四,jueves,Thursday,15:00,21:00,+6h,2.0,复习,5,
Mason_188,小组课,Anna,L001811,2025/09/11,周四,jueves,Thursday,15:00,09:00,-6h,2.0,复习,2,
Mia375,班课,Anna,L001812,2025年9月18日,周四,jueves,Thursday,15:00,10:00,-5h,1.5,复习,2,语法掌握一般
Ryan_282,小组课,Anna,L001812,09/18/2025,周四,jueves,Thursday,15:00,21:00,+6h,1.5,口语,13,语法掌握一般
Liam_291（教务）,班课,Anna,L001812,09/18/2025,周四,jueves,Thursday,15:00,20:00,+5h,1.5,复习,14,语法掌握一般
Patrick_007,班课,Anna,L001812,2025/09/18,周四,jueves,Thursday,15:00,15:00,+0h,1.5,阅读,11,语法掌握一般
Sofia_455,小组课,Anna,L001812,2025年9月18日,周四,jueves,Thursday,15:00,21:00,+6h,1.5,复习,2,语法掌握一般
Mason_188,小组课,Anna,L001812,2025/09/18,周四,jueves,Thursday,15:00,09:00,-6h,1.5,听力,12,语法掌握一般
Mia375,小组课,Anna,L001813,09/25/2025,周四,jueves,Thursday,15:00,09:00,-6h,1.0,阅读,11,语法掌握一般
Ryan_282,班课,Anna（教务）,L001813,2025/09/25,周四,jueves,Thursday,15:00,21:00,+6h,1.0,阅读,5,语法掌握一般
Liam_291,班课,Anna,L001813,2025/09/25,周四,jueves,Thursday,15:00,21:00,+6h,1.0,语法,6,语法掌握一般
Patrick_007,班课,Anna（教务）,L001813,2025年9月25日,周四,jueves,Thursday,15:00,15:00,+0h,1.0,语法,11,语法掌握一般
Sofia455,班课,Anna,L001813,2025-09-25,周四,jueves,Thursday,15:00,21:00,+6h,1.0,阅读,12,语法掌握一般
Mason188,班课,Anna,L001813,2025-09-25,周四,jueves,Thursday,15:00,06:00,-9h,1.0,语法,13,语法掌握一般
Mia_375,小组课,Anna,L001814,2025年10月2日,周四,jueves,Thursday,15:00,09:00,-6h,1.67,阅读,2,需要加强口语练习
Ryan_282（教务）,班课,Anna,L001814,2025-10-02,周四,jueves,Thursday,15:00,21:00,+6h,1.67,听力,10,需要加强口语练习
Liam_291,班课,Anna,L001814,2025年10月2日,周四,jueves,Thursday,15:00,21:00,+6h,1.67,复习,7,需要加强口语练习
Patrick007,班课,Anna,L001814,2025/10/02,周四,jueves,Thursday,15:00,15:00,+0h,1.67,阅读,6,需要加强口语练习
Sofia_455,班课,Anna,L001814,2025-10-02,周四,jueves,Thursday,15:00,19:00,+4h,1.67,听力,2,需要加强口语练习
Mason188,小组课,Anna,L001814,2025-10-02,周四,jueves,Thursday,15:00,09:00,-6h,1.67,阅读,5,需要加强口语练习
Mia_375,小组课,Anna,L001815,2025年10月9日,周四,jueves,Thursday,15:00,09:00,-6h,1.0,复习,1,课堂参与积极
Ryan_282,小组课,Anna,L001815,2025-10-09,周四,jueves,Thursday,15:00,21:00,+6h,1.0,阅读,9,课堂参与积极
Liam_291,小组课,Anna,L001815,2025年10月9日,周四,jueves,Thursday,15:00,21:00,+6h,1.0,阅读,3,课堂参与积极
Patrick_007,小组课,Anna,L001815,2025/10/09,周四,jueves,Thursday,15:00,15:00,+0h,1.0,语法,6,课堂参与积极
Sofia_455,小组课,Anna,L001815,2025-10-09,周四,jueves,Thursday,15:00,21:00,+6h,1.0,阅读,10,课堂参与积极
Mason_188,班课,Anna,L001815,10/09/2025,周四,jueves,Thursday,15:00,06:00,-9h,1.0,听力,1,课堂参与积极
Mia_375,班课,Anna,L001816,2025-10-16,周四,jueves,Thursday,15:00,09:00,-6h,2.0,听力,8,语法掌握一般
Ryan_282,班课,Anna,L001816,2025/10/16,周四,jueves,Thursday,15:00,21:00,+6h,2.0,听力,9,语法掌握一般
Liam_291,小组课,Anna（教务）,L001816,2025-10-16,周四,jueves,Thursday,15:00,20:00,+5h,2.0,语法,12,语法掌握一般
Patrick007,小组课,Anna,L001816,2025-10-16,周四,jueves,Thursday,15:00,13:00,-2h,2.0,听力,13,语法掌握一般
Sofia455,小组课,Anna,L001816,10/16/2025,周四,jueves,Thursday,15:00,21:00,+6h,2.0,复习,5,语法掌握一般
Mason_188,小组课,Anna,L001816,2025-10-16,周四,jueves,Thursday,15:00,09:00,-6h,2.0,口语,8,语法掌握一般
Mia_375,班课,Anna,L001817,2025-10-23,周四,jueves,Thursday,15:00,09:00,-6h,2.0,阅读,9,语法掌握一般
Ryan_282,班课,Anna,L001817,2025年10月23日,周四,jueves,Thursday,15:00,21:00,+6h,2.0,语法,8,语法掌握一般
Liam_291,小组课,Anna,L001817,2025/10/23,周四,jueves,Thursday,15:00,21:00,+6h,2.0,复习,11,语法掌握一般
Patrick_007,班课,Anna,L001817,2025/10/23,周四,jueves,Thursday,15:00,16:00,+1h,2.0,复习,14,语法掌握一般
Sofia_455,班课,Anna,L001817,2025-10-23,周四,jueves,Thursday,15:00,21:00,+6h,2.0,口语,14,语法掌握一般
Mason_188,班课,Anna,L001817,2025-10-23,周四,jueves,Thursday,15:00,09:00,-6h,2.0,阅读,3,语法掌握一般
Mia_375,班课,Anna,L001818,2025/10/30,周四,jueves,Thursday,15:00,10:00,-5h,1.5,阅读,7,语法掌握一般
Ryan_282,小组课,Anna,L001818,2025-10-30,周四,jueves,Thursday,15:00,22:00,+7h,1.5,复习,8,语法掌握一般
Liam_291,小组课,Anna,L001818,2025-10-30,周四,jueves,Thursday,15:00,22:00,+7h,1.5,语法,11,语法掌握一般
Patrick_007,小组课,Anna,L001818,10/30/2025,周四,jueves,Thursday,15:00,15:00,+0h,1.5,口语,13,语法掌握一般
Sofia_455（教务）,班课,Anna,L001818,2025年10月30日,周四,jueves,Thursday,15:00,22:00,+7h,1.5,语法,9,语法掌握一般
Mason_188,班课,Anna,L001818,2025年10月30日,周四,jueves,Thursday,15:00,10:00,-5h,1.5,阅读,2,语法掌握一般
Mia_375,小组课,Anna,L001819,2025-11-06,周四,jueves,Thursday,15:00,09:00,-6h,1.5,听力,3,
Ryan_282,班课,Anna,L001819,2025-11-06,周四,jueves,Thursday,15:00,22:00,+7h,1.5,口语,14,
Liam291,班课,Anna,L001819,2025/11/06,周四,jueves,Thursday,15:00,22:00,+7h,1.5,语法,5,
Patrick_007,班课,Anna,L001819,2025/11/06,周四,jueves,Thursday,15:00,16:00,+1h,1.5,阅读,3,
Sofia_455,小组课,Anna,L001819,11/06/2025,周四,jueves,Thursday,15:00,22:00,+7h,1.5,复习,12,
Mason_188,班课,Anna,L001819,2025年11月6日,周四,jueves,Thursday,15:00,09:00,-6h,1.5,复习,1,
Mia_375,小组课,Anna,L001820,2025/11/13,周四,jueves,Thursday,15:00,09:00,-6h,1.5,语法,3,完成本节内容
Ryan_282,小组课,Anna,L001820,2025-11-13,周四,jueves,Thursday,15:00,22:00,+7h,1.5,听力,12,完成本节内容
Liam291,班课,Anna,L001820,2025-11-13,周四,jueves,Thursday,15:00,22:00,+7h,1.5,阅读,5,完成本节内容
Patrick_007（教务）,班课,Anna,L001820,2025年11月13日,周四,jueves,Thursday,15:00,15:00,+0h,1.5,听力,7,完成本节内容
Sofia_455,小组课,Anna,L001820,2025/11/13,周四,jueves,Thursday,15:00,22:00,+7h,1.5,语法,9,完成本节内容
Mason_188,小组课,Anna,L001820,2025年11月13日,周四,jueves,Thursday,15:00,09:00,-6h,1.5,口语,1,完成本节内容
Mia_375,小组课,Anna,L001821,2025-11-20,周四,jueves,Thursday,15:00,09:00,-6h,1.0,复习,14,完成本节内容
Ryan_282,班课,Anna,L001821,2025/11/20,周四,jueves,Thursday,15:00,22:00,+7h,1.0,复习,9,完成本节内容
Liam_291,小组课,Anna,L001821,2025/11/20,周四,jueves,Thursday,15:00,22:00,+7h,1.0,复习,9,完成本节内容
Patrick007,小组课,Anna,L001821,2025/11/20,周四,jueves,Thursday,15:00,15:00,+0h,1.0,复习,1,完成本节内容
Sofia_455,班课,Anna,L001821,2025/11/20,周四,jueves,Thursday,15:00,22:00,+7h,1.0,复习,13,完成本节内容
Mason_188,小组课,Anna,L001821,2025年11月20日,周四,jueves,Thursday,15:00,09:00,-6h,1.0,语法,9,完成本节内容
Mia_375,班课,Anna,L001822,2025-11-27,周四,jueves,Thursday,15:00,09:00,-6h,1.67,口语,10,
Ryan282,班课,Anna,L001822,2025-11-27,周四,jueves,Thursday,15:00,22:00,+7h,1.67,听力,9,
Liam_291,小组课,Anna,L001822,2025/11/27,周四,jueves,Thursday,15:00,22:00,+7h,1.67,复习,3,
Patrick_007（教务）,小组课,Anna,L001822,2025-11-27,周四,jueves,Thursday,15:00,15:00,+0h,1.67,听力,2,
Sofia_455,班课,Anna,L001822,2025-11-27,周四,jueves,Thursday,15:00,22:00,+7h,1.67,口语,13,
Mason_188（教务）,班课,Anna,L001822,2025年11月27日,周四,jueves,Thursday,15:00,10:00,-5h,1.67,听力,14,
Mia_375,小组课,Anna,L001823,2025-12-04,周四,jueves,Thursday,15:00,09:00,-6h,1.0,阅读,7,课堂参与积极
Ryan_282（教务）,小组课,Anna,L001823,2025-12-04,周四,jueves,Thursday,15:00,22:00,+7h,1.0,复习,14,课堂参与积极
Liam_291,小组课,Anna,L001823,2025/12/04,周四,jueves,Thursday,15:00,22:00,+7h,1.0,阅读,10,课堂参与积极
Patrick_007,班课,Anna,L001823,2025年12月4日,周四,jueves,Thursday,15:00,15:00,+0h,1.0,复习,14,课堂参与积极
Sofia_455,小组课,Anna,L001823,2025年12月4日,周四,jueves,Thursday,15:00,22:00,+7h,1.0,语法,7,课堂参与积极
Mason_188,小组课,Anna,L001823,2025/12/04,周四,jueves,Thursday,15:00,09:00,-6h,1.0,口语,13,课堂参与积极
Mia375,班课,Anna,L001824,2025-12-11,周四,jueves,Thursday,15:00,09:00,-6h,1.0,语法,14,需要加强口语练习
Ryan_282,班课,Anna,L001824,2025-12-11,周四,jueves,Thursday,15:00,22:00,+7h,1.0,口语,8,需要加强口语练习
Liam291,班课,Anna,L001824,12/11/2025,周四,jueves,Thursday,15:00,21:00,+6h,1.0,阅读,7,需要加强口语练习
Patrick_007,班课,Anna,L001824,2025年12月11日,周四,jueves,Thursday,15:00,15:00,+0h,1.0,复习,4,需要加强口语练习
Sofia_455,班课,Anna,L001824,2025年12月11日,周四,jueves,Thursday,15:00,21:00,+6h,1.0,口语,5,需要加强口语练习
Mason_188,班课,Anna,L001824,2025/12/11,周四,jueves,Thursday,15:00,06:00,-9h,1.0,口语,6,需要加强口语练习
Mia_375,班课,Anna,L001825,2025-12-18,周四,jueves,Thursday,15:00,09:00,-6h,2.0,语法,5,需要加强口语练习
Ryan_282（教务）,小组课,Anna,L001825,2025年12月18日,周四,jueves,Thursday,15:00,22:00,+7h,2.0,听力,4,需要加强口语练习
Liam_291,班课,Anna,L001825,2025/12/18,周四,jueves,Thursday,15:00,22:00,+7h,2.0,阅读,12,需要加强口语练习
Patrick_007,小组课,Anna,L001825,2025-12-18,周四,jueves,Thursday,15:00,15:00,+0h,2.0,复习,6,需要加强口语练习
Sofia_455,小组课,Anna,L001825,2025-12-18,周四,jueves,Thursday,15:00,22:00,+7h,2.0,听力,14,需要加强口语练习
Mason_188,小组课,Anna,L001825,12/18/2025,周四,jueves,Thursday,15:00,09:00,-6h,2.0,口语,11,需要加强口语练习
Mia_375,小组课,Anna,L001826,12/25/2025,周四,jueves,Thursday,15:00,09:00,-6h,1.0,语法,7,完成本节内容
Ryan_282,班课,Anna（教务）,L001826,2025/12/25,周四,jueves,Thursday,15:00,22:00,+7h,1.0,听力,11,完成本节内容
Liam_291,小组课,Anna,L001826,2025/12/25,周四,jueves,Thursday,15:00,22:00,+7h,1.0,阅读,1,完成本节内容
Patrick_007,小组课,Anna,L001826,2025-12-25,周四,jueves,Thursday,15:00,14:00,-1h,1.0,阅读,8,完成本节内容
Sofia_455,小组课,Anna,L001826,12/25/2025,周四,jueves,Thursday,15:00,22:00,+7h,1.0,语法,5,完成本节内容
Mason_188,班课,Anna（教务）,L001826,2025/12/25,周四,jueves,Thursday,15:00,09:00,-6h,1.0,阅读,11,完成本节内容
Mia_375,小组课,Anna,L001827,2026-01-01,周四,jueves,Thursday,15:00,09:00,-6h,1.0,语法,1,语法掌握一般
Ryan_282,小组课,Anna,L001827,2026/01/01,周四,jueves,Thursday,15:00,22:00,+7h,1.0,语法,5,语法掌握一般
Liam_291,班课,Anna,L001827,2026-01-01,周四,jueves,Thursday,15:00,23:00,+8h,1.0,复习,12,语法掌握一般
Patrick_007,小组课,Anna,L001827,2026-01-01,周四,jueves,Thursday,15:00,15:00,+0h,1.0,语法,14,语法掌握一般
Sofia_455,小组课,Anna,L001827,2026/01/01,周四,jueves,Thursday,15:00,22:00,+7h,1.0,听力,2,语法掌握一般
Mason_188,班课,Anna,L001827,2026-01-01,周四,jueves,Thursday,15:00,09:00,-6h,1.0,口语,4,语法掌握一般
Mia_375,小组课,Anna,L001828,2026/01/08,周四,jueves,Thursday,15:00,09:00,-6h,1.67,复习,8,语法掌握一般
Ryan_282（教务）,小组课,Anna,L001828,01/08/2026,周四,jueves,Thursday,15:00,22:00,+7h,1.67,语法,2,语法掌握一般
Liam_291（教务）,小组课,Anna,L001828,2026年1月8日,周四,jueves,Thursday,15:00,22:00,+7h,1.67,听力,2,语法掌握一般
Patrick_007,小组课,Anna,L001828,2026/01/08,周四,jueves,Thursday,15:00,15:00,+0h,1.67,语法,7,语法掌握一般
Sofia_455,小组课,Anna,L001828,01/08/2026,周四,jueves,Thursday,15:00,22:00,+7h,1.67,阅读,13,语法掌握一般
Mason_188,小组课,Anna,L001828,01/08/2026,周四,jueves,Thursday,15:00,09:00,-6h,1.67,复习,10,语法掌握一般
Mia375,小组课,Anna,L001829,2026-01-15,周四,jueves,Thursday,15:00,09:00,-6h,1.0,阅读,14,完成本节内容
Ryan_282,小组课,Anna,L001829,2026-01-15,周四,jueves,Thursday,15:00,22:00,+7h,1.0,口语,3,完成本节内容
Liam_291（教务）,班课,Anna,L001829,2026-01-15,周四,jueves,Thursday,15:00,22:00,+7h,1.0,语法,5,完成本节内容
Patrick_007,小组课,Anna,L001829,2026年1月15日,周四,jueves,Thursday,15:00,15:00,+0h,1.0,口语,12,完成本节内容
Sofia_455,班课,Anna,L001829,01/15/2026,周四,jueves,Thursday,15:00,22:00,+7h,1.0,口语,7,完成本节内容
Mason188,班课,Anna,L001829,2026-01-15,周四,jueves,Thursday,15:00,09:00,-6h,1.0,阅读,3,完成本节内容
Mia_375,班课,Anna,L001830,2026-01-22,周四,jueves,Thursday,15:00,10:00,-5h,1.67,口语,12,课堂参与积极
Ryan282,小组课,Anna,L001830,01/22/2026,周四,jueves,Thursday,15:00,22:00,+7h,1.67,语法,8,课堂参与积极
Liam_291,小组课,Anna,L001830,2026-01-22,周四,jueves,Thursday,15:00,22:00,+7h,1.67,听力,10,课堂参与积极
Patrick_007,小组课,Anna,L001830,2026-01-22,周四,jueves,Thursday,15:00,15:00,+0h,1.67,语法,6,课堂参与积极
Sofia_455,班课,Anna,L001830,2026年1月22日,周四,jueves,Thursday,15:00,22:00,+7h,1.67,语法,11,课堂参与积极
Mason_188,班课,Anna,L001830,2026/01/22,周四,jueves,Thursday,15:00,09:00,-6h,1.67,听力,7,课堂参与积极
Mia_375,班课,Anna,L001831,2026/01/29,周四,jueves,Thursday,15:00,09:00,-6h,1.0,阅读,7,需要加强口语练习
Ryan_282,班课,Anna,L001831,2026-01-29,周四,jueves,Thursday,15:00,22:00,+7h,1.0,语法,10,需要加强口语练习
Liam_291,小组课,Anna,L001831,2026-01-29,周四,jueves,Thursday,15:00,22:00,+7h,1.0,阅读,12,需要加强口语练习
Patrick_007,小组课,Anna,L001831,01/29/2026,周四,jueves,Thursday,15:00,14:00,-1h,1.0,复习,13,需要加强口语练习
Sofia_455,小组课,Anna,L001831,2026/01/29,周四,jueves,Thursday,15:00,22:00,+7h,1.0,语法,2,需要加强口语练习
Mason_188（教务）,小组课,Anna,L001831,2026-01-29,周四,jueves,Thursday,15:00,09:00,-6h,1.0,听力,6,需要加强口语练习
Mia_375,小组课,Anna,L001832,2026/02/05,周四,jueves,Thursday,15:00,09:00,-6h,2.0,阅读,12,课堂参与积极
Ryan_282,小组课,Anna,L001832,2026-02-05,周四,jueves,Thursday,15:00,22:00,+7h,2.0,语法,11,课堂参与积极
Liam_291,小组课,Anna,L001832,2026年2月5日,周四,jueves,Thursday,15:00,22:00,+7h,2.0,阅读,13,课堂参与积极
Patrick_007,小组课,Anna,L001832,2026-02-05,周四,jueves,Thursday,15:00,15:00,+0h,2.0,口语,3,课堂参与积极
Sofia455,班课,Anna,L001832,2026/02/05,周四,jueves,Thursday,15:00,22:00,+7h,2.0,听力,4,课堂参与积极
Mason_188,班课,Anna,L001832,2026年2月5日,周四,jueves,Thursday,15:00,08:00,-7h,2.0,阅读,12,课堂参与积极
Mia_375,小组课,Anna,L001833,2026/02/12,周四,jueves,Thursday,15:00,09:00,-6h,2.0,听力,5,语法掌握一般
Ryan_282,班课,Anna（教务）,L001833,2026/02/12,周四,jueves,Thursday,15:00,22:00,+7h,2.0,语法,3,语法掌握一般
Liam_291,小组课,Anna,L001833,02/12/2026,周四,jueves,Thursday,15:00,21:00,+6h,2.0,语法,13,语法掌握一般
Patrick_007,班课,Anna,L001833,2026-02-12,周四,jueves,Thursday,15:00,15:00,+0h,2.0,阅读,11,语法掌握一般
Sofia_455,小组课,Anna,L001833,2026-02-12,周四,jueves,Thursday,15:00,22:00,+7h,2.0,阅读,2,语法掌握一般
Mason_188,班课,Anna,L001833,2026年2月12日,周四,jueves,Thursday,15:00,09:00,-6h,2.0,语法,14,语法掌握一般
Mia375,班课,Anna,L001834,2026/02/19,周四,jueves,Thursday,15:00,09:00,-6h,1.67,复习,10,完成本节内容
Ryan_282,小组课,Anna（教务）,L001834,2026年2月19日,周四,jueves,Thursday,15:00,22:00,+7h,1.67,口语,8,完成本节内容
Liam_291,班课,Anna,L001834,2026/02/19,周四,jueves,Thursday,15:00,22:00,+7h,1.67,语法,10,完成本节内容
Patrick_007,班课,Anna,L001834,2026年2月19日,周四,jueves,Thursday,15:00,15:00,+0h,1.67,听力,7,完成本节内容
Sofia_455,班课,Anna（教务）,L001834,2026/02/19,周四,jueves,Thursday,15:00,22:00,+7h,1.67,听力,7,完成本节内容
Mason_188,班课,Anna,L001834,02/19/2026,周四,jueves,Thursday,15:00,09:00,-6h,1.67,口语,2,完成本节内容
Mia_375,小组课,Anna,L001835,2026/02/26,周四,jueves,Thursday,15:00,09:00,-6h,1.0,阅读,14,需要加强口语练习
Ryan_282,班课,Anna,L001835,2026-02-26,周四,jueves,Thursday,15:00,22:00,+7h,1.0,复习,11,需要加强口语练习
Liam291,小组课,Anna,L001835,2026/02/26,周四,jueves,Thursday,15:00,23:00,+8h,1.0,复习,4,需要加强口语练习
Patrick007,小组课,Anna,L001835,2026/02/26,周四,jueves,Thursday,15:00,15:00,+0h,1.0,阅读,1,需要加强口语练习
Sofia455,小组课,Anna（教务）,L001835,2026-02-26,周四,jueves,Thursday,15:00,22:00,+7h,1.0,听力,2,需要加强口语练习
Mason_188,班课,Anna,L001835,2026/02/26,周四,jueves,Thursday,15:00,09:00,-6h,1.0,语法,8,需要加强口语练习
Mia375,班课,Anna,L001836,03/05/2026,周四,jueves,Thursday,15:00,09:00,-6h,1.0,语法,6,课堂参与积极
Ryan_282,班课,Anna,L001836,2026-03-05,周四,jueves,Thursday,15:00,22:00,+7h,1.0,阅读,7,课堂参与积极
Liam_291,班课,Anna,L001836,2026/03/05,周四,jueves,Thursday,15:00,22:00,+7h,1.0,语法,11,课堂参与积极
Patrick_007,小组课,Anna,L001836,2026/03/05,周四,jueves,Thursday,15:00,14:00,-1h,1.0,复习,4,课堂参与积极
Sofia_455,小组课,Anna,L001836,2026-03-05,周四,jueves,Thursday,15:00,22:00,+7h,1.0,听力,2,课堂参与积极
Mason_188,班课,Anna（教务）,L001836,2026-03-05,周四,jueves,Thursday,15:00,09:00,-6h,1.0,复习,2,课堂参与积极
Mia_375,小组课,Anna,L001837,2026年3月12日,周四,jueves,Thursday,15:00,10:00,-5h,1.67,语法,9,需要加强口语练习
Ryan_282（教务）,小组课,Anna,L001837,2026-03-12,周四,jueves,Thursday,15:00,22:00,+7h,1.67,语法,9,需要加强口语练习
Liam_291,小组课,Anna,L001837,2026-03-12,周四,jueves,Thursday,15:00,22:00,+7h,1.67,语法,3,需要加强口语练习
Patrick_007,小组课,Anna,L001837,2026-03-12,周四,jueves,Thursday,15:00,15:00,+0h,1.67,听力,4,需要加强口语练习
Sofia_455,班课,Anna,L001837,2026/03/12,周四,jueves,Thursday,15:00,22:00,+7h,1.67,口语,10,需要加强口语练习
Mason188,小组课,Anna,L001837,2026/03/12,周四,jueves,Thursday,15:00,10:00,-5h,1.67,复习,10,需要加强口语练习
Mia_375（教务）,小组课,Anna（教务）,L001838,03/19/2026,周四,jueves,Thursday,15:00,10:00,-5h,1.0,语法,13,完成本节内容
Ryan_282,班课,Anna,L001838,2026/03/19,周四,jueves,Thursday,15:00,22:00,+7h,1.0,语法,14,完成本节内容
Liam_291（教务）,班课,Anna,L001838,2026-03-19,周四,jueves,Thursday,15:00,22:00,+7h,1.0,语法,7,完成本节内容
Patrick007,班课,Anna,L001838,2026年3月19日,周四,jueves,Thursday,15:00,12:00,-3h,1.0,听力,9,完成本节内容
Sofia_455,班课,Anna,L001838,2026/03/19,周四,jueves,Thursday,15:00,22:00,+7h,1.0,口语,13,完成本节内容
Mason_188（教务）,班课,Anna,L001838,2026年3月19日,周四,jueves,Thursday,15:00,09:00,-6h,1.0,阅读,10,完成本节内容
Mia_375,班课,Anna,L001839,03/26/2026,周四,jueves,Thursday,15:00,10:00,-5h,1.67,听力,9,完成本节内容
Ryan_282,小组课,Anna,L001839,2026-03-26,周四,jueves,Thursday,15:00,22:00,+7h,1.67,听力,11,完成本节内容
Liam291,小组课,Anna（教务）,L001839,2026-03-26,周四,jueves,Thursday,15:00,23:00,+8h,1.67,口语,8,完成本节内容
Patrick007,小组课,Anna,L001839,2026/03/26,周四,jueves,Thursday,15:00,15:00,+0h,1.67,听力,11,完成本节内容
Sofia455,班课,Anna,L001839,2026-03-26,周四,jueves,Thursday,15:00,22:00,+7h,1.67,口语,4,完成本节内容
Mason_188,小组课,Anna,L001839,2026-03-26,周四,jueves,Thursday,15:00,10:00,-5h,1.67,阅读,2,完成本节内容
Mia375,小组课,Anna,L001840,04/02/2026,周四,jueves,Thursday,15:00,09:00,-6h,1.0,语法,2,课堂参与积极
Ryan282,小组课,Anna,L001840,04/02/2026,周四,jueves,Thursday,15:00,21:00,+6h,1.0,语法,11,课堂参与积极
Liam291,小组课,Anna,L001840,2026-04-02,周四,jueves,Thursday,15:00,20:00,+5h,1.0,语法,4,课堂参与积极
Patrick_007,班课,Anna,L001840,2026-04-02,周四,jueves,Thursday,15:00,15:00,+0h,1.0,听力,2,课堂参与积极
Sofia_455,班课,Anna,L001840,2026-04-02,周四,jueves,Thursday,15:00,21:00,+6h,1.0,阅读,13,课堂参与积极
Mason_188（教务）,小组课,Anna,L001840,04/02/2026,周四,jueves,Thursday,15:00,09:00,-6h,1.0,听力,12,课堂参与积极
Mia_375,班课,Anna,L001841,2026年4月9日,周四,jueves,Thursday,15:00,09:00,-6h,1.67,口语,1,完成本节内容
Ryan_282,班课,Anna,L001841,2026-04-09,周四,jueves,Thursday,15:00,21:00,+6h,1.67,听力,12,完成本节内容
Liam_291,班课,Anna,L001841,2026/04/09,周四,jueves,Thursday,15:00,21:00,+6h,1.67,阅读,9,完成本节内容
Patrick007,小组课,Anna,L001841,2026-04-09,周四,jueves,Thursday,15:00,15:00,+0h,1.67,听力,6,完成本节内容
Sofia_455,小组课,Anna,L001841,2026-04-09,周四,jueves,Thursday,15:00,22:00,+7h,1.67,阅读,8,完成本节内容
Mason_188,小组课,Anna,L001841,2026/04/09,周四,jueves,Thursday,15:00,09:00,-6h,1.67,口语,13,完成本节内容
Mia_375,班课,Anna,L001842,2026/04/16,周四,jueves,Thursday,15:00,09:00,-6h,1.67,阅读,13,课堂参与积极
Ryan_282,小组课,Anna,L001842,2026-04-16,周四,jueves,Thursday,15:00,21:00,+6h,1.67,口语,9,课堂参与积极
Liam291,班课,Anna,L001842,2026/04/16,周四,jueves,Thursday,15:00,21:00,+6h,1.67,阅读,9,课堂参与积极
Patrick_007,班课,Anna,L001842,04/16/2026,周四,jueves,Thursday,15:00,15:00,+0h,1.67,听力,4,课堂参与积极
Sofia_455,小组课,Anna,L001842,2026/04/16,周四,jueves,Thursday,15:00,21:00,+6h,1.67,听力,1,课堂参与积极
Mason_188,小组课,Anna,L001842,04/16/2026,周四,jueves,Thursday,15:00,09:00,-6h,1.67,听力,5,课堂参与积极
Mia_375,小组课,Anna（教务）,L001843,04/23/2026,周四,jueves,Thursday,15:00,09:00,-6h,1.67,口语,11,课堂参与积极
Ryan_282,班课,Anna,L001843,2026/04/23,周四,jueves,Thursday,15:00,21:00,+6h,1.67,复习,4,课堂参与积极
Liam_291（教务）,小组课,Anna,L001843,04/23/2026,周四,jueves,Thursday,15:00,21:00,+6h,1.67,听力,7,课堂参与积极
Patrick_007,班课,Anna,L001843,2026-04-23,周四,jueves,Thursday,15:00,15:00,+0h,1.67,听力,2,课堂参与积极
Sofia_455,小组课,Anna,L001843,2026年4月23日,周四,jueves,Thursday,15:00,21:00,+6h,1.67,复习,1,课堂参与积极
Mason_188,班课,Anna（教务）,L001843,2026-04-23,周四,jueves,Thursday,15:00,09:00,-6h,1.67,阅读,4,课堂参与积极
Mia_375,小组课,Anna,L001844,2026-04-30,周四,jueves,Thursday,15:00,08:00,-7h,1.0,口语,14,完成本节内容
Ryan_282,小组课,Anna,L001844,2026-04-30,周四,jueves,Thursday,15:00,21:00,+6h,1.0,听力,10,完成本节内容
Liam_291,小组课,Anna,L001844,2026/04/30,周四,jueves,Thursday,15:00,21:00,+6h,1.0,口语,6,完成本节内容
Patrick_007,小组课,Anna,L001844,2026-04-30,周四,jueves,Thursday,15:00,14:00,-1h,1.0,口语,7,完成本节内容
Sofia_455,班课,Anna,L001844,2026年4月30日,周四,jueves,Thursday,15:00,21:00,+6h,1.0,阅读,7,完成本节内容
Mason_188,小组课,Anna,L001844,2026-04-30,周四,jueves,Thursday,15:00,09:00,-6h,1.0,口语,13,完成本节内容
Mia_375,小组课,Anna,L001845,2026-05-07,周四,jueves,Thursday,15:00,09:00,-6h,1.67,口语,11,需要加强口语练习
Ryan_282,班课,Anna,L001845,05/07/2026,周四,jueves,Thursday,15:00,21:00,+6h,1.67,口语,5,需要加强口语练习
Liam_291,小组课,Anna,L001845,2026-05-07,周四,jueves,Thursday,15:00,21:00,+6h,1.67,复习,5,需要加强口语练习
Patrick_007,小组课,Anna,L001845,2026-05-07,周四,jueves,Thursday,15:00,13:00,-2h,1.67,听力,12,需要加强口语练习
Sofia_455,班课,Anna（教务）,L001845,2026-05-07,周四,jueves,Thursday,15:00,22:00,+7h,1.67,阅读,12,需要加强口语练习
Mason_188,小组课,Anna,L001845,2026年5月7日,周四,jueves,Thursday,15:00,10:00,-5h,1.67,阅读,14,需要加强口语练习
Mia_375,班课,Anna,L001846,2026/05/14,周四,jueves,Thursday,15:00,09:00,-6h,1.67,听力,13,课堂参与积极
Ryan282,小组课,Anna,L001846,2026年5月14日,周四,jueves,Thursday,15:00,21:00,+6h,1.67,语法,3,课堂参与积极
Liam_291,班课,Anna,L001846,2026-05-14,周四,jueves,Thursday,15:00,21:00,+6h,1.67,口语,9,课堂参与积极
Patrick_007,班课,Anna,L001846,2026-05-14,周四,jueves,Thursday,15:00,15:00,+0h,1.67,阅读,10,课堂参与积极
Sofia_455,小组课,Anna,L001846,2026年5月14日,周四,jueves,Thursday,15:00,21:00,+6h,1.67,口语,10,课堂参与积极
Mason_188（教务）,小组课,Anna,L001846,2026年5月14日,周四,jueves,Thursday,15:00,09:00,-6h,1.67,阅读,6,课堂参与积极
Mia_375,小组课,Anna,L001847,05/21/2026,周四,jueves,Thursday,15:00,09:00,-6h,1.5,阅读,3,课堂参与积极
Ryan_282,小组课,Anna（教务）,L001847,2026-05-21,周四,jueves,Thursday,15:00,21:00,+6h,1.5,听力,8,课堂参与积极
Liam_291（教务）,班课,Anna,L001847,2026-05-21,周四,jueves,Thursday,15:00,21:00,+6h,1.5,阅读,8,课堂参与积极
Patrick_007,班课,Anna,L001847,2026-05-21,周四,jueves,Thursday,15:00,15:00,+0h,1.5,阅读,3,课堂参与积极
Sofia_455,班课,Anna,L001847,2026-05-21,周四,jueves,Thursday,15:00,21:00,+6h,1.5,听力,2,课堂参与积极
Mason188,小组课,Anna,L001847,2026-05-21,周四,jueves,Thursday,15:00,09:00,-6h,1.5,口语,11,课堂参与积极
Mia_375,班课,Anna（教务）,L001848,2026年5月28日,周四,jueves,Thursday,15:00,09:00,-6h,1.0,听力,1,完成本节内容
Ryan_282（教务）,小组课,Anna,L001848,2026-05-28,周四,jueves,Thursday,15:00,21:00,+6h,1.0,语法,11,完成本节内容
Liam_291,小组课,Anna,L001848,2026-05-28,周四,jueves,Thursday,15:00,21:00,+6h,1.0,语法,10,完成本节内容
Patrick_007,班课,Anna（教务）,L001848,05/28/2026,周四,jueves,Thursday,15:00,15:00,+0h,1.0,口语,5,完成本节内容
Sofia_455（教务）,小组课,Anna,L001848,2026-05-28,周四,jueves,Thursday,15:00,21:00,+6h,1.0,口语,2,完成本节内容
Mason_188,小组课,Anna,L001848,2026-05-28,周四,jueves,Thursday,15:00,09:00,-6h,1.0,阅读,2,完成本节内容
Mia_375,小组课,Anna,L001849,2026-06-04,周四,jueves,Thursday,15:00,09:00,-6h,1.5,语法,13,完成本节内容
Ryan282,班课,Anna,L001849,2026-06-04,周四,jueves,Thursday,15:00,20:00,+5h,1.5,口语,9,完成本节内容
Liam_291,小组课,Anna,L001849,2026-06-04,周四,jueves,Thursday,15:00,21:00,+6h,1.5,听力,10,完成本节内容
Patrick_007,班课,Anna,L001849,2026-06-04,周四,jueves,Thursday,15:00,15:00,+0h,1.5,口语,8,完成本节内容
Sofia_455,班课,Anna,L001849,2026-06-04,周四,jueves,Thursday,15:00,21:00,+6h,1.5,复习,13,完成本节内容
Mason_188,班课,Anna,L001849,2026/06/04,周四,jueves,Thursday,15:00,10:00,-5h,1.5,阅读,9,完成本节内容
Mia_375,班课,Anna,L001850,06/11/2026,周四,jueves,Thursday,15:00,09:00,-6h,1.0,口语,2,需要加强口语练习
Ryan_282,班课,Anna,L001850,2026-06-11,周四,jueves,Thursday,15:00,21:00,+6h,1.0,语法,14,需要加强口语练习
Liam_291,小组课,Anna,L001850,2026-06-11,周四,jueves,Thursday,15:00,21:00,+6h,1.0,语法,1,需要加强口语练习
Patrick_007（教务）,班课,Anna,L001850,2026-06-11,周四,jueves,Thursday,15:00,15:00,+0h,1.0,语法,3,需要加强口语练习
Sofia_455,班课,Anna（教务）,L001850,06/11/2026,周四,jueves,Thursday,15:00,21:00,+6h,1.0,复习,1,需要加强口语练习
Mason_188,班课,Anna,L001850,06/11/2026,周四,jueves,Thursday,15:00,10:00,-5h,1.0,阅读,10,需要加强口语练习
Mia_375,班课,Anna,L001851,2026-06-18,周四,jueves,Thursday,15:00,09:00,-6h,1.67,听力,11,需要加强口语练习
Ryan_282,班课,Anna,L001851,2026-06-18,周四,jueves,Thursday,15:00,21:00,+6h,1.67,听力,13,需要加强口语练习
Liam291,班课,Anna,L001851,2026-06-18,周四,jueves,Thursday,15:00,21:00,+6h,1.67,阅读,1,需要加强口语练习
Patrick_007,班课,Anna,L001851,2026/06/18,周四,jueves,Thursday,15:00,15:00,+0h,1.67,口语,5,需要加强口语练习
Sofia455,小组课,Anna,L001851,2026/06/18,周四,jueves,Thursday,15:00,21:00,+6h,1.67,语法,12,需要加强口语练习
Mason_188,班课,Anna,L001851,2026年6月18日,周四,jueves,Thursday,15:00,09:00,-6h,1.67,语法,12,需要加强口语练习
Mia_375,小组课,Anna,L001852,2026-06-25,周四,jueves,Thursday,15:00,09:00,-6h,1.67,听力,4,
Ryan_282,班课,Anna（教务）,L001852,2026/06/25,周四,jueves,Thursday,15:00,21:00,+6h,1.67,阅读,9,
Liam_291,小组课,Anna,L001852,06/25/2026,周四,jueves,Thursday,15:00,00:00,+9h,1.67,语法,10,
Patrick_007,班课,Anna,L001852,2026-06-25,周四,jueves,Thursday,15:00,15:00,+0h,1.67,听力,1,
Sofia_455（教务）,小组课,Anna,L001852,06/25/2026,周四,jueves,Thursday,15:00,21:00,+6h,1.67,语法,1,
Mason_188,班课,Anna,L001852,2026-06-25,周四,jueves,Thursday,15:00,09:00,-6h,1.67,口语,12,
Mia375,班课,Anna,L001853,07/02/2026,周四,jueves,Thursday,15:00,09:00,-6h,1.0,复习,1,完成本节内容
Ryan_282,小组课,Anna（教务）,L001853,2026-07-02,周四,jueves,Thursday,15:00,21:00,+6h,1.0,听力,2,完成本节内容
Liam291,班课,Anna,L001853,2026/07/02,周四,jueves,Thursday,15:00,21:00,+6h,1.0,语法,12,完成本节内容
Patrick_007,班课,Anna,L001853,2026-07-02,周四,jueves,Thursday,15:00,15:00,+0h,1.0,语法,5,完成本节内容
Sofia_455,班课,Anna,L001853,2026年7月2日,周四,jueves,Thursday,15:00,21:00,+6h,1.0,阅读,2,完成本节内容
Mason_188（教务）,小组课,Anna,L001853,2026年7月2日,周四,jueves,Thursday,15:00,09:00,-6h,1.0,复习,2,完成本节内容
Mia_375,小组课,Anna,L001854,2026-07-09,周四,jueves,Thursday,15:00,09:00,-6h,1.5,听力,12,完成本节内容
Ryan_282（教务）,班课,Anna,L001854,2026-07-09,周四,jueves,Thursday,15:00,21:00,+6h,1.5,复习,3,完成本节内容
Liam_291,班课,Anna,L001854,2026-07-09,周四,jueves,Thursday,15:00,21:00,+6h,1.5,阅读,8,完成本节内容
Patrick_007,小组课,Anna,L001854,2026-07-09,周四,jueves,Thursday,15:00,15:00,+0h,1.5,语法,6,完成本节内容
Sofia_455,班课,Anna,L001854,2026-07-09,周四,jueves,Thursday,15:00,22:00,+7h,1.5,阅读,9,完成本节内容
Mason_188,班课,Anna,L001854,2026-07-09,周四,jueves,Thursday,15:00,08:00,-7h,1.5,语法,5,完成本节内容
Mia_375,班课,Anna,L001855,2026年7月16日,周四,jueves,Thursday,15:00,09:00,-6h,1.0,听力,14,需要加强口语练习
Ryan_282,小组课,Anna,L001855,2026-07-16,周四,jueves,Thursday,15:00,21:00,+6h,1.0,口语,10,需要加强口语练习
Liam_291,小组课,Anna,L001855,2026/07/16,周四,jueves,Thursday,15:00,21:00,+6h,1.0,语法,13,需要加强口语练习
Patrick007,班课,Anna,L001855,2026/07/16,周四,jueves,Thursday,15:00,15:00,+0h,1.0,听力,3,需要加强口语练习
Sofia_455,班课,Anna,L001855,2026/07/16,周四,jueves,Thursday,15:00,21:00,+6h,1.0,口语,9,需要加强口语练习
Mason_188,小组课,Anna,L001855,2026-07-16,周四,jueves,Thursday,15:00,09:00,-6h,1.0,语法,8,需要加强口语练习
Mia375,班课,Anna,L001856,2026-07-23,周四,jueves,Thursday,15:00,09:00,-6h,1.0,语法,6,完成本节内容
Ryan_282,班课,Anna,L001856,2026-07-23,周四,jueves,Thursday,15:00,19:00,+4h,1.0,复习,10,完成本节内容
Liam_291,班课,Anna,L001856,07/23/2026,周四,jueves,Thursday,15:00,21:00,+6h,1.0,复习,1,完成本节内容
Patrick_007,班课,Anna,L001856,2026/07/23,周四,jueves,Thursday,15:00,15:00,+0h,1.0,阅读,5,完成本节内容
Sofia_455,小组课,Anna,L001856,2026/07/23,周四,jueves,Thursday,15:00,21:00,+6h,1.0,复习,13,完成本节内容
Mason188,小组课,Anna,L001856,2026年7月23日,周四,jueves,Thursday,15:00,09:00,-6h,1.0,复习,14,完成本节内容
Mia_375,班课,Anna,L001857,07/30/2026,周四,jueves,Thursday,15:00,09:00,-6h,2.0,听力,4,需要加强口语练习
Ryan_282,小组课,Anna,L001857,2026-07-30,周四,jueves,Thursday,15:00,21:00,+6h,2.0,听力,2,需要加强口语练习
Liam_291,小组课,Anna,L001857,2026-07-30,周四,jueves,Thursday,15:00,21:00,+6h,2.0,阅读,14,需要加强口语练习
Patrick007,小组课,Anna,L001857,2026/07/30,周四,jueves,Thursday,15:00,15:00,+0h,2.0,语法,4,需要加强口语练习
Sofia_455,小组课,Anna,L001857,2026-07-30,周四,jueves,Thursday,15:00,21:00,+6h,2.0,阅读,3,需要加强口语练习
Mason_188（教务）,小组课,Anna,L001857,2026年7月30日,周四,jueves,Thursday,15:00,09:00,-6h,2.0,语法,7,需要加强口语练习
Mia_375（教务）,班课,Anna,L001858,2026/08/06,周四,jueves,Thursday,15:00,09:00,-6h,1.67,复习,11,完成本节内容
Ryan_282,班课,Anna,L001858,2026-08-06,周四,jueves,Thursday,15:00,22:00,+7h,1.67,口语,8,完成本节内容
Liam_291,班课,Anna,L001858,08/06/2026,周四,jueves,Thursday,15:00,21:00,+6h,1.67,口语,6,完成本节内容
Patrick_007（教务）,班课,Anna（教务）,L001858,2026年8月6日,周四,jueves,Thursday,15:00,15:00,+0h,1.67,阅读,14,完成本节内容
Sofia455,小组课,Anna,L001858,2026-08-06,周四,jueves,Thursday,15:00,21:00,+6h,1.67,口语,9,完成本节内容
Mason_188,小组课,Anna,L001858,2026/08/06,周四,jueves,Thursday,15:00,09:00,-6h,1.67,阅读,10,完成本节内容
Mia375,班课,Anna,L001859,2026-08-13,周四,jueves,Thursday,15:00,08:00,-7h,1.67,语法,12,课堂参与积极
Ryan_282,小组课,Anna,L001859,2026-08-13,周四,jueves,Thursday,15:00,21:00,+6h,1.67,阅读,11,课堂参与积极
Liam291,班课,Anna,L001859,2026年8月13日,周四,jueves,Thursday,15:00,21:00,+6h,1.67,口语,2,课堂参与积极
Patrick_007,小组课,Anna（教务）,L001859,2026年8月13日,周四,jueves,Thursday,15:00,15:00,+0h,1.67,语法,8,课堂参与积极
Sofia_455,小组课,Anna,L001859,2026/08/13,周四,jueves,Thursday,15:00,21:00,+6h,1.67,阅读,7,课堂参与积极
Mason_188（教务）,班课,Anna,L001859,08/13/2026,周四,jueves,Thursday,15:00,09:00,-6h,1.67,阅读,6,课堂参与积极
Mia_375,小组课,Anna（教务）,L001860,2026/08/20,周四,jueves,Thursday,15:00,08:00,-7h,1.0,复习,7,完成本节内容
Ryan_282,小组课,Anna,L001860,08/20/2026,周四,jueves,Thursday,15:00,21:00,+6h,1.0,语法,5,完成本节内容
Liam_291,班课,Anna,L001860,2026-08-20,周四,jueves,Thursday,15:00,21:00,+6h,1.0,口语,8,完成本节内容
Patrick_007（教务）,班课,Anna,L001860,2026年8月20日,周四,jueves,Thursday,15:00,15:00,+0h,1.0,阅读,6,完成本节内容
Sofia_455,班课,Anna,L001860,2026-08-20,周四,jueves,Thursday,15:00,21:00,+6h,1.0,口语,11,完成本节内容
Mason_188,小组课,Anna,L001860,08/20/2026,周四,jueves,Thursday,15:00,06:00,-9h,1.0,语法,7,完成本节内容
Mia_375,小组课,Anna（教务）,L001861,2026/08/27,周四,jueves,Thursday,15:00,09:00,-6h,2.0,听力,2,完成本节内容
Ryan_282,班课,Anna,L001861,2026/08/27,周四,jueves,Thursday,15:00,21:00,+6h,2.0,口语,11,完成本节内容
Liam291,小组课,Anna,L001861,2026年8月27日,周四,jueves,Thursday,15:00,21:00,+6h,2.0,语法,9,完成本节内容
Patrick_007,小组课,Anna,L001861,08/27/2026,周四,jueves,Thursday,15:00,15:00,+0h,2.0,复习,12,完成本节内容
Sofia_455,小组课,Anna,L001861,2026-08-27,周四,jueves,Thursday,15:00,21:00,+6h,2.0,语法,3,完成本节内容
Mason_188（教务）,小组课,Anna,L001861,2026/08/27,周四,jueves,Thursday,15:00,09:00,-6h,2.0,口语,5,完成本节内容
Mason_438,班课,Sandra,L001862,2026-08-23,周日,domingo,Sunday,15:00,06:00,-9h,1.0,语法,1,课堂参与积极
Mason_438,小组课,Sandra（教务）,L001863,08/30/2026,周日,domingo,Sunday,15:00,06:00,-9h,1.67,语法,13,完成本节内容
Jason_194,班课,Pablo,L001864,2025-07-23,周三,miércoles,Wednesday,18:00,12:00,-6h,1.0,听力,2,课堂参与积极
Elynn173,班课,Pablo,L001864,2025/07/23,周三,miércoles,Wednesday,18:00,18:00,+0h,1.0,口语,4,课堂参与积极
Mia_275（教务）,班课,Pablo,L001864,2025/07/23,周三,miércoles,Wednesday,18:00,02:00,+8h,1.0,语法,1,课堂参与积极
Jason_194,小组课,Pablo,L001865,2025-07-30,周三,miércoles,Wednesday,18:00,12:00,-6h,1.0,语法,9,语法掌握一般
Elynn_173,班课,Pablo,L001865,2025-07-30,周三,miércoles,Wednesday,18:00,18:00,+0h,1.0,阅读,5,语法掌握一般
Mia_275,小组课,Pablo（教务）,L001865,2025-07-30,周三,miércoles,Wednesday,18:00,02:00,+8h,1.0,语法,14,语法掌握一般
Jason_194,小组课,Pablo,L001866,08/06/2025,周三,miércoles,Wednesday,18:00,12:00,-6h,1.67,语法,9,课堂参与积极
Elynn_173（教务）,班课,Pablo,L001866,08/06/2025,周三,miércoles,Wednesday,18:00,18:00,+0h,1.67,阅读,4,课堂参与积极
Mia275,小组课,Pablo,L001866,2025-08-06,周三,miércoles,Wednesday,18:00,02:00,+8h,1.67,复习,8,课堂参与积极
Jason_194（教务）,小组课,Pablo,L001867,2025-08-13,周三,miércoles,Wednesday,18:00,12:00,-6h,2.0,语法,7,完成本节内容
Elynn173,小组课,Pablo,L001867,2025-08-13,周三,miércoles,Wednesday,18:00,18:00,+0h,2.0,口语,8,完成本节内容
Mia_275,小组课,Pablo,L001867,2025年8月13日,周三,miércoles,Wednesday,18:00,02:00,+8h,2.0,阅读,13,完成本节内容
Jason_194,小组课,Pablo,L001868,2025年8月20日,周三,miércoles,Wednesday,18:00,12:00,-6h,1.0,语法,1,
Elynn_173,班课,Pablo,L001868,08/20/2025,周三,miércoles,Wednesday,18:00,18:00,+0h,1.0,语法,11,
Mia_275,小组课,Pablo,L001868,2025年8月20日,周三,miércoles,Wednesday,18:00,02:00,+8h,1.0,复习,3,
Jason_194,小组课,Pablo,L001869,08/27/2025,周三,miércoles,Wednesday,18:00,12:00,-6h,1.67,阅读,10,语法掌握一般
Elynn_173,小组课,Pablo,L001869,08/27/2025,周三,miércoles,Wednesday,18:00,18:00,+0h,1.67,口语,4,语法掌握一般
Mia_275,班课,Pablo,L001869,2025年8月27日,周三,miércoles,Wednesday,18:00,02:00,+8h,1.67,语法,4,语法掌握一般
Jason194,小组课,Pablo,L001870,2025-09-03,周三,miércoles,Wednesday,18:00,12:00,-6h,1.67,语法,13,完成本节内容
Elynn_173,班课,Pablo,L001870,2025-09-03,周三,miércoles,Wednesday,18:00,18:00,+0h,1.67,复习,6,完成本节内容
Mia_275,小组课,Pablo,L001870,09/03/2025,周三,miércoles,Wednesday,18:00,02:00,+8h,1.67,复习,1,完成本节内容
Jason194,班课,Pablo（教务）,L001871,2025/09/10,周三,miércoles,Wednesday,18:00,12:00,-6h,1.67,听力,9,课堂参与积极
Elynn_173,小组课,Pablo,L001871,09/10/2025,周三,miércoles,Wednesday,18:00,18:00,+0h,1.67,复习,7,课堂参与积极
Mia275,小组课,Pablo,L001871,2025/09/10,周三,miércoles,Wednesday,18:00,02:00,+8h,1.67,语法,12,课堂参与积极
Jason194,小组课,Pablo（教务）,L001872,2025-09-17,周三,miércoles,Wednesday,18:00,11:00,-7h,1.0,口语,7,完成本节内容
Elynn_173,班课,Pablo（教务）,L001872,2025-09-17,周三,miércoles,Wednesday,18:00,18:00,+0h,1.0,阅读,13,完成本节内容
Mia_275,班课,Pablo,L001872,2025-09-17,周三,miércoles,Wednesday,18:00,02:00,+8h,1.0,口语,3,完成本节内容
Jason194,小组课,Pablo,L001873,2025-09-24,周三,miércoles,Wednesday,18:00,12:00,-6h,1.0,复习,2,课堂参与积极
Elynn_173,小组课,Pablo,L001873,2025年9月24日,周三,miércoles,Wednesday,18:00,18:00,+0h,1.0,语法,2,课堂参与积极
Mia275,班课,Pablo,L001873,2025年9月24日,周三,miércoles,Wednesday,18:00,02:00,+8h,1.0,复习,9,课堂参与积极
Jason_194,班课,Pablo（教务）,L001874,10/01/2025,周三,miércoles,Wednesday,18:00,12:00,-6h,1.0,口语,1,
Elynn_173（教务）,小组课,Pablo（教务）,L001874,2025/10/01,周三,miércoles,Wednesday,18:00,18:00,+0h,1.0,语法,6,
Mia_275,班课,Pablo,L001874,2025/10/01,周三,miércoles,Wednesday,18:00,02:00,+8h,1.0,复习,10,
Jason_194,小组课,Pablo（教务）,L001875,2025-10-08,周三,miércoles,Wednesday,18:00,12:00,-6h,1.5,听力,10,课堂参与积极
Elynn173,小组课,Pablo,L001875,10/08/2025,周三,miércoles,Wednesday,18:00,18:00,+0h,1.5,复习,3,课堂参与积极
Mia_275,班课,Pablo,L001875,2025/10/08,周三,miércoles,Wednesday,18:00,03:00,+9h,1.5,复习,1,课堂参与积极
Jason_194（教务）,班课,Pablo,L001876,2025/10/15,周三,miércoles,Wednesday,18:00,12:00,-6h,1.0,口语,13,语法掌握一般
Elynn_173,班课,Pablo,L001876,2025/10/15,周三,miércoles,Wednesday,18:00,18:00,+0h,1.0,阅读,13,语法掌握一般
Mia275,小组课,Pablo,L001876,2025/10/15,周三,miércoles,Wednesday,18:00,03:00,+9h,1.0,听力,6,语法掌握一般
Jason194,小组课,Pablo,L001877,10/22/2025,周三,miércoles,Wednesday,18:00,09:00,-9h,1.67,阅读,7,完成本节内容
Elynn_173,小组课,Pablo,L001877,10/22/2025,周三,miércoles,Wednesday,18:00,18:00,+0h,1.67,阅读,12,完成本节内容
Mia_275（教务）,小组课,Pablo,L001877,2025/10/22,周三,miércoles,Wednesday,18:00,03:00,+9h,1.67,语法,2,完成本节内容
Jason_194,班课,Pablo,L001878,2025/10/29,周三,miércoles,Wednesday,18:00,13:00,-5h,1.67,阅读,14,语法掌握一般
Elynn_173,小组课,Pablo,L001878,10/29/2025,周三,miércoles,Wednesday,18:00,18:00,+0h,1.67,口语,3,语法掌握一般
Mia_275,小组课,Pablo,L001878,2025/10/29,周三,miércoles,Wednesday,18:00,04:00,+10h,1.67,阅读,9,语法掌握一般
Jason194,小组课,Pablo,L001879,2025-11-05,周三,miércoles,Wednesday,18:00,12:00,-6h,1.0,口语,11,课堂参与积极
Elynn_173,小组课,Pablo,L001879,2025/11/05,周三,miércoles,Wednesday,18:00,18:00,+0h,1.0,口语,1,课堂参与积极
Mia_275,小组课,Pablo,L001879,2025年11月5日,周三,miércoles,Wednesday,18:00,04:00,+10h,1.0,阅读,7,课堂参与积极
Jason_194,小组课,Pablo,L001880,2025-11-12,周三,miércoles,Wednesday,18:00,14:00,-4h,1.0,语法,12,需要加强口语练习
Elynn173,班课,Pablo,L001880,2025-11-12,周三,miércoles,Wednesday,18:00,18:00,+0h,1.0,口语,2,需要加强口语练习
Mia_275,班课,Pablo,L001880,2025-11-12,周三,miércoles,Wednesday,18:00,04:00,+10h,1.0,听力,7,需要加强口语练习
Jason_194（教务）,班课,Pablo,L001881,2025/11/19,周三,miércoles,Wednesday,18:00,12:00,-6h,1.0,语法,12,需要加强口语练习
Elynn_173,班课,Pablo,L001881,2025/11/19,周三,miércoles,Wednesday,18:00,18:00,+0h,1.0,阅读,14,需要加强口语练习
Mia275,小组课,Pablo,L001881,2025年11月19日,周三,miércoles,Wednesday,18:00,04:00,+10h,1.0,复习,1,需要加强口语练习
Jason_194,班课,Pablo,L001882,2025年11月26日,周三,miércoles,Wednesday,18:00,12:00,-6h,1.67,复习,9,
Elynn_173,班课,Pablo,L001882,2025/11/26,周三,miércoles,Wednesday,18:00,18:00,+0h,1.67,语法,6,
Mia_275,班课,Pablo（教务）,L001882,2025/11/26,周三,miércoles,Wednesday,18:00,04:00,+10h,1.67,听力,4,
Jason_194,班课,Pablo（教务）,L001883,2025/12/03,周三,miércoles,Wednesday,18:00,12:00,-6h,1.0,复习,9,完成本节内容
Elynn_173,小组课,Pablo,L001883,2025-12-03,周三,miércoles,Wednesday,18:00,17:00,-1h,1.0,阅读,12,完成本节内容
Mia_275,小组课,Pablo,L001883,2025/12/03,周三,miércoles,Wednesday,18:00,04:00,+10h,1.0,听力,12,完成本节内容
Jason_194（教务）,小组课,Pablo,L001884,2025-12-10,周三,miércoles,Wednesday,18:00,12:00,-6h,1.0,口语,4,完成本节内容
Elynn_173,班课,Pablo,L001884,2025-12-10,周三,miércoles,Wednesday,18:00,18:00,+0h,1.0,复习,5,完成本节内容
Mia_275,小组课,Pablo,L001884,2025年12月10日,周三,miércoles,Wednesday,18:00,05:00,+11h,1.0,语法,10,完成本节内容
Jason_194,小组课,Pablo,L001885,2025-12-17,周三,miércoles,Wednesday,18:00,11:00,-7h,1.0,语法,4,语法掌握一般
Elynn173,班课,Pablo,L001885,2025-12-17,周三,miércoles,Wednesday,18:00,18:00,+0h,1.0,口语,10,语法掌握一般
Mia_275（教务）,班课,Pablo（教务）,L001885,2025-12-17,周三,miércoles,Wednesday,18:00,04:00,+10h,1.0,阅读,9,语法掌握一般
Jason_194,小组课,Pablo,L001886,2025年12月24日,周三,miércoles,Wednesday,18:00,12:00,-6h,1.5,口语,13,完成本节内容
Elynn_173（教务）,小组课,Pablo,L001886,2025/12/24,周三,miércoles,Wednesday,18:00,18:00,+0h,1.5,复习,6,完成本节内容
Mia_275,班课,Pablo,L001886,2025-12-24,周三,miércoles,Wednesday,18:00,02:00,+8h,1.5,口语,7,完成本节内容
Jason_194,小组课,Pablo,L001887,2025-12-31,周三,miércoles,Wednesday,18:00,12:00,-6h,1.0,语法,6,完成本节内容
Elynn_173,班课,Pablo,L001887,2025-12-31,周三,miércoles,Wednesday,18:00,18:00,+0h,1.0,阅读,12,完成本节内容
Mia_275,小组课,Pablo,L001887,12/31/2025,周三,miércoles,Wednesday,18:00,04:00,+10h,1.0,听力,2,完成本节内容
Jason_194,班课,Pablo,L001888,2026-01-07,周三,miércoles,Wednesday,18:00,12:00,-6h,2.0,口语,2,课堂参与积极
Elynn_173,小组课,Pablo（教务）,L001888,01/07/2026,周三,miércoles,Wednesday,18:00,18:00,+0h,2.0,语法,5,课堂参与积极
Mia_275,小组课,Pablo,L001888,2026/01/07,周三,miércoles,Wednesday,18:00,04:00,+10h,2.0,听力,14,课堂参与积极
Jason_194,班课,Pablo,L001889,2026-01-14,周三,miércoles,Wednesday,18:00,12:00,-6h,1.5,口语,13,完成本节内容
Elynn_173,小组课,Pablo,L001889,2026/01/14,周三,miércoles,Wednesday,18:00,18:00,+0h,1.5,语法,4,完成本节内容
Mia_275,班课,Pablo,L001889,2026-01-14,周三,miércoles,Wednesday,18:00,02:00,+8h,1.5,语法,7,完成本节内容
Jason_194,班课,Pablo,L001890,01/21/2026,周三,miércoles,Wednesday,18:00,12:00,-6h,1.0,听力,3,需要加强口语练习
Elynn173,小组课,Pablo,L001890,2026-01-21,周三,miércoles,Wednesday,18:00,21:00,+3h,1.0,口语,4,需要加强口语练习
Mia_275,班课,Pablo,L001890,2026-01-21,周三,miércoles,Wednesday,18:00,04:00,+10h,1.0,语法,2,需要加强口语练习
Jason_194,小组课,Pablo,L001891,2026/01/28,周三,miércoles,Wednesday,18:00,12:00,-6h,1.0,复习,1,需要加强口语练习
Elynn_173（教务）,小组课,Pablo,L001891,2026年1月28日,周三,miércoles,Wednesday,18:00,20:00,+2h,1.0,语法,9,需要加强口语练习
Mia_275,班课,Pablo,L001891,01/28/2026,周三,miércoles,Wednesday,18:00,04:00,+10h,1.0,阅读,2,需要加强口语练习
Jason_194,小组课,Pablo,L001892,2026/02/04,周三,miércoles,Wednesday,18:00,12:00,-6h,1.5,语法,4,需要加强口语练习
Elynn_173,小组课,Pablo（教务）,L001892,2026/02/04,周三,miércoles,Wednesday,18:00,18:00,+0h,1.5,口语,3,需要加强口语练习
Mia_275,班课,Pablo（教务）,L001892,2026/02/04,周三,miércoles,Wednesday,18:00,04:00,+10h,1.5,语法,11,需要加强口语练习
Jason_194,小组课,Pablo,L001893,2026年2月11日,周三,miércoles,Wednesday,18:00,12:00,-6h,1.0,口语,3,完成本节内容
Elynn_173,小组课,Pablo,L001893,2026-02-11,周三,miércoles,Wednesday,18:00,18:00,+0h,1.0,语法,8,完成本节内容
Mia_275（教务）,班课,Pablo,L001893,2026年2月11日,周三,miércoles,Wednesday,18:00,04:00,+10h,1.0,阅读,8,完成本节内容
Jason_194,小组课,Pablo,L001894,2026-02-18,周三,miércoles,Wednesday,18:00,12:00,-6h,1.0,口语,2,课堂参与积极
Elynn_173（教务）,小组课,Pablo,L001894,02/18/2026,周三,miércoles,Wednesday,18:00,19:00,+1h,1.0,复习,13,课堂参与积极
Mia_275,小组课,Pablo,L001894,2026/02/18,周三,miércoles,Wednesday,18:00,04:00,+10h,1.0,口语,10,课堂参与积极
Jason_194（教务）,班课,Pablo,L001895,2026-02-25,周三,miércoles,Wednesday,18:00,12:00,-6h,1.0,复习,13,完成本节内容
Elynn_173,小组课,Pablo,L001895,2026/02/25,周三,miércoles,Wednesday,18:00,18:00,+0h,1.0,听力,1,完成本节内容
Mia_275,班课,Pablo,L001895,2026年2月25日,周三,miércoles,Wednesday,18:00,05:00,+11h,1.0,复习,3,完成本节内容
Jason_194（教务）,小组课,Pablo,L001896,2026-03-04,周三,miércoles,Wednesday,18:00,12:00,-6h,1.0,阅读,7,课堂参与积极
Elynn_173,班课,Pablo,L001896,03/04/2026,周三,miércoles,Wednesday,18:00,18:00,+0h,1.0,听力,9,课堂参与积极
Mia_275,小组课,Pablo,L001896,2026/03/04,周三,miércoles,Wednesday,18:00,04:00,+10h,1.0,复习,5,课堂参与积极
Jason_194,班课,Pablo,L001897,2026-03-11,周三,miércoles,Wednesday,18:00,13:00,-5h,1.0,口语,13,需要加强口语练习
Elynn_173（教务）,小组课,Pablo,L001897,03/11/2026,周三,miércoles,Wednesday,18:00,18:00,+0h,1.0,语法,2,需要加强口语练习
Mia275,班课,Pablo,L001897,2026-03-11,周三,miércoles,Wednesday,18:00,04:00,+10h,1.0,复习,5,需要加强口语练习
Jason_194,班课,Pablo,L001898,2026年3月18日,周三,miércoles,Wednesday,18:00,13:00,-5h,2.0,阅读,7,语法掌握一般
Elynn173,小组课,Pablo,L001898,03/18/2026,周三,miércoles,Wednesday,18:00,18:00,+0h,2.0,语法,6,语法掌握一般
Mia_275,班课,Pablo,L001898,2026-03-18,周三,miércoles,Wednesday,18:00,05:00,+11h,2.0,阅读,6,语法掌握一般
Jason_194,班课,Pablo,L001899,2026-03-25,周三,miércoles,Wednesday,18:00,13:00,-5h,1.0,阅读,13,
Elynn_173,班课,Pablo（教务）,L001899,03/25/2026,周三,miércoles,Wednesday,18:00,18:00,+0h,1.0,复习,13,
Mia275,小组课,Pablo（教务）,L001899,2026年3月25日,周三,miércoles,Wednesday,18:00,04:00,+10h,1.0,听力,2,
Jason_194,班课,Pablo,L001900,04/01/2026,周三,miércoles,Wednesday,18:00,12:00,-6h,1.67,阅读,2,需要加强口语练习
Elynn_173,班课,Pablo,L001900,2026/04/01,周三,miércoles,Wednesday,18:00,18:00,+0h,1.67,阅读,2,需要加强口语练习
Mia275,班课,Pablo,L001900,2026-04-01,周三,miércoles,Wednesday,18:00,03:00,+9h,1.67,听力,8,需要加强口语练习
Jason_194,小组课,Pablo,L001901,2026年4月8日,周三,miércoles,Wednesday,18:00,13:00,-5h,1.67,口语,14,完成本节内容
Elynn_173,小组课,Pablo,L001901,2026-04-08,周三,miércoles,Wednesday,18:00,18:00,+0h,1.67,听力,2,完成本节内容
Mia_275,小组课,Pablo,L001901,2026-04-08,周三,miércoles,Wednesday,18:00,02:00,+8h,1.67,口语,2,完成本节内容
Jason_194,小组课,Pablo,L001902,04/15/2026,周三,miércoles,Wednesday,18:00,12:00,-6h,1.0,复习,6,语法掌握一般
Elynn_173,小组课,Pablo,L001902,2026/04/15,周三,miércoles,Wednesday,18:00,18:00,+0h,1.0,听力,2,语法掌握一般
Mia_275,班课,Pablo,L001902,2026-04-15,周三,miércoles,Wednesday,18:00,02:00,+8h,1.0,听力,9,语法掌握一般
Jason_194,小组课,Pablo,L001903,2026/04/22,周三,miércoles,Wednesday,18:00,12:00,-6h,1.67,复习,4,完成本节内容
Elynn_173,小组课,Pablo,L001903,04/22/2026,周三,miércoles,Wednesday,18:00,18:00,+0h,1.67,口语,10,完成本节内容
Mia275,班课,Pablo,L001903,2026-04-22,周三,miércoles,Wednesday,18:00,01:00,+7h,1.67,听力,3,完成本节内容
Jason_194,班课,Pablo,L001904,2026年4月29日,周三,miércoles,Wednesday,18:00,12:00,-6h,1.67,听力,8,需要加强口语练习
Elynn_173,小组课,Pablo,L001904,2026-04-29,周三,miércoles,Wednesday,18:00,18:00,+0h,1.67,复习,10,需要加强口语练习
Mia_275,小组课,Pablo,L001904,2026-04-29,周三,miércoles,Wednesday,18:00,02:00,+8h,1.67,语法,4,需要加强口语练习
Jason_194,小组课,Pablo,L001905,05/06/2026,周三,miércoles,Wednesday,18:00,12:00,-6h,1.5,口语,14,完成本节内容
Elynn_173,小组课,Pablo,L001905,2026-05-06,周三,miércoles,Wednesday,18:00,17:00,-1h,1.5,阅读,13,完成本节内容
Mia275,小组课,Pablo,L001905,2026/05/06,周三,miércoles,Wednesday,18:00,02:00,+8h,1.5,口语,11,完成本节内容
Jason_194,班课,Pablo,L001906,2026-05-13,周三,miércoles,Wednesday,18:00,12:00,-6h,1.67,语法,5,需要加强口语练习
Elynn_173,班课,Pablo,L001906,2026-05-13,周三,miércoles,Wednesday,18:00,18:00,+0h,1.67,复习,4,需要加强口语练习
Mia_275,班课,Pablo,L001906,2026年5月13日,周三,miércoles,Wednesday,18:00,02:00,+8h,1.67,阅读,9,需要加强口语练习
Jason194,班课,Pablo,L001907,2026/05/20,周三,miércoles,Wednesday,18:00,12:00,-6h,1.5,阅读,8,语法掌握一般
Elynn_173,班课,Pablo,L001907,2026/05/20,周三,miércoles,Wednesday,18:00,18:00,+0h,1.5,语法,9,语法掌握一般
Mia_275,小组课,Pablo,L001907,2026年5月20日,周三,miércoles,Wednesday,18:00,02:00,+8h,1.5,语法,9,语法掌握一般
Jason_194（教务）,小组课,Pablo,L001908,2026-05-27,周三,miércoles,Wednesday,18:00,12:00,-6h,1.0,听力,10,语法掌握一般
Elynn_173,小组课,Pablo（教务）,L001908,2026-05-27,周三,miércoles,Wednesday,18:00,19:00,+1h,1.0,语法,9,语法掌握一般
Mia_275,班课,Pablo,L001908,2026/05/27,周三,miércoles,Wednesday,18:00,02:00,+8h,1.0,复习,8,语法掌握一般
Jason_194,小组课,Pablo,L001909,2026-06-03,周三,miércoles,Wednesday,18:00,12:00,-6h,1.67,阅读,3,
Elynn_173,小组课,Pablo,L001909,06/03/2026,周三,miércoles,Wednesday,18:00,18:00,+0h,1.67,听力,8,
Mia_275,小组课,Pablo,L001909,06/03/2026,周三,miércoles,Wednesday,18:00,02:00,+8h,1.67,语法,14,
Jason194,小组课,Pablo,L001910,2026/06/10,周三,miércoles,Wednesday,18:00,12:00,-6h,1.5,口语,2,完成本节内容
Elynn_173（教务）,小组课,Pablo,L001910,2026年6月10日,周三,miércoles,Wednesday,18:00,16:00,-2h,1.5,听力,8,完成本节内容
Mia275,小组课,Pablo,L001910,2026-06-10,周三,miércoles,Wednesday,18:00,00:00,+6h,1.5,口语,7,完成本节内容
Jason_194,班课,Pablo（教务）,L001911,2026-06-17,周三,miércoles,Wednesday,18:00,12:00,-6h,1.5,口语,2,完成本节内容
Elynn_173,小组课,Pablo,L001911,2026/06/17,周三,miércoles,Wednesday,18:00,18:00,+0h,1.5,听力,7,完成本节内容
Mia_275,班课,Pablo,L001911,2026-06-17,周三,miércoles,Wednesday,18:00,02:00,+8h,1.5,语法,9,完成本节内容
Jason_194,小组课,Pablo,L001912,2026年6月24日,周三,miércoles,Wednesday,18:00,12:00,-6h,1.5,口语,3,完成本节内容
Elynn_173,小组课,Pablo,L001912,2026/06/24,周三,miércoles,Wednesday,18:00,17:00,-1h,1.5,语法,14,完成本节内容
Mia_275,小组课,Pablo,L001912,2026/06/24,周三,miércoles,Wednesday,18:00,02:00,+8h,1.5,语法,10,完成本节内容
Jason_194（教务）,班课,Pablo,L001913,07/01/2026,周三,miércoles,Wednesday,18:00,12:00,-6h,1.0,语法,7,完成本节内容
Elynn_173（教务）,小组课,Pablo（教务）,L001913,2026/07/01,周三,miércoles,Wednesday,18:00,15:00,-3h,1.0,语法,1,完成本节内容
Mia_275（教务）,班课,Pablo（教务）,L001913,2026-07-01,周三,miércoles,Wednesday,18:00,02:00,+8h,1.0,语法,8,完成本节内容
Jason_194,班课,Pablo,L001914,07/08/2026,周三,miércoles,Wednesday,18:00,12:00,-6h,1.67,口语,3,完成本节内容
Elynn_173,小组课,Pablo,L001914,2026-07-08,周三,miércoles,Wednesday,18:00,18:00,+0h,1.67,复习,13,完成本节内容
Mia_275,小组课,Pablo,L001914,2026年7月8日,周三,miércoles,Wednesday,18:00,02:00,+8h,1.67,口语,14,完成本节内容
Jason_194,小组课,Pablo,L001915,2026年7月15日,周三,miércoles,Wednesday,18:00,12:00,-6h,1.0,听力,7,课堂参与积极
Elynn173,小组课,Pablo,L001915,2026-07-15,周三,miércoles,Wednesday,18:00,18:00,+0h,1.0,口语,10,课堂参与积极
Mia_275,班课,Pablo,L001915,2026/07/15,周三,miércoles,Wednesday,18:00,02:00,+8h,1.0,复习,3,课堂参与积极
Jason_194,小组课,Pablo,L001916,2026/07/22,周三,miércoles,Wednesday,18:00,12:00,-6h,1.0,听力,3,完成本节内容
Elynn173,班课,Pablo,L001916,2026-07-22,周三,miércoles,Wednesday,18:00,18:00,+0h,1.0,语法,14,完成本节内容
Mia_275（教务）,班课,Pablo,L001916,07/22/2026,周三,miércoles,Wednesday,18:00,02:00,+8h,1.0,阅读,4,完成本节内容
Jason_194,小组课,Pablo,L001917,2026-07-29,周三,miércoles,Wednesday,18:00,12:00,-6h,1.67,复习,9,课堂参与积极
Elynn_173,小组课,Pablo,L001917,2026-07-29,周三,miércoles,Wednesday,18:00,18:00,+0h,1.67,复习,5,课堂参与积极
Mia_275,班课,Pablo,L001917,2026-07-29,周三,miércoles,Wednesday,18:00,02:00,+8h,1.67,口语,3,课堂参与积极
Jason194,班课,Pablo,L001918,2026年8月5日,周三,miércoles,Wednesday,18:00,12:00,-6h,1.0,口语,4,语法掌握一般
Elynn_173,班课,Pablo,L001918,2026年8月5日,周三,miércoles,Wednesday,18:00,18:00,+0h,1.0,复习,7,语法掌握一般
Mia_275,班课,Pablo,L001918,2026/08/05,周三,miércoles,Wednesday,18:00,02:00,+8h,1.0,口语,9,语法掌握一般
Jason_194,小组课,Pablo,L001919,2026/08/12,周三,miércoles,Wednesday,18:00,12:00,-6h,1.5,口语,8,
Elynn173,班课,Pablo,L001919,2026年8月12日,周三,miércoles,Wednesday,18:00,18:00,+0h,1.5,复习,12,
Mia_275,班课,Pablo,L001919,2026年8月12日,周三,miércoles,Wednesday,18:00,02:00,+8h,1.5,阅读,9,
Jason_194,小组课,Pablo,L001920,2026-08-19,周三,miércoles,Wednesday,18:00,12:00,-6h,1.0,阅读,1,需要加强口语练习
Elynn_173,小组课,Pablo,L001920,2026-08-19,周三,miércoles,Wednesday,18:00,18:00,+0h,1.0,复习,14,需要加强口语练习
Mia_275,班课,Pablo,L001920,2026-08-19,周三,miércoles,Wednesday,18:00,02:00,+8h,1.0,听力,13,需要加强口语练习
Jason_194,班课,Pablo,L001921,2026-08-26,周三,miércoles,Wednesday,18:00,12:00,-6h,2.0,口语,8,完成本节内容
Elynn173,班课,Pablo（教务）,L001921,2026-08-26,周三,miércoles,Wednesday,18:00,18:00,+0h,2.0,语法,14,完成本节内容
Mia_275（教务）,小组课,Pablo,L001921,2026-08-26,周三,miércoles,Wednesday,18:00,03:00,+9h,2.0,阅读,10,完成本节内容
Liam_391,班课,Alba,L001922,2025年12月21日,周日,domingo,Sunday,18:00,09:00,-9h,1.67,口语,9,完成本节内容
Sarah_148,小组课,Alba,L001922,2025年12月21日,周日,domingo,Sunday,18:00,12:00,-6h,1.67,阅读,12,完成本节内容
Jack_418,班课,Alba,L001922,2025-12-21,周日,domingo,Sunday,18:00,04:00,+10h,1.67,听力,13,完成本节内容
David200,小组课,Alba,L001922,12/21/2025,周日,domingo,Sunday,18:00,17:00,-1h,1.67,口语,1,完成本节内容
Nina_145（教务）,小组课,Alba,L001922,12/21/2025,周日,domingo,Sunday,18:00,09:00,-9h,1.67,复习,3,完成本节内容
Liam_391,班课,Alba,L001923,2025-12-28,周日,domingo,Sunday,18:00,09:00,-9h,1.0,阅读,9,完成本节内容
Sarah_148,小组课,Alba,L001923,2025年12月28日,周日,domingo,Sunday,18:00,12:00,-6h,1.0,语法,8,完成本节内容
Jack_418（教务）,小组课,Alba,L001923,12/28/2025,周日,domingo,Sunday,18:00,06:00,+12h,1.0,阅读,4,完成本节内容
David_200,班课,Alba,L001923,12/28/2025,周日,domingo,Sunday,18:00,17:00,-1h,1.0,阅读,11,完成本节内容
Nina_145,小组课,Alba,L001923,2025-12-28,周日,domingo,Sunday,18:00,09:00,-9h,1.0,阅读,13,完成本节内容
Liam_391,班课,Alba,L001924,2026/01/04,周日,domingo,Sunday,18:00,10:00,-8h,1.67,听力,1,完成本节内容
Sarah_148,班课,Alba,L001924,2026-01-04,周日,domingo,Sunday,18:00,12:00,-6h,1.67,听力,4,完成本节内容
Jack_418,班课,Alba,L001924,2026-01-04,周日,domingo,Sunday,18:00,04:00,+10h,1.67,语法,11,完成本节内容
David_200,班课,Alba（教务）,L001924,2026-01-04,周日,domingo,Sunday,18:00,17:00,-1h,1.67,口语,13,完成本节内容
Nina145,小组课,Alba,L001924,2026-01-04,周日,domingo,Sunday,18:00,09:00,-9h,1.67,口语,14,完成本节内容
Liam_391,小组课,Alba,L001925,2026-01-11,周日,domingo,Sunday,18:00,09:00,-9h,1.0,听力,13,课堂参与积极
Sarah_148,班课,Alba,L001925,2026/01/11,周日,domingo,Sunday,18:00,12:00,-6h,1.0,语法,13,课堂参与积极
Jack_418（教务）,小组课,Alba,L001925,2026-01-11,周日,domingo,Sunday,18:00,04:00,+10h,1.0,阅读,2,课堂参与积极
David_200,小组课,Alba,L001925,2026/01/11,周日,domingo,Sunday,18:00,17:00,-1h,1.0,阅读,3,课堂参与积极
Nina145,小组课,Alba,L001925,2026/01/11,周日,domingo,Sunday,18:00,09:00,-9h,1.0,听力,1,课堂参与积极
Liam_391（教务）,小组课,Alba,L001926,2026/01/18,周日,domingo,Sunday,18:00,09:00,-9h,1.0,听力,12,课堂参与积极
Sarah_148,班课,Alba,L001926,01/18/2026,周日,domingo,Sunday,18:00,12:00,-6h,1.0,口语,2,课堂参与积极
Jack_418,小组课,Alba,L001926,2026-01-18,周日,domingo,Sunday,18:00,04:00,+10h,1.0,语法,13,课堂参与积极
David_200,小组课,Alba,L001926,01/18/2026,周日,domingo,Sunday,18:00,17:00,-1h,1.0,口语,13,课堂参与积极
Nina145,小组课,Alba,L001926,2026-01-18,周日,domingo,Sunday,18:00,09:00,-9h,1.0,听力,4,课堂参与积极
Liam_391,小组课,Alba,L001927,2026年1月25日,周日,domingo,Sunday,18:00,09:00,-9h,1.67,语法,12,语法掌握一般
Sarah_148（教务）,小组课,Alba,L001927,01/25/2026,周日,domingo,Sunday,18:00,12:00,-6h,1.67,复习,7,语法掌握一般
Jack418,小组课,Alba,L001927,2026/01/25,周日,domingo,Sunday,18:00,04:00,+10h,1.67,听力,14,语法掌握一般
David_200,小组课,Alba,L001927,2026-01-25,周日,domingo,Sunday,18:00,17:00,-1h,1.67,口语,11,语法掌握一般
Nina_145,班课,Alba,L001927,2026年1月25日,周日,domingo,Sunday,18:00,09:00,-9h,1.67,阅读,10,语法掌握一般
Liam_391,班课,Alba,L001928,2026-02-01,周日,domingo,Sunday,18:00,10:00,-8h,1.67,口语,13,完成本节内容
Sarah_148,班课,Alba,L001928,02/01/2026,周日,domingo,Sunday,18:00,12:00,-6h,1.67,口语,3,完成本节内容
Jack_418,班课,Alba,L001928,2026年2月1日,周日,domingo,Sunday,18:00,04:00,+10h,1.67,听力,3,完成本节内容
David_200,班课,Alba,L001928,02/01/2026,周日,domingo,Sunday,18:00,17:00,-1h,1.67,听力,11,完成本节内容
Nina_145,班课,Alba,L001928,2026-02-01,周日,domingo,Sunday,18:00,09:00,-9h,1.67,口语,14,完成本节内容
Liam_391,班课,Alba（教务）,L001929,2026-02-08,周日,domingo,Sunday,18:00,09:00,-9h,1.0,阅读,12,完成本节内容
Sarah_148,班课,Alba,L001929,2026-02-08,周日,domingo,Sunday,18:00,12:00,-6h,1.0,语法,6,完成本节内容
Jack418,小组课,Alba,L001929,2026-02-08,周日,domingo,Sunday,18:00,04:00,+10h,1.0,语法,10,完成本节内容
David_200,小组课,Alba（教务）,L001929,02/08/2026,周日,domingo,Sunday,18:00,17:00,-1h,1.0,语法,12,完成本节内容
Nina_145,班课,Alba,L001929,02/08/2026,周日,domingo,Sunday,18:00,09:00,-9h,1.0,口语,6,完成本节内容
Liam_391,班课,Alba,L001930,2026/02/15,周日,domingo,Sunday,18:00,09:00,-9h,1.0,语法,9,语法掌握一般
Sarah148,班课,Alba,L001930,2026年2月15日,周日,domingo,Sunday,18:00,12:00,-6h,1.0,阅读,12,语法掌握一般
Jack_418,小组课,Alba,L001930,02/15/2026,周日,domingo,Sunday,18:00,04:00,+10h,1.0,复习,11,语法掌握一般
David_200,班课,Alba,L001930,2026/02/15,周日,domingo,Sunday,18:00,17:00,-1h,1.0,阅读,1,语法掌握一般
Nina_145,班课,Alba,L001930,2026/02/15,周日,domingo,Sunday,18:00,09:00,-9h,1.0,语法,4,语法掌握一般
Liam_391,班课,Alba,L001931,2026年2月22日,周日,domingo,Sunday,18:00,09:00,-9h,1.0,听力,8,语法掌握一般
Sarah_148,小组课,Alba,L001931,2026/02/22,周日,domingo,Sunday,18:00,12:00,-6h,1.0,口语,12,语法掌握一般
Jack_418,小组课,Alba,L001931,2026年2月22日,周日,domingo,Sunday,18:00,04:00,+10h,1.0,复习,6,语法掌握一般
David_200,班课,Alba,L001931,2026/02/22,周日,domingo,Sunday,18:00,17:00,-1h,1.0,语法,5,语法掌握一般
Nina_145,小组课,Alba,L001931,2026-02-22,周日,domingo,Sunday,18:00,09:00,-9h,1.0,口语,7,语法掌握一般
Liam_391,小组课,Alba（教务）,L001932,2026/03/01,周日,domingo,Sunday,18:00,09:00,-9h,1.67,听力,9,
Sarah148,班课,Alba,L001932,2026-03-01,周日,domingo,Sunday,18:00,12:00,-6h,1.67,阅读,5,
Jack418,班课,Alba（教务）,L001932,2026-03-01,周日,domingo,Sunday,18:00,04:00,+10h,1.67,口语,10,
David_200,班课,Alba,L001932,2026/03/01,周日,domingo,Sunday,18:00,17:00,-1h,1.67,语法,3,
Nina_145,班课,Alba,L001932,2026-03-01,周日,domingo,Sunday,18:00,09:00,-9h,1.67,语法,12,
Liam_391,班课,Alba,L001933,2026年3月8日,周日,domingo,Sunday,18:00,10:00,-8h,1.5,阅读,13,课堂参与积极
Sarah_148,小组课,Alba,L001933,2026-03-08,周日,domingo,Sunday,18:00,13:00,-5h,1.5,复习,3,课堂参与积极
Jack_418,班课,Alba,L001933,2026/03/08,周日,domingo,Sunday,18:00,05:00,+11h,1.5,听力,10,课堂参与积极
David_200,小组课,Alba（教务）,L001933,2026/03/08,周日,domingo,Sunday,18:00,17:00,-1h,1.5,阅读,1,课堂参与积极
Nina_145,小组课,Alba,L001933,2026/03/08,周日,domingo,Sunday,18:00,10:00,-8h,1.5,阅读,10,课堂参与积极
Liam391,小组课,Alba,L001934,2026/03/15,周日,domingo,Sunday,18:00,10:00,-8h,1.0,阅读,10,课堂参与积极
Sarah_148,小组课,Alba,L001934,2026-03-15,周日,domingo,Sunday,18:00,13:00,-5h,1.0,语法,4,课堂参与积极
Jack_418（教务）,班课,Alba,L001934,2026-03-15,周日,domingo,Sunday,18:00,04:00,+10h,1.0,听力,13,课堂参与积极
David_200,班课,Alba,L001934,2026-03-15,周日,domingo,Sunday,18:00,17:00,-1h,1.0,语法,7,课堂参与积极
Nina145,班课,Alba（教务）,L001934,2026-03-15,周日,domingo,Sunday,18:00,10:00,-8h,1.0,阅读,11,课堂参与积极
Liam391,小组课,Alba,L001935,2026-03-22,周日,domingo,Sunday,18:00,10:00,-8h,1.0,听力,4,需要加强口语练习
Sarah_148,小组课,Alba,L001935,03/22/2026,周日,domingo,Sunday,18:00,13:00,-5h,1.0,语法,5,需要加强口语练习
Jack_418,班课,Alba,L001935,03/22/2026,周日,domingo,Sunday,18:00,04:00,+10h,1.0,复习,7,需要加强口语练习
David_200,班课,Alba,L001935,2026/03/22,周日,domingo,Sunday,18:00,17:00,-1h,1.0,阅读,13,需要加强口语练习
Nina_145（教务）,小组课,Alba（教务）,L001935,2026-03-22,周日,domingo,Sunday,18:00,10:00,-8h,1.0,复习,8,需要加强口语练习
Liam_391,班课,Alba,L001936,03/29/2026,周日,domingo,Sunday,18:00,10:00,-8h,1.0,口语,14,需要加强口语练习
Sarah_148（教务）,班课,Alba（教务）,L001936,2026-03-29,周日,domingo,Sunday,18:00,12:00,-6h,1.0,复习,7,需要加强口语练习
Jack_418,班课,Alba,L001936,2026年3月29日,周日,domingo,Sunday,18:00,03:00,+9h,1.0,口语,3,需要加强口语练习
David_200,小组课,Alba,L001936,2026-03-29,周日,domingo,Sunday,18:00,17:00,-1h,1.0,口语,9,需要加强口语练习
Nina_145,小组课,Alba,L001936,2026年3月29日,周日,domingo,Sunday,18:00,09:00,-9h,1.0,听力,2,需要加强口语练习
Liam_391（教务）,小组课,Alba,L001937,2026/04/05,周日,domingo,Sunday,18:00,09:00,-9h,1.67,语法,12,课堂参与积极
Sarah_148,班课,Alba,L001937,2026年4月5日,周日,domingo,Sunday,18:00,12:00,-6h,1.67,听力,4,课堂参与积极
Jack_418,班课,Alba,L001937,2026-04-05,周日,domingo,Sunday,18:00,02:00,+8h,1.67,阅读,1,课堂参与积极
David200,班课,Alba,L001937,2026-04-05,周日,domingo,Sunday,18:00,17:00,-1h,1.67,听力,12,课堂参与积极
Nina_145,小组课,Alba,L001937,2026/04/05,周日,domingo,Sunday,18:00,09:00,-9h,1.67,听力,6,课堂参与积极
Liam_391（教务）,小组课,Alba,L001938,04/12/2026,周日,domingo,Sunday,18:00,09:00,-9h,1.67,复习,8,语法掌握一般
Sarah_148,班课,Alba,L001938,2026-04-12,周日,domingo,Sunday,18:00,12:00,-6h,1.67,复习,4,语法掌握一般
Jack_418,小组课,Alba,L001938,2026年4月12日,周日,domingo,Sunday,18:00,03:00,+9h,1.67,语法,9,语法掌握一般
David_200,班课,Alba,L001938,2026/04/12,周日,domingo,Sunday,18:00,17:00,-1h,1.67,语法,1,语法掌握一般
Nina145,班课,Alba,L001938,2026年4月12日,周日,domingo,Sunday,18:00,09:00,-9h,1.67,口语,2,语法掌握一般
Liam_391,小组课,Alba,L001939,2026年4月19日,周日,domingo,Sunday,18:00,09:00,-9h,1.0,语法,11,语法掌握一般
Sarah_148,班课,Alba,L001939,2026-04-19,周日,domingo,Sunday,18:00,12:00,-6h,1.0,听力,6,语法掌握一般
Jack_418,班课,Alba,L001939,2026-04-19,周日,domingo,Sunday,18:00,01:00,+7h,1.0,复习,5,语法掌握一般
David_200,小组课,Alba,L001939,04/19/2026,周日,domingo,Sunday,18:00,17:00,-1h,1.0,口语,11,语法掌握一般
Nina_145,小组课,Alba,L001939,04/19/2026,周日,domingo,Sunday,18:00,09:00,-9h,1.0,语法,2,语法掌握一般
Liam_391（教务）,小组课,Alba（教务）,L001940,04/26/2026,周日,domingo,Sunday,18:00,09:00,-9h,1.0,口语,9,
Sarah_148,班课,Alba,L001940,2026/04/26,周日,domingo,Sunday,18:00,12:00,-6h,1.0,语法,9,
Jack418,班课,Alba（教务）,L001940,04/26/2026,周日,domingo,Sunday,18:00,02:00,+8h,1.0,复习,6,
David_200,班课,Alba,L001940,2026年4月26日,周日,domingo,Sunday,18:00,17:00,-1h,1.0,阅读,13,
Nina_145,班课,Alba,L001940,04/26/2026,周日,domingo,Sunday,18:00,09:00,-9h,1.0,复习,8,
Liam_391,班课,Alba,L001941,2026/05/03,周日,domingo,Sunday,18:00,09:00,-9h,1.5,阅读,10,完成本节内容
Sarah_148,小组课,Alba,L001941,2026年5月3日,周日,domingo,Sunday,18:00,12:00,-6h,1.5,语法,10,完成本节内容
Jack_418,班课,Alba,L001941,2026-05-03,周日,domingo,Sunday,18:00,02:00,+8h,1.5,口语,3,完成本节内容
David_200,班课,Alba,L001941,2026-05-03,周日,domingo,Sunday,18:00,17:00,-1h,1.5,语法,11,完成本节内容
Nina145,班课,Alba,L001941,2026/05/03,周日,domingo,Sunday,18:00,09:00,-9h,1.5,口语,13,完成本节内容
Liam_391,班课,Alba,L001942,2026-05-10,周日,domingo,Sunday,18:00,09:00,-9h,1.0,语法,9,
Sarah_148,班课,Alba,L001942,2026/05/10,周日,domingo,Sunday,18:00,12:00,-6h,1.0,口语,2,
Jack_418,小组课,Alba,L001942,2026-05-10,周日,domingo,Sunday,18:00,02:00,+8h,1.0,听力,10,
David_200（教务）,小组课,Alba,L001942,2026-05-10,周日,domingo,Sunday,18:00,17:00,-1h,1.0,口语,2,
Nina_145,班课,Alba,L001942,2026/05/10,周日,domingo,Sunday,18:00,09:00,-9h,1.0,阅读,10,
Liam_391（教务）,班课,Alba,L001943,2026/05/17,周日,domingo,Sunday,18:00,09:00,-9h,1.0,听力,12,完成本节内容
Sarah148,班课,Alba,L001943,2026-05-17,周日,domingo,Sunday,18:00,12:00,-6h,1.0,语法,3,完成本节内容
Jack_418,小组课,Alba,L001943,2026-05-17,周日,domingo,Sunday,18:00,02:00,+8h,1.0,复习,8,完成本节内容
David200,班课,Alba,L001943,2026-05-17,周日,domingo,Sunday,18:00,17:00,-1h,1.0,语法,7,完成本节内容
Nina_145,班课,Alba,L001943,2026-05-17,周日,domingo,Sunday,18:00,09:00,-9h,1.0,语法,12,完成本节内容
Liam_391,班课,Alba,L001944,2026-05-24,周日,domingo,Sunday,18:00,09:00,-9h,1.0,复习,7,课堂参与积极
Sarah_148,小组课,Alba,L001944,2026-05-24,周日,domingo,Sunday,18:00,12:00,-6h,1.0,语法,10,课堂参与积极
Jack_418,小组课,Alba,L001944,05/24/2026,周日,domingo,Sunday,18:00,01:00,+7h,1.0,语法,13,课堂参与积极
David_200,小组课,Alba,L001944,2026-05-24,周日,domingo,Sunday,18:00,17:00,-1h,1.0,口语,3,课堂参与积极
Nina_145,班课,Alba,L001944,2026-05-24,周日,domingo,Sunday,18:00,09:00,-9h,1.0,听力,2,课堂参与积极
Liam_391,小组课,Alba,L001945,2026/05/31,周日,domingo,Sunday,18:00,09:00,-9h,1.0,口语,10,需要加强口语练习
Sarah_148,班课,Alba,L001945,2026/05/31,周日,domingo,Sunday,18:00,12:00,-6h,1.0,口语,6,需要加强口语练习
Jack_418,小组课,Alba（教务）,L001945,2026-05-31,周日,domingo,Sunday,18:00,03:00,+9h,1.0,语法,1,需要加强口语练习
David200,班课,Alba,L001945,2026/05/31,周日,domingo,Sunday,18:00,17:00,-1h,1.0,阅读,2,需要加强口语练习
Nina_145,班课,Alba,L001945,2026年5月31日,周日,domingo,Sunday,18:00,09:00,-9h,1.0,复习,14,需要加强口语练习
Liam_391,班课,Alba,L001946,2026年6月7日,周日,domingo,Sunday,18:00,09:00,-9h,2.0,阅读,14,完成本节内容
Sarah_148,小组课,Alba,L001946,2026-06-07,周日,domingo,Sunday,18:00,12:00,-6h,2.0,阅读,7,完成本节内容
Jack_418（教务）,班课,Alba,L001946,06/07/2026,周日,domingo,Sunday,18:00,02:00,+8h,2.0,语法,9,完成本节内容
David_200,班课,Alba,L001946,2026-06-07,周日,domingo,Sunday,18:00,17:00,-1h,2.0,口语,3,完成本节内容
Nina_145,小组课,Alba,L001946,2026-06-07,周日,domingo,Sunday,18:00,10:00,-8h,2.0,语法,5,完成本节内容
Liam_391,小组课,Alba,L001947,2026/06/14,周日,domingo,Sunday,18:00,09:00,-9h,1.0,口语,6,
Sarah_148,小组课,Alba,L001947,2026-06-14,周日,domingo,Sunday,18:00,12:00,-6h,1.0,语法,14,
Jack418,班课,Alba,L001947,2026/06/14,周日,domingo,Sunday,18:00,02:00,+8h,1.0,口语,11,
David_200,小组课,Alba,L001947,2026-06-14,周日,domingo,Sunday,18:00,17:00,-1h,1.0,复习,12,
Nina_145,班课,Alba,L001947,2026-06-14,周日,domingo,Sunday,18:00,09:00,-9h,1.0,口语,4,
Liam_391,小组课,Alba,L001948,2026-06-21,周日,domingo,Sunday,18:00,09:00,-9h,1.5,语法,1,完成本节内容
Sarah_148,小组课,Alba（教务）,L001948,2026年6月21日,周日,domingo,Sunday,18:00,12:00,-6h,1.5,口语,12,完成本节内容
Jack_418（教务）,班课,Alba,L001948,2026-06-21,周日,domingo,Sunday,18:00,02:00,+8h,1.5,阅读,14,完成本节内容
David_200,小组课,Alba,L001948,2026-06-21,周日,domingo,Sunday,18:00,18:00,+0h,1.5,口语,2,完成本节内容
Nina145,班课,Alba,L001948,2026/06/21,周日,domingo,Sunday,18:00,09:00,-9h,1.5,听力,2,完成本节内容
Liam_391,班课,Alba,L001949,06/28/2026,周日,domingo,Sunday,18:00,09:00,-9h,1.67,口语,5,课堂参与积极
Sarah_148,班课,Alba,L001949,2026-06-28,周日,domingo,Sunday,18:00,12:00,-6h,1.67,口语,6,课堂参与积极
Jack_418,班课,Alba,L001949,2026年6月28日,周日,domingo,Sunday,18:00,02:00,+8h,1.67,语法,6,课堂参与积极
David_200,小组课,Alba,L001949,06/28/2026,周日,domingo,Sunday,18:00,17:00,-1h,1.67,阅读,14,课堂参与积极
Nina_145,班课,Alba（教务）,L001949,2026-06-28,周日,domingo,Sunday,18:00,09:00,-9h,1.67,口语,5,课堂参与积极
Liam_391,班课,Alba,L001950,2026/07/05,周日,domingo,Sunday,18:00,10:00,-8h,1.0,复习,14,课堂参与积极
Sarah_148,小组课,Alba,L001950,2026-07-05,周日,domingo,Sunday,18:00,12:00,-6h,1.0,语法,3,课堂参与积极
Jack_418,小组课,Alba,L001950,2026-07-05,周日,domingo,Sunday,18:00,02:00,+8h,1.0,阅读,13,课堂参与积极
David_200,小组课,Alba（教务）,L001950,2026/07/05,周日,domingo,Sunday,18:00,17:00,-1h,1.0,语法,3,课堂参与积极
Nina_145,班课,Alba（教务）,L001950,2026-07-05,周日,domingo,Sunday,18:00,09:00,-9h,1.0,听力,13,课堂参与积极
Liam_391,小组课,Alba（教务）,L001951,2026/07/12,周日,domingo,Sunday,18:00,09:00,-9h,1.0,听力,6,完成本节内容
Sarah_148,班课,Alba,L001951,2026/07/12,周日,domingo,Sunday,18:00,12:00,-6h,1.0,复习,2,完成本节内容
Jack_418,班课,Alba,L001951,2026-07-12,周日,domingo,Sunday,18:00,03:00,+9h,1.0,口语,10,完成本节内容
David_200,班课,Alba,L001951,2026/07/12,周日,domingo,Sunday,18:00,17:00,-1h,1.0,阅读,6,完成本节内容
Nina_145,班课,Alba,L001951,2026-07-12,周日,domingo,Sunday,18:00,09:00,-9h,1.0,语法,8,完成本节内容
Liam_391,小组课,Alba,L001952,2026年7月19日,周日,domingo,Sunday,18:00,07:00,-11h,1.67,阅读,13,需要加强口语练习
Sarah148,小组课,Alba,L001952,2026/07/19,周日,domingo,Sunday,18:00,12:00,-6h,1.67,口语,4,需要加强口语练习
Jack418,班课,Alba,L001952,2026年7月19日,周日,domingo,Sunday,18:00,02:00,+8h,1.67,语法,7,需要加强口语练习
David_200,班课,Alba,L001952,2026-07-19,周日,domingo,Sunday,18:00,17:00,-1h,1.67,听力,7,需要加强口语练习
Nina_145（教务）,小组课,Alba,L001952,2026/07/19,周日,domingo,Sunday,18:00,09:00,-9h,1.67,阅读,10,需要加强口语练习
Liam_391,班课,Alba,L001953,2026-07-26,周日,domingo,Sunday,18:00,10:00,-8h,1.0,阅读,7,需要加强口语练习
Sarah148,班课,Alba,L001953,2026年7月26日,周日,domingo,Sunday,18:00,12:00,-6h,1.0,口语,6,需要加强口语练习
Jack_418,小组课,Alba,L001953,2026-07-26,周日,domingo,Sunday,18:00,02:00,+8h,1.0,语法,12,需要加强口语练习
David_200,小组课,Alba,L001953,2026-07-26,周日,domingo,Sunday,18:00,17:00,-1h,1.0,口语,3,需要加强口语练习
Nina_145,小组课,Alba,L001953,2026/07/26,周日,domingo,Sunday,18:00,09:00,-9h,1.0,语法,14,需要加强口语练习
Liam_391,小组课,Alba,L001954,2026-08-02,周日,domingo,Sunday,18:00,09:00,-9h,1.5,听力,4,课堂参与积极
Sarah_148（教务）,小组课,Alba,L001954,2026-08-02,周日,domingo,Sunday,18:00,12:00,-6h,1.5,口语,9,课堂参与积极
Jack_418（教务）,小组课,Alba,L001954,2026-08-02,周日,domingo,Sunday,18:00,02:00,+8h,1.5,阅读,5,课堂参与积极
David_200,小组课,Alba,L001954,2026-08-02,周日,domingo,Sunday,18:00,16:00,-2h,1.5,口语,5,课堂参与积极
Nina_145,班课,Alba,L001954,2026-08-02,周日,domingo,Sunday,18:00,10:00,-8h,1.5,语法,14,课堂参与积极
Liam_391,班课,Alba,L001955,2026/08/09,周日,domingo,Sunday,18:00,09:00,-9h,1.67,复习,10,语法掌握一般
Sarah_148,小组课,Alba,L001955,2026-08-09,周日,domingo,Sunday,18:00,12:00,-6h,1.67,语法,1,语法掌握一般
Jack418,班课,Alba,L001955,2026-08-09,周日,domingo,Sunday,18:00,02:00,+8h,1.67,复习,11,语法掌握一般
David_200,班课,Alba,L001955,2026年8月9日,周日,domingo,Sunday,18:00,17:00,-1h,1.67,语法,2,语法掌握一般
Nina_145（教务）,小组课,Alba,L001955,2026年8月9日,周日,domingo,Sunday,18:00,06:00,-12h,1.67,复习,11,语法掌握一般
Liam391,班课,Alba,L001956,08/16/2026,周日,domingo,Sunday,18:00,09:00,-9h,1.0,口语,4,课堂参与积极
Sarah148,班课,Alba,L001956,2026/08/16,周日,domingo,Sunday,18:00,12:00,-6h,1.0,复习,6,课堂参与积极
Jack_418,班课,Alba,L001956,2026-08-16,周日,domingo,Sunday,18:00,02:00,+8h,1.0,听力,3,课堂参与积极
David_200,班课,Alba,L001956,2026-08-16,周日,domingo,Sunday,18:00,17:00,-1h,1.0,复习,4,课堂参与积极
Nina_145,小组课,Alba（教务）,L001956,2026-08-16,周日,domingo,Sunday,18:00,09:00,-9h,1.0,语法,12,课堂参与积极
Liam_391,班课,Alba,L001957,2026-08-23,周日,domingo,Sunday,18:00,07:00,-11h,1.0,口语,1,完成本节内容
Sarah_148,班课,Alba,L001957,2026/08/23,周日,domingo,Sunday,18:00,12:00,-6h,1.0,口语,10,完成本节内容
Jack418,小组课,Alba,L001957,2026-08-23,周日,domingo,Sunday,18:00,02:00,+8h,1.0,复习,9,完成本节内容
David_200（教务）,小组课,Alba,L001957,2026/08/23,周日,domingo,Sunday,18:00,17:00,-1h,1.0,阅读,14,完成本节内容
Nina145,班课,Alba,L001957,2026-08-23,周日,domingo,Sunday,18:00,09:00,-9h,1.0,复习,2,完成本节内容
Liam_391,小组课,Alba,L001958,2026/08/30,周日,domingo,Sunday,18:00,09:00,-9h,1.0,阅读,1,完成本节内容
Sarah_148,小组课,Alba,L001958,2026-08-30,周日,domingo,Sunday,18:00,12:00,-6h,1.0,口语,1,完成本节内容
Jack_418,小组课,Alba,L001958,2026-08-30,周日,domingo,Sunday,18:00,02:00,+8h,1.0,口语,8,完成本节内容
David_200,小组课,Alba,L001958,2026-08-30,周日,domingo,Sunday,18:00,17:00,-1h,1.0,口语,3,完成本节内容
Nina_145,小组课,Alba,L001958,2026-08-30,周日,domingo,Sunday,18:00,09:00,-9h,1.0,阅读,14,完成本节内容
Isabela_520,小组课,Pilar,L001959,2025-05-20,周二,martes,Tuesday,16:00,15:00,-1h,1.0,语法,1,课堂参与积极
Isabela_070,小组课,Pilar,L001959,2025-05-20,周二,martes,Tuesday,16:00,10:00,-6h,1.0,听力,10,课堂参与积极
Jack_218,小组课,Pilar,L001959,2025-05-20,周二,martes,Tuesday,16:00,07:00,-9h,1.0,口语,5,课堂参与积极
Lucy_306,小组课,Pilar,L001959,2025-05-20,周二,martes,Tuesday,16:00,10:00,-6h,1.0,阅读,8,课堂参与积极
Etta271,班课,Pilar,L001959,2025-05-20,周二,martes,Tuesday,16:00,16:00,+0h,1.0,口语,1,课堂参与积极
Zoe_243,班课,Pilar,L001959,2025-05-20,周二,martes,Tuesday,16:00,10:00,-6h,1.0,听力,1,课堂参与积极
Isabela_520,班课,Pilar,L001960,2025年5月27日,周二,martes,Tuesday,16:00,15:00,-1h,1.67,口语,7,课堂参与积极
Isabela_070,小组课,Pilar,L001960,2025/05/27,周二,martes,Tuesday,16:00,10:00,-6h,1.67,复习,9,课堂参与积极
Jack_218,小组课,Pilar,L001960,2025年5月27日,周二,martes,Tuesday,16:00,08:00,-8h,1.67,阅读,2,课堂参与积极
Lucy_306,小组课,Pilar,L001960,2025-05-27,周二,martes,Tuesday,16:00,10:00,-6h,1.67,语法,12,课堂参与积极
Etta_271,小组课,Pilar,L001960,2025年5月27日,周二,martes,Tuesday,16:00,15:00,-1h,1.67,听力,1,课堂参与积极
Zoe_243,小组课,Pilar,L001960,2025年5月27日,周二,martes,Tuesday,16:00,10:00,-6h,1.67,阅读,14,课堂参与积极
Isabela_520,班课,Pilar,L001961,06/03/2025,周二,martes,Tuesday,16:00,15:00,-1h,1.5,语法,5,需要加强口语练习
Isabela_070,班课,Pilar,L001961,06/03/2025,周二,martes,Tuesday,16:00,09:00,-7h,1.5,口语,10,需要加强口语练习
Jack218,班课,Pilar,L001961,2025-06-03,周二,martes,Tuesday,16:00,07:00,-9h,1.5,复习,2,需要加强口语练习
Lucy_306,班课,Pilar,L001961,2025年6月3日,周二,martes,Tuesday,16:00,10:00,-6h,1.5,听力,7,需要加强口语练习
Etta_271,班课,Pilar,L001961,2025-06-03,周二,martes,Tuesday,16:00,18:00,+2h,1.5,语法,14,需要加强口语练习
Zoe_243,小组课,Pilar,L001961,2025-06-03,周二,martes,Tuesday,16:00,10:00,-6h,1.5,阅读,12,需要加强口语练习
Isabela_520,班课,Pilar,L001962,2025-06-10,周二,martes,Tuesday,16:00,12:00,-4h,2.0,阅读,14,完成本节内容
Isabela_070,班课,Pilar,L001962,2025-06-10,周二,martes,Tuesday,16:00,10:00,-6h,2.0,口语,5,完成本节内容
Jack218,班课,Pilar,L001962,06/10/2025,周二,martes,Tuesday,16:00,07:00,-9h,2.0,语法,10,完成本节内容
Lucy_306,小组课,Pilar,L001962,2025-06-10,周二,martes,Tuesday,16:00,10:00,-6h,2.0,听力,13,完成本节内容
Etta_271,小组课,Pilar,L001962,2025年6月10日,周二,martes,Tuesday,16:00,16:00,+0h,2.0,口语,12,完成本节内容
Zoe_243,小组课,Pilar,L001962,06/10/2025,周二,martes,Tuesday,16:00,10:00,-6h,2.0,阅读,10,完成本节内容
Isabela_520,小组课,Pilar,L001963,2025-06-17,周二,martes,Tuesday,16:00,15:00,-1h,1.67,听力,6,课堂参与积极
Isabela_070（教务）,班课,Pilar,L001963,2025-06-17,周二,martes,Tuesday,16:00,10:00,-6h,1.67,口语,13,课堂参与积极
Jack_218,小组课,Pilar,L001963,2025-06-17,周二,martes,Tuesday,16:00,08:00,-8h,1.67,口语,2,课堂参与积极
Lucy_306,小组课,Pilar,L001963,2025/06/17,周二,martes,Tuesday,16:00,10:00,-6h,1.67,语法,13,课堂参与积极
Etta_271,班课,Pilar,L001963,2025-06-17,周二,martes,Tuesday,16:00,16:00,+0h,1.67,阅读,8,课堂参与积极
Zoe_243,小组课,Pilar（教务）,L001963,2025-06-17,周二,martes,Tuesday,16:00,10:00,-6h,1.67,阅读,1,课堂参与积极
Isabela_520,小组课,Pilar,L001964,2025-06-24,周二,martes,Tuesday,16:00,15:00,-1h,1.0,口语,8,
Isabela_070,班课,Pilar（教务）,L001964,2025-06-24,周二,martes,Tuesday,16:00,10:00,-6h,1.0,语法,11,
Jack_218,小组课,Pilar,L001964,2025年6月24日,周二,martes,Tuesday,16:00,07:00,-9h,1.0,阅读,4,
Lucy_306,小组课,Pilar,L001964,2025-06-24,周二,martes,Tuesday,16:00,10:00,-6h,1.0,语法,13,
Etta_271,小组课,Pilar,L001964,2025-06-24,周二,martes,Tuesday,16:00,14:00,-2h,1.0,听力,7,
Zoe_243（教务）,班课,Pilar,L001964,2025-06-24,周二,martes,Tuesday,16:00,10:00,-6h,1.0,复习,9,
Isabela_520,班课,Pilar,L001965,07/01/2025,周二,martes,Tuesday,16:00,15:00,-1h,1.67,阅读,13,语法掌握一般
Isabela_070,小组课,Pilar,L001965,2025-07-01,周二,martes,Tuesday,16:00,09:00,-7h,1.67,阅读,9,语法掌握一般
Jack218,小组课,Pilar,L001965,2025-07-01,周二,martes,Tuesday,16:00,07:00,-9h,1.67,口语,5,语法掌握一般
Lucy_306（教务）,小组课,Pilar,L001965,2025-07-01,周二,martes,Tuesday,16:00,11:00,-5h,1.67,口语,13,语法掌握一般
Etta_271,班课,Pilar,L001965,2025-07-01,周二,martes,Tuesday,16:00,16:00,+0h,1.67,语法,1,语法掌握一般
Zoe243,小组课,Pilar,L001965,2025年7月1日,周二,martes,Tuesday,16:00,10:00,-6h,1.67,语法,14,语法掌握一般
Isabela_520,小组课,Pilar,L001966,2025-07-08,周二,martes,Tuesday,16:00,15:00,-1h,1.0,口语,3,完成本节内容
Isabela_070,班课,Pilar,L001966,2025/07/08,周二,martes,Tuesday,16:00,08:00,-8h,1.0,语法,6,完成本节内容
Jack_218,小组课,Pilar,L001966,2025-07-08,周二,martes,Tuesday,16:00,07:00,-9h,1.0,阅读,14,完成本节内容
Lucy_306,班课,Pilar,L001966,07/08/2025,周二,martes,Tuesday,16:00,10:00,-6h,1.0,语法,11,完成本节内容
Etta_271,班课,Pilar,L001966,2025-07-08,周二,martes,Tuesday,16:00,16:00,+0h,1.0,语法,10,完成本节内容
Zoe_243,班课,Pilar,L001966,2025-07-08,周二,martes,Tuesday,16:00,10:00,-6h,1.0,口语,1,完成本节内容
Isabela_520,班课,Pilar,L001967,2025年7月15日,周二,martes,Tuesday,16:00,12:00,-4h,1.0,听力,3,课堂参与积极
Isabela_070（教务）,班课,Pilar,L001967,2025-07-15,周二,martes,Tuesday,16:00,10:00,-6h,1.0,口语,12,课堂参与积极
Jack_218,班课,Pilar,L001967,2025/07/15,周二,martes,Tuesday,16:00,06:00,-10h,1.0,语法,4,课堂参与积极
Lucy_306,班课,Pilar,L001967,2025/07/15,周二,martes,Tuesday,16:00,10:00,-6h,1.0,语法,7,课堂参与积极
Etta_271,小组课,Pilar,L001967,2025/07/15,周二,martes,Tuesday,16:00,16:00,+0h,1.0,阅读,4,课堂参与积极
Zoe_243,小组课,Pilar,L001967,07/15/2025,周二,martes,Tuesday,16:00,10:00,-6h,1.0,口语,3,课堂参与积极
Isabela_520,班课,Pilar,L001968,2025/07/22,周二,martes,Tuesday,16:00,15:00,-1h,1.0,语法,6,语法掌握一般
Isabela_070,班课,Pilar,L001968,2025-07-22,周二,martes,Tuesday,16:00,10:00,-6h,1.0,听力,11,语法掌握一般
Jack_218,班课,Pilar,L001968,2025-07-22,周二,martes,Tuesday,16:00,07:00,-9h,1.0,听力,7,语法掌握一般
Lucy_306（教务）,小组课,Pilar,L001968,2025/07/22,周二,martes,Tuesday,16:00,08:00,-8h,1.0,听力,7,语法掌握一般
Etta_271,班课,Pilar,L001968,2025-07-22,周二,martes,Tuesday,16:00,13:00,-3h,1.0,语法,3,语法掌握一般
Zoe_243,小组课,Pilar,L001968,2025-07-22,周二,martes,Tuesday,16:00,10:00,-6h,1.0,语法,10,语法掌握一般
Isabela_520,小组课,Pilar,L001969,2025年7月29日,周二,martes,Tuesday,16:00,15:00,-1h,2.0,语法,11,课堂参与积极
Isabela_070,班课,Pilar,L001969,2025-07-29,周二,martes,Tuesday,16:00,10:00,-6h,2.0,阅读,14,课堂参与积极
Jack_218,小组课,Pilar,L001969,2025-07-29,周二,martes,Tuesday,16:00,08:00,-8h,2.0,语法,12,课堂参与积极
Lucy_306,班课,Pilar（教务）,L001969,2025年7月29日,周二,martes,Tuesday,16:00,11:00,-5h,2.0,口语,8,课堂参与积极
Etta_271,小组课,Pilar,L001969,07/29/2025,周二,martes,Tuesday,16:00,16:00,+0h,2.0,口语,2,课堂参与积极
Zoe243,小组课,Pilar,L001969,07/29/2025,周二,martes,Tuesday,16:00,10:00,-6h,2.0,听力,4,课堂参与积极
Isabela_520,班课,Pilar,L001970,08/05/2025,周二,martes,Tuesday,16:00,15:00,-1h,1.0,口语,3,完成本节内容
Isabela_070,班课,Pilar,L001970,2025-08-05,周二,martes,Tuesday,16:00,10:00,-6h,1.0,语法,13,完成本节内容
Jack_218,班课,Pilar,L001970,2025-08-05,周二,martes,Tuesday,16:00,07:00,-9h,1.0,阅读,4,完成本节内容
Lucy306,小组课,Pilar（教务）,L001970,2025-08-05,周二,martes,Tuesday,16:00,10:00,-6h,1.0,复习,9,完成本节内容
Etta_271,小组课,Pilar,L001970,08/05/2025,周二,martes,Tuesday,16:00,16:00,+0h,1.0,语法,3,完成本节内容
Zoe_243,小组课,Pilar,L001970,2025-08-05,周二,martes,Tuesday,16:00,10:00,-6h,1.0,语法,2,完成本节内容
Isabela_520,小组课,Pilar,L001971,2025-08-12,周二,martes,Tuesday,16:00,15:00,-1h,1.5,复习,8,需要加强口语练习
Isabela070,小组课,Pilar,L001971,08/12/2025,周二,martes,Tuesday,16:00,10:00,-6h,1.5,阅读,10,需要加强口语练习
Jack_218,班课,Pilar,L001971,2025-08-12,周二,martes,Tuesday,16:00,07:00,-9h,1.5,口语,6,需要加强口语练习
Lucy_306（教务）,班课,Pilar,L001971,2025-08-12,周二,martes,Tuesday,16:00,10:00,-6h,1.5,口语,10,需要加强口语练习
Etta271,班课,Pilar,L001971,2025-08-12,周二,martes,Tuesday,16:00,16:00,+0h,1.5,复习,4,需要加强口语练习
Zoe_243,班课,Pilar,L001971,2025年8月12日,周二,martes,Tuesday,16:00,10:00,-6h,1.5,阅读,2,需要加强口语练习
Isabela_520（教务）,小组课,Pilar,L001972,2025-08-19,周二,martes,Tuesday,16:00,16:00,+0h,1.0,阅读,8,课堂参与积极
Isabela_070,小组课,Pilar,L001972,2025/08/19,周二,martes,Tuesday,16:00,10:00,-6h,1.0,阅读,13,课堂参与积极
Jack_218,小组课,Pilar,L001972,2025-08-19,周二,martes,Tuesday,16:00,07:00,-9h,1.0,复习,1,课堂参与积极
Lucy_306,小组课,Pilar,L001972,2025/08/19,周二,martes,Tuesday,16:00,10:00,-6h,1.0,复习,8,课堂参与积极
Etta_271,小组课,Pilar,L001972,2025-08-19,周二,martes,Tuesday,16:00,16:00,+0h,1.0,口语,2,课堂参与积极
Zoe_243,班课,Pilar,L001972,2025-08-19,周二,martes,Tuesday,16:00,10:00,-6h,1.0,听力,14,课堂参与积极
Isabela_520,小组课,Pilar,L001973,2025-08-26,周二,martes,Tuesday,16:00,15:00,-1h,1.0,语法,1,完成本节内容
Isabela_070,班课,Pilar,L001973,2025-08-26,周二,martes,Tuesday,16:00,10:00,-6h,1.0,语法,5,完成本节内容
Jack_218,小组课,Pilar,L001973,08/26/2025,周二,martes,Tuesday,16:00,07:00,-9h,1.0,复习,9,完成本节内容
Lucy306,小组课,Pilar（教务）,L001973,08/26/2025,周二,martes,Tuesday,16:00,10:00,-6h,1.0,阅读,9,完成本节内容
Etta_271,小组课,Pilar,L001973,2025-08-26,周二,martes,Tuesday,16:00,16:00,+0h,1.0,复习,12,完成本节内容
Zoe_243,班课,Pilar,L001973,2025-08-26,周二,martes,Tuesday,16:00,10:00,-6h,1.0,语法,9,完成本节内容
Isabela_520,小组课,Pilar,L001974,09/02/2025,周二,martes,Tuesday,16:00,15:00,-1h,1.5,阅读,11,课堂参与积极
Isabela_070,小组课,Pilar,L001974,2025-09-02,周二,martes,Tuesday,16:00,10:00,-6h,1.5,口语,12,课堂参与积极
Jack_218（教务）,班课,Pilar,L001974,2025-09-02,周二,martes,Tuesday,16:00,07:00,-9h,1.5,语法,13,课堂参与积极
Lucy_306,班课,Pilar,L001974,2025-09-02,周二,martes,Tuesday,16:00,09:00,-7h,1.5,听力,3,课堂参与积极
Etta_271,班课,Pilar,L001974,2025-09-02,周二,martes,Tuesday,16:00,16:00,+0h,1.5,口语,5,课堂参与积极
Zoe_243,班课,Pilar,L001974,09/02/2025,周二,martes,Tuesday,16:00,10:00,-6h,1.5,语法,2,课堂参与积极
Isabela_520,班课,Pilar,L001975,2025年9月9日,周二,martes,Tuesday,16:00,15:00,-1h,1.67,阅读,11,课堂参与积极
Isabela070,小组课,Pilar,L001975,2025/09/09,周二,martes,Tuesday,16:00,10:00,-6h,1.67,口语,14,课堂参与积极
Jack218,小组课,Pilar,L001975,2025/09/09,周二,martes,Tuesday,16:00,07:00,-9h,1.67,听力,12,课堂参与积极
Lucy_306,小组课,Pilar（教务）,L001975,2025/09/09,周二,martes,Tuesday,16:00,10:00,-6h,1.67,复习,10,课堂参与积极
Etta_271,班课,Pilar,L001975,2025-09-09,周二,martes,Tuesday,16:00,16:00,+0h,1.67,阅读,13,课堂参与积极
Zoe243,班课,Pilar,L001975,2025-09-09,周二,martes,Tuesday,16:00,10:00,-6h,1.67,听力,6,课堂参与积极
Isabela_520,班课,Pilar（教务）,L001976,2025年9月16日,周二,martes,Tuesday,16:00,15:00,-1h,1.0,阅读,1,需要加强口语练习
Isabela_070,小组课,Pilar,L001976,2025/09/16,周二,martes,Tuesday,16:00,10:00,-6h,1.0,口语,8,需要加强口语练习
Jack_218,班课,Pilar,L001976,2025/09/16,周二,martes,Tuesday,16:00,07:00,-9h,1.0,听力,6,需要加强口语练习
Lucy_306,小组课,Pilar,L001976,2025-09-16,周二,martes,Tuesday,16:00,09:00,-7h,1.0,复习,10,需要加强口语练习
Etta271,班课,Pilar,L001976,2025-09-16,周二,martes,Tuesday,16:00,16:00,+0h,1.0,语法,3,需要加强口语练习
Zoe243,小组课,Pilar,L001976,2025-09-16,周二,martes,Tuesday,16:00,10:00,-6h,1.0,语法,5,需要加强口语练习
Isabela_520,小组课,Pilar,L001977,2025-09-23,周二,martes,Tuesday,16:00,15:00,-1h,1.67,口语,3,完成本节内容
Isabela_070,小组课,Pilar,L001977,2025-09-23,周二,martes,Tuesday,16:00,10:00,-6h,1.67,口语,5,完成本节内容
Jack_218,小组课,Pilar,L001977,2025/09/23,周二,martes,Tuesday,16:00,07:00,-9h,1.67,听力,8,完成本节内容
Lucy_306,小组课,Pilar,L001977,2025-09-23,周二,martes,Tuesday,16:00,10:00,-6h,1.67,口语,4,完成本节内容
Etta_271,小组课,Pilar,L001977,2025年9月23日,周二,martes,Tuesday,16:00,16:00,+0h,1.67,语法,10,完成本节内容
Zoe_243,班课,Pilar,L001977,2025年9月23日,周二,martes,Tuesday,16:00,10:00,-6h,1.67,语法,7,完成本节内容
Isabela_520,班课,Pilar,L001978,09/30/2025,周二,martes,Tuesday,16:00,15:00,-1h,1.0,口语,6,需要加强口语练习
Isabela_070（教务）,小组课,Pilar（教务）,L001978,2025年9月30日,周二,martes,Tuesday,16:00,10:00,-6h,1.0,口语,8,需要加强口语练习
Jack_218,小组课,Pilar,L001978,2025年9月30日,周二,martes,Tuesday,16:00,07:00,-9h,1.0,阅读,12,需要加强口语练习
Lucy_306,小组课,Pilar（教务）,L001978,09/30/2025,周二,martes,Tuesday,16:00,10:00,-6h,1.0,语法,5,需要加强口语练习
Etta_271,班课,Pilar,L001978,2025/09/30,周二,martes,Tuesday,16:00,16:00,+0h,1.0,听力,8,需要加强口语练习
Zoe_243,小组课,Pilar,L001978,2025-09-30,周二,martes,Tuesday,16:00,10:00,-6h,1.0,口语,5,需要加强口语练习
Isabela_520,班课,Pilar,L001979,2025年10月7日,周二,martes,Tuesday,16:00,15:00,-1h,1.5,语法,5,完成本节内容
Isabela_070,小组课,Pilar,L001979,10/07/2025,周二,martes,Tuesday,16:00,10:00,-6h,1.5,口语,1,完成本节内容
Jack218,班课,Pilar,L001979,2025/10/07,周二,martes,Tuesday,16:00,07:00,-9h,1.5,听力,8,完成本节内容
Lucy_306,小组课,Pilar,L001979,2025/10/07,周二,martes,Tuesday,16:00,07:00,-9h,1.5,听力,3,完成本节内容
Etta_271（教务）,小组课,Pilar,L001979,10/07/2025,周二,martes,Tuesday,16:00,16:00,+0h,1.5,听力,4,完成本节内容
Zoe_243（教务）,班课,Pilar（教务）,L001979,2025-10-07,周二,martes,Tuesday,16:00,10:00,-6h,1.5,阅读,8,完成本节内容
Isabela_520（教务）,小组课,Pilar（教务）,L001980,2025/10/14,周二,martes,Tuesday,16:00,15:00,-1h,1.67,口语,8,需要加强口语练习
Isabela_070,小组课,Pilar,L001980,10/14/2025,周二,martes,Tuesday,16:00,10:00,-6h,1.67,复习,6,需要加强口语练习
Jack_218,班课,Pilar（教务）,L001980,2025-10-14,周二,martes,Tuesday,16:00,07:00,-9h,1.67,口语,6,需要加强口语练习
Lucy_306,小组课,Pilar,L001980,2025-10-14,周二,martes,Tuesday,16:00,10:00,-6h,1.67,口语,3,需要加强口语练习
Etta271,班课,Pilar,L001980,2025-10-14,周二,martes,Tuesday,16:00,16:00,+0h,1.67,复习,7,需要加强口语练习
Zoe243,班课,Pilar,L001980,10/14/2025,周二,martes,Tuesday,16:00,10:00,-6h,1.67,听力,6,需要加强口语练习
Isabela_520,班课,Pilar,L001981,2025-10-21,周二,martes,Tuesday,16:00,15:00,-1h,1.67,口语,7,完成本节内容
Isabela_070,班课,Pilar,L001981,10/21/2025,周二,martes,Tuesday,16:00,10:00,-6h,1.67,语法,2,完成本节内容
Jack_218,班课,Pilar,L001981,2025-10-21,周二,martes,Tuesday,16:00,07:00,-9h,1.67,语法,5,完成本节内容
Lucy306,小组课,Pilar,L001981,2025/10/21,周二,martes,Tuesday,16:00,10:00,-6h,1.67,复习,12,完成本节内容
Etta_271,小组课,Pilar,L001981,2025/10/21,周二,martes,Tuesday,16:00,16:00,+0h,1.67,语法,10,完成本节内容
Zoe_243,小组课,Pilar,L001981,2025-10-21,周二,martes,Tuesday,16:00,10:00,-6h,1.67,阅读,2,完成本节内容
Isabela_520,班课,Pilar,L001982,10/28/2025,周二,martes,Tuesday,16:00,15:00,-1h,1.0,复习,10,语法掌握一般
Isabela070,班课,Pilar（教务）,L001982,2025-10-28,周二,martes,Tuesday,16:00,11:00,-5h,1.0,复习,13,语法掌握一般
Jack_218,班课,Pilar,L001982,2025/10/28,周二,martes,Tuesday,16:00,08:00,-8h,1.0,听力,11,语法掌握一般
Lucy306,小组课,Pilar,L001982,2025/10/28,周二,martes,Tuesday,16:00,11:00,-5h,1.0,口语,14,语法掌握一般
Etta_271,班课,Pilar（教务）,L001982,2025-10-28,周二,martes,Tuesday,16:00,16:00,+0h,1.0,语法,14,语法掌握一般
Zoe_243（教务）,班课,Pilar,L001982,2025/10/28,周二,martes,Tuesday,16:00,11:00,-5h,1.0,阅读,14,语法掌握一般
Isabela_520,小组课,Pilar,L001983,2025年11月4日,周二,martes,Tuesday,16:00,15:00,-1h,1.0,阅读,7,需要加强口语练习
Isabela_070,小组课,Pilar,L001983,2025-11-04,周二,martes,Tuesday,16:00,10:00,-6h,1.0,口语,14,需要加强口语练习
Jack_218,小组课,Pilar,L001983,11/04/2025,周二,martes,Tuesday,16:00,07:00,-9h,1.0,语法,3,需要加强口语练习
Lucy306,班课,Pilar,L001983,2025/11/04,周二,martes,Tuesday,16:00,10:00,-6h,1.0,复习,10,需要加强口语练习
Etta_271,班课,Pilar（教务）,L001983,2025-11-04,周二,martes,Tuesday,16:00,18:00,+2h,1.0,听力,9,需要加强口语练习
Zoe_243,班课,Pilar,L001983,2025/11/04,周二,martes,Tuesday,16:00,10:00,-6h,1.0,阅读,9,需要加强口语练习
Isabela_520,班课,Pilar,L001984,11/11/2025,周二,martes,Tuesday,16:00,15:00,-1h,1.0,复习,9,
Isabela_070,小组课,Pilar,L001984,2025-11-11,周二,martes,Tuesday,16:00,10:00,-6h,1.0,复习,11,
Jack_218,小组课,Pilar（教务）,L001984,2025-11-11,周二,martes,Tuesday,16:00,07:00,-9h,1.0,口语,9,
Lucy_306,小组课,Pilar,L001984,2025/11/11,周二,martes,Tuesday,16:00,10:00,-6h,1.0,阅读,4,
Etta271,班课,Pilar,L001984,11/11/2025,周二,martes,Tuesday,16:00,16:00,+0h,1.0,听力,8,
Zoe_243（教务）,小组课,Pilar,L001984,2025/11/11,周二,martes,Tuesday,16:00,10:00,-6h,1.0,口语,10,
Isabela_520（教务）,班课,Pilar,L001985,11/18/2025,周二,martes,Tuesday,16:00,15:00,-1h,1.0,阅读,8,语法掌握一般
Isabela_070,小组课,Pilar,L001985,11/18/2025,周二,martes,Tuesday,16:00,09:00,-7h,1.0,听力,9,语法掌握一般
Jack_218,小组课,Pilar,L001985,2025-11-18,周二,martes,Tuesday,16:00,07:00,-9h,1.0,语法,10,语法掌握一般
Lucy_306,小组课,Pilar,L001985,11/18/2025,周二,martes,Tuesday,16:00,10:00,-6h,1.0,阅读,14,语法掌握一般
Etta271,小组课,Pilar,L001985,2025-11-18,周二,martes,Tuesday,16:00,16:00,+0h,1.0,语法,8,语法掌握一般
Zoe_243,小组课,Pilar,L001985,2025-11-18,周二,martes,Tuesday,16:00,10:00,-6h,1.0,听力,5,语法掌握一般
Isabela_520,小组课,Pilar,L001986,2025年11月25日,周二,martes,Tuesday,16:00,15:00,-1h,1.5,复习,5,完成本节内容
Isabela_070,小组课,Pilar,L001986,11/25/2025,周二,martes,Tuesday,16:00,11:00,-5h,1.5,语法,2,完成本节内容
Jack_218,班课,Pilar,L001986,2025-11-25,周二,martes,Tuesday,16:00,07:00,-9h,1.5,口语,13,完成本节内容
Lucy306,小组课,Pilar,L001986,2025/11/25,周二,martes,Tuesday,16:00,10:00,-6h,1.5,听力,1,完成本节内容
Etta_271,小组课,Pilar（教务）,L001986,2025-11-25,周二,martes,Tuesday,16:00,17:00,+1h,1.5,阅读,7,完成本节内容
Zoe_243,班课,Pilar,L001986,2025-11-25,周二,martes,Tuesday,16:00,10:00,-6h,1.5,语法,10,完成本节内容
Isabela520,班课,Pilar,L001987,2025-12-02,周二,martes,Tuesday,16:00,14:00,-2h,1.0,语法,6,语法掌握一般
Isabela_070（教务）,小组课,Pilar,L001987,2025-12-02,周二,martes,Tuesday,16:00,09:00,-7h,1.0,复习,13,语法掌握一般
Jack218,班课,Pilar,L001987,2025-12-02,周二,martes,Tuesday,16:00,07:00,-9h,1.0,复习,10,语法掌握一般
Lucy_306,班课,Pilar,L001987,2025-12-02,周二,martes,Tuesday,16:00,10:00,-6h,1.0,语法,11,语法掌握一般
Etta_271,小组课,Pilar,L001987,2025年12月2日,周二,martes,Tuesday,16:00,16:00,+0h,1.0,听力,3,语法掌握一般
Zoe_243,班课,Pilar（教务）,L001987,2025-12-02,周二,martes,Tuesday,16:00,10:00,-6h,1.0,口语,8,语法掌握一般
Isabela_520,班课,Pilar,L001988,2025年12月9日,周二,martes,Tuesday,16:00,14:00,-2h,2.0,阅读,3,语法掌握一般
Isabela_070,小组课,Pilar,L001988,2025-12-09,周二,martes,Tuesday,16:00,10:00,-6h,2.0,阅读,5,语法掌握一般
Jack_218,小组课,Pilar,L001988,2025-12-09,周二,martes,Tuesday,16:00,07:00,-9h,2.0,阅读,4,语法掌握一般
Lucy306,班课,Pilar,L001988,2025/12/09,周二,martes,Tuesday,16:00,10:00,-6h,2.0,口语,5,语法掌握一般
Etta_271,班课,Pilar,L001988,2025-12-09,周二,martes,Tuesday,16:00,17:00,+1h,2.0,语法,1,语法掌握一般
Zoe_243,小组课,Pilar,L001988,2025/12/09,周二,martes,Tuesday,16:00,10:00,-6h,2.0,口语,5,语法掌握一般
Isabela_520,班课,Pilar,L001989,12/16/2025,周二,martes,Tuesday,16:00,15:00,-1h,2.0,阅读,9,课堂参与积极
Isabela_070,班课,Pilar,L001989,2025/12/16,周二,martes,Tuesday,16:00,10:00,-6h,2.0,口语,13,课堂参与积极
Jack_218,小组课,Pilar,L001989,2025-12-16,周二,martes,Tuesday,16:00,07:00,-9h,2.0,阅读,12,课堂参与积极
Lucy_306,班课,Pilar,L001989,2025年12月16日,周二,martes,Tuesday,16:00,10:00,-6h,2.0,口语,9,课堂参与积极
Etta_271,小组课,Pilar,L001989,2025/12/16,周二,martes,Tuesday,16:00,16:00,+0h,2.0,语法,6,课堂参与积极
Zoe_243,小组课,Pilar,L001989,2025-12-16,周二,martes,Tuesday,16:00,10:00,-6h,2.0,口语,8,课堂参与积极
Isabela_520,小组课,Pilar,L001990,2025年12月23日,周二,martes,Tuesday,16:00,15:00,-1h,1.0,口语,5,
Isabela_070,小组课,Pilar,L001990,12/23/2025,周二,martes,Tuesday,16:00,10:00,-6h,1.0,复习,6,
Jack_218（教务）,小组课,Pilar,L001990,2025/12/23,周二,martes,Tuesday,16:00,07:00,-9h,1.0,听力,12,
Lucy_306,小组课,Pilar,L001990,2025-12-23,周二,martes,Tuesday,16:00,10:00,-6h,1.0,听力,1,
Etta271,小组课,Pilar,L001990,2025年12月23日,周二,martes,Tuesday,16:00,16:00,+0h,1.0,口语,5,
Zoe_243,班课,Pilar（教务）,L001990,2025/12/23,周二,martes,Tuesday,16:00,10:00,-6h,1.0,复习,7,
Isabela_520（教务）,班课,Pilar,L001991,2025年12月30日,周二,martes,Tuesday,16:00,15:00,-1h,2.0,听力,11,需要加强口语练习
Isabela_070,班课,Pilar,L001991,2025/12/30,周二,martes,Tuesday,16:00,10:00,-6h,2.0,复习,4,需要加强口语练习
Jack218,班课,Pilar,L001991,2025-12-30,周二,martes,Tuesday,16:00,07:00,-9h,2.0,语法,2,需要加强口语练习
Lucy_306,班课,Pilar,L001991,2025/12/30,周二,martes,Tuesday,16:00,10:00,-6h,2.0,复习,1,需要加强口语练习
Etta_271,小组课,Pilar,L001991,2025/12/30,周二,martes,Tuesday,16:00,16:00,+0h,2.0,口语,4,需要加强口语练习
Zoe_243（教务）,班课,Pilar,L001991,2025-12-30,周二,martes,Tuesday,16:00,10:00,-6h,2.0,语法,1,需要加强口语练习
Isabela_520,班课,Pilar,L001992,2026年1月6日,周二,martes,Tuesday,16:00,14:00,-2h,1.67,复习,13,语法掌握一般
Isabela_070,班课,Pilar,L001992,01/06/2026,周二,martes,Tuesday,16:00,10:00,-6h,1.67,语法,11,语法掌握一般
Jack_218,小组课,Pilar,L001992,01/06/2026,周二,martes,Tuesday,16:00,07:00,-9h,1.67,复习,11,语法掌握一般
Lucy306,小组课,Pilar,L001992,2026/01/06,周二,martes,Tuesday,16:00,10:00,-6h,1.67,阅读,12,语法掌握一般
Etta_271,小组课,Pilar,L001992,2026-01-06,周二,martes,Tuesday,16:00,16:00,+0h,1.67,听力,4,语法掌握一般
Zoe_243,班课,Pilar,L001992,2026年1月6日,周二,martes,Tuesday,16:00,10:00,-6h,1.67,口语,2,语法掌握一般
Isabela520,班课,Pilar,L001993,2026-01-13,周二,martes,Tuesday,16:00,15:00,-1h,1.0,口语,6,完成本节内容
Isabela_070,小组课,Pilar,L001993,2026-01-13,周二,martes,Tuesday,16:00,10:00,-6h,1.0,语法,8,完成本节内容
Jack_218,小组课,Pilar,L001993,2026年1月13日,周二,martes,Tuesday,16:00,07:00,-9h,1.0,口语,1,完成本节内容
Lucy_306,班课,Pilar,L001993,01/13/2026,周二,martes,Tuesday,16:00,10:00,-6h,1.0,阅读,2,完成本节内容
Etta_271,小组课,Pilar,L001993,01/13/2026,周二,martes,Tuesday,16:00,16:00,+0h,1.0,听力,2,完成本节内容
Zoe243,小组课,Pilar,L001993,2026-01-13,周二,martes,Tuesday,16:00,10:00,-6h,1.0,阅读,5,完成本节内容
Isabela_520,小组课,Pilar,L001994,2026/01/20,周二,martes,Tuesday,16:00,15:00,-1h,1.67,阅读,8,需要加强口语练习
Isabela_070,小组课,Pilar,L001994,2026-01-20,周二,martes,Tuesday,16:00,10:00,-6h,1.67,阅读,6,需要加强口语练习
Jack_218,班课,Pilar（教务）,L001994,2026年1月20日,周二,martes,Tuesday,16:00,07:00,-9h,1.67,复习,1,需要加强口语练习
Lucy_306,班课,Pilar,L001994,2026-01-20,周二,martes,Tuesday,16:00,10:00,-6h,1.67,口语,9,需要加强口语练习
Etta_271,班课,Pilar,L001994,2026-01-20,周二,martes,Tuesday,16:00,17:00,+1h,1.67,阅读,13,需要加强口语练习
Zoe_243,班课,Pilar,L001994,2026-01-20,周二,martes,Tuesday,16:00,10:00,-6h,1.67,语法,5,需要加强口语练习
Isabela_520,小组课,Pilar,L001995,2026/01/27,周二,martes,Tuesday,16:00,15:00,-1h,1.0,阅读,9,课堂参与积极
Isabela_070（教务）,班课,Pilar,L001995,2026/01/27,周二,martes,Tuesday,16:00,10:00,-6h,1.0,语法,11,课堂参与积极
Jack218,小组课,Pilar,L001995,2026-01-27,周二,martes,Tuesday,16:00,06:00,-10h,1.0,复习,11,课堂参与积极
Lucy306,小组课,Pilar,L001995,2026/01/27,周二,martes,Tuesday,16:00,10:00,-6h,1.0,语法,6,课堂参与积极
Etta_271,班课,Pilar,L001995,2026-01-27,周二,martes,Tuesday,16:00,16:00,+0h,1.0,语法,6,课堂参与积极
Zoe_243（教务）,班课,Pilar,L001995,2026年1月27日,周二,martes,Tuesday,16:00,10:00,-6h,1.0,语法,10,课堂参与积极
Isabela520,小组课,Pilar,L001996,02/03/2026,周二,martes,Tuesday,16:00,15:00,-1h,1.67,语法,2,完成本节内容
Isabela_070,班课,Pilar,L001996,2026-02-03,周二,martes,Tuesday,16:00,10:00,-6h,1.67,口语,12,完成本节内容
Jack_218,小组课,Pilar,L001996,2026-02-03,周二,martes,Tuesday,16:00,08:00,-8h,1.67,语法,7,完成本节内容
Lucy_306,小组课,Pilar,L001996,2026-02-03,周二,martes,Tuesday,16:00,10:00,-6h,1.67,口语,7,完成本节内容
Etta_271,小组课,Pilar,L001996,02/03/2026,周二,martes,Tuesday,16:00,16:00,+0h,1.67,口语,11,完成本节内容
Zoe_243,班课,Pilar,L001996,02/03/2026,周二,martes,Tuesday,16:00,10:00,-6h,1.67,阅读,3,完成本节内容
Isabela_520,小组课,Pilar,L001997,2026/02/10,周二,martes,Tuesday,16:00,15:00,-1h,1.0,复习,3,完成本节内容
Isabela_070,班课,Pilar,L001997,2026/02/10,周二,martes,Tuesday,16:00,10:00,-6h,1.0,听力,11,完成本节内容
Jack218,班课,Pilar,L001997,2026-02-10,周二,martes,Tuesday,16:00,07:00,-9h,1.0,听力,11,完成本节内容
Lucy_306,小组课,Pilar,L001997,02/10/2026,周二,martes,Tuesday,16:00,11:00,-5h,1.0,口语,3,完成本节内容
Etta_271,班课,Pilar,L001997,2026/02/10,周二,martes,Tuesday,16:00,16:00,+0h,1.0,语法,14,完成本节内容
Zoe243,小组课,Pilar,L001997,02/10/2026,周二,martes,Tuesday,16:00,10:00,-6h,1.0,复习,12,完成本节内容
Isabela_520,班课,Pilar,L001998,2026-02-17,周二,martes,Tuesday,16:00,15:00,-1h,1.67,阅读,5,语法掌握一般
Isabela_070,小组课,Pilar,L001998,2026年2月17日,周二,martes,Tuesday,16:00,10:00,-6h,1.67,口语,2,语法掌握一般
Jack_218,班课,Pilar（教务）,L001998,2026/02/17,周二,martes,Tuesday,16:00,07:00,-9h,1.67,语法,1,语法掌握一般
Lucy_306,小组课,Pilar,L001998,2026-02-17,周二,martes,Tuesday,16:00,10:00,-6h,1.67,语法,7,语法掌握一般
Etta271,小组课,Pilar,L001998,2026-02-17,周二,martes,Tuesday,16:00,16:00,+0h,1.67,语法,2,语法掌握一般
Zoe_243（教务）,班课,Pilar,L001998,2026-02-17,周二,martes,Tuesday,16:00,10:00,-6h,1.67,口语,10,语法掌握一般
Isabela520,班课,Pilar,L001999,2026-02-24,周二,martes,Tuesday,16:00,15:00,-1h,1.0,语法,9,语法掌握一般
Isabela_070,班课,Pilar,L001999,2026-02-24,周二,martes,Tuesday,16:00,10:00,-6h,1.0,听力,8,语法掌握一般
Jack218,班课,Pilar,L001999,2026/02/24,周二,martes,Tuesday,16:00,07:00,-9h,1.0,口语,9,语法掌握一般
Lucy_306,小组课,Pilar,L001999,2026-02-24,周二,martes,Tuesday,16:00,10:00,-6h,1.0,听力,2,语法掌握一般
Etta_271,班课,Pilar,L001999,2026-02-24,周二,martes,Tuesday,16:00,16:00,+0h,1.0,语法,13,语法掌握一般
Zoe_243（教务）,班课,Pilar,L001999,2026/02/24,周二,martes,Tuesday,16:00,10:00,-6h,1.0,口语,2,语法掌握一般
Isabela_520,班课,Pilar,L002000,2026年3月3日,周二,martes,Tuesday,16:00,15:00,-1h,1.0,语法,8,语法掌握一般
Isabela070,小组课,Pilar,L002000,2026/03/03,周二,martes,Tuesday,16:00,10:00,-6h,1.0,语法,14,语法掌握一般
Jack_218,小组课,Pilar,L002000,2026-03-03,周二,martes,Tuesday,16:00,07:00,-9h,1.0,复习,13,语法掌握一般
Lucy_306,班课,Pilar,L002000,2026年3月3日,周二,martes,Tuesday,16:00,10:00,-6h,1.0,语法,13,语法掌握一般
Etta271,小组课,Pilar,L002000,2026-03-03,周二,martes,Tuesday,16:00,16:00,+0h,1.0,口语,11,语法掌握一般
Zoe_243,班课,Pilar,L002000,2026年3月3日,周二,martes,Tuesday,16:00,10:00,-6h,1.0,听力,3,语法掌握一般
Isabela_520,小组课,Pilar,L002001,2026-03-10,周二,martes,Tuesday,16:00,15:00,-1h,1.67,复习,10,需要加强口语练习
Isabela_070,小组课,Pilar（教务）,L002001,2026-03-10,周二,martes,Tuesday,16:00,11:00,-5h,1.67,阅读,8,需要加强口语练习
Jack_218,班课,Pilar,L002001,03/10/2026,周二,martes,Tuesday,16:00,08:00,-8h,1.67,复习,9,需要加强口语练习
Lucy_306,班课,Pilar,L002001,2026-03-10,周二,martes,Tuesday,16:00,11:00,-5h,1.67,口语,13,需要加强口语练习
Etta_271,班课,Pilar（教务）,L002001,2026-03-10,周二,martes,Tuesday,16:00,17:00,+1h,1.67,语法,5,需要加强口语练习
Zoe243,班课,Pilar,L002001,03/10/2026,周二,martes,Tuesday,16:00,10:00,-6h,1.67,听力,11,需要加强口语练习
Isabela_520,小组课,Pilar,L002002,2026-03-17,周二,martes,Tuesday,16:00,15:00,-1h,2.0,口语,7,语法掌握一般
Isabela_070,小组课,Pilar,L002002,03/17/2026,周二,martes,Tuesday,16:00,10:00,-6h,2.0,复习,7,语法掌握一般
Jack_218,小组课,Pilar,L002002,03/17/2026,周二,martes,Tuesday,16:00,08:00,-8h,2.0,复习,4,语法掌握一般
Lucy_306,班课,Pilar,L002002,03/17/2026,周二,martes,Tuesday,16:00,11:00,-5h,2.0,口语,8,语法掌握一般
Etta_271,班课,Pilar,L002002,2026-03-17,周二,martes,Tuesday,16:00,16:00,+0h,2.0,口语,13,语法掌握一般
Zoe243,小组课,Pilar,L002002,03/17/2026,周二,martes,Tuesday,16:00,11:00,-5h,2.0,阅读,5,语法掌握一般
Isabela520,小组课,Pilar,L002003,2026/03/24,周二,martes,Tuesday,16:00,15:00,-1h,1.0,复习,2,需要加强口语练习
Isabela_070,班课,Pilar,L002003,03/24/2026,周二,martes,Tuesday,16:00,11:00,-5h,1.0,听力,3,需要加强口语练习
Jack_218,小组课,Pilar（教务）,L002003,2026/03/24,周二,martes,Tuesday,16:00,08:00,-8h,1.0,语法,9,需要加强口语练习
Lucy_306,班课,Pilar,L002003,03/24/2026,周二,martes,Tuesday,16:00,11:00,-5h,1.0,口语,2,需要加强口语练习
Etta_271,小组课,Pilar,L002003,2026/03/24,周二,martes,Tuesday,16:00,16:00,+0h,1.0,语法,4,需要加强口语练习
Zoe243,班课,Pilar,L002003,2026-03-24,周二,martes,Tuesday,16:00,14:00,-2h,1.0,复习,6,需要加强口语练习
Isabela520,小组课,Pilar,L002004,2026年3月31日,周二,martes,Tuesday,16:00,16:00,+0h,1.0,听力,11,需要加强口语练习
Isabela_070,班课,Pilar,L002004,03/31/2026,周二,martes,Tuesday,16:00,09:00,-7h,1.0,复习,5,需要加强口语练习
Jack218,小组课,Pilar,L002004,03/31/2026,周二,martes,Tuesday,16:00,07:00,-9h,1.0,阅读,10,需要加强口语练习
Lucy_306,班课,Pilar,L002004,2026/03/31,周二,martes,Tuesday,16:00,10:00,-6h,1.0,口语,9,需要加强口语练习
Etta_271,小组课,Pilar,L002004,2026/03/31,周二,martes,Tuesday,16:00,16:00,+0h,1.0,语法,4,需要加强口语练习
Zoe_243,班课,Pilar,L002004,03/31/2026,周二,martes,Tuesday,16:00,10:00,-6h,1.0,听力,8,需要加强口语练习
Isabela_520,班课,Pilar,L002005,04/07/2026,周二,martes,Tuesday,16:00,15:00,-1h,2.0,复习,5,完成本节内容
Isabela_070,小组课,Pilar,L002005,2026-04-07,周二,martes,Tuesday,16:00,10:00,-6h,2.0,复习,12,完成本节内容
Jack218,班课,Pilar,L002005,04/07/2026,周二,martes,Tuesday,16:00,07:00,-9h,2.0,阅读,9,完成本节内容
Lucy_306,小组课,Pilar,L002005,04/07/2026,周二,martes,Tuesday,16:00,10:00,-6h,2.0,听力,3,完成本节内容
Etta271,小组课,Pilar,L002005,04/07/2026,周二,martes,Tuesday,16:00,16:00,+0h,2.0,语法,9,完成本节内容
Zoe_243,小组课,Pilar（教务）,L002005,04/07/2026,周二,martes,Tuesday,16:00,10:00,-6h,2.0,复习,8,完成本节内容
Isabela_520,小组课,Pilar,L002006,2026年4月14日,周二,martes,Tuesday,16:00,15:00,-1h,1.0,口语,8,语法掌握一般
Isabela_070,班课,Pilar,L002006,2026/04/14,周二,martes,Tuesday,16:00,10:00,-6h,1.0,阅读,7,语法掌握一般
Jack_218,小组课,Pilar,L002006,04/14/2026,周二,martes,Tuesday,16:00,07:00,-9h,1.0,复习,6,语法掌握一般
Lucy_306,班课,Pilar,L002006,2026-04-14,周二,martes,Tuesday,16:00,12:00,-4h,1.0,口语,12,语法掌握一般
Etta_271,小组课,Pilar,L002006,2026-04-14,周二,martes,Tuesday,16:00,16:00,+0h,1.0,语法,13,语法掌握一般
Zoe_243,班课,Pilar,L002006,2026-04-14,周二,martes,Tuesday,16:00,10:00,-6h,1.0,听力,12,语法掌握一般
Isabela_520,小组课,Pilar,L002007,04/21/2026,周二,martes,Tuesday,16:00,16:00,+0h,1.0,口语,6,完成本节内容
Isabela_070,班课,Pilar,L002007,2026/04/21,周二,martes,Tuesday,16:00,10:00,-6h,1.0,口语,1,完成本节内容
Jack_218,小组课,Pilar,L002007,2026/04/21,周二,martes,Tuesday,16:00,07:00,-9h,1.0,复习,10,完成本节内容
Lucy_306,班课,Pilar,L002007,2026年4月21日,周二,martes,Tuesday,16:00,10:00,-6h,1.0,听力,13,完成本节内容
Etta_271,小组课,Pilar,L002007,2026年4月21日,周二,martes,Tuesday,16:00,16:00,+0h,1.0,复习,14,完成本节内容
Zoe_243（教务）,小组课,Pilar（教务）,L002007,2026-04-21,周二,martes,Tuesday,16:00,10:00,-6h,1.0,阅读,10,完成本节内容
Isabela_520,班课,Pilar,L002008,2026/04/28,周二,martes,Tuesday,16:00,15:00,-1h,1.67,阅读,1,课堂参与积极
Isabela_070,班课,Pilar,L002008,2026-04-28,周二,martes,Tuesday,16:00,10:00,-6h,1.67,语法,9,课堂参与积极
Jack218,班课,Pilar,L002008,2026年4月28日,周二,martes,Tuesday,16:00,07:00,-9h,1.67,阅读,9,课堂参与积极
Lucy306,班课,Pilar,L002008,04/28/2026,周二,martes,Tuesday,16:00,10:00,-6h,1.67,语法,6,课堂参与积极
Etta_271（教务）,班课,Pilar,L002008,2026-04-28,周二,martes,Tuesday,16:00,16:00,+0h,1.67,口语,8,课堂参与积极
Zoe_243,班课,Pilar,L002008,04/28/2026,周二,martes,Tuesday,16:00,09:00,-7h,1.67,阅读,7,课堂参与积极
Isabela_520,班课,Pilar,L002009,2026年5月5日,周二,martes,Tuesday,16:00,15:00,-1h,1.0,复习,7,完成本节内容
Isabela_070,班课,Pilar,L002009,05/05/2026,周二,martes,Tuesday,16:00,10:00,-6h,1.0,口语,14,完成本节内容
Jack_218,小组课,Pilar,L002009,2026-05-05,周二,martes,Tuesday,16:00,06:00,-10h,1.0,口语,4,完成本节内容
Lucy_306,班课,Pilar,L002009,05/05/2026,周二,martes,Tuesday,16:00,13:00,-3h,1.0,语法,4,完成本节内容
Etta_271,小组课,Pilar,L002009,05/05/2026,周二,martes,Tuesday,16:00,16:00,+0h,1.0,听力,2,完成本节内容
Zoe_243,小组课,Pilar,L002009,2026-05-05,周二,martes,Tuesday,16:00,10:00,-6h,1.0,听力,7,完成本节内容
Isabela520,班课,Pilar（教务）,L002010,2026-05-12,周二,martes,Tuesday,16:00,15:00,-1h,1.0,阅读,5,完成本节内容
Isabela_070,班课,Pilar（教务）,L002010,2026-05-12,周二,martes,Tuesday,16:00,11:00,-5h,1.0,语法,4,完成本节内容
Jack_218,班课,Pilar,L002010,2026年5月12日,周二,martes,Tuesday,16:00,07:00,-9h,1.0,口语,13,完成本节内容
Lucy_306,班课,Pilar,L002010,2026-05-12,周二,martes,Tuesday,16:00,10:00,-6h,1.0,语法,11,完成本节内容
Etta_271（教务）,班课,Pilar,L002010,05/12/2026,周二,martes,Tuesday,16:00,18:00,+2h,1.0,语法,13,完成本节内容
Zoe243,班课,Pilar,L002010,2026/05/12,周二,martes,Tuesday,16:00,10:00,-6h,1.0,口语,6,完成本节内容
Isabela_520,班课,Pilar,L002011,2026/05/19,周二,martes,Tuesday,16:00,14:00,-2h,1.67,复习,8,需要加强口语练习
Isabela070,小组课,Pilar,L002011,2026年5月19日,周二,martes,Tuesday,16:00,10:00,-6h,1.67,语法,4,需要加强口语练习
Jack_218,班课,Pilar,L002011,2026/05/19,周二,martes,Tuesday,16:00,07:00,-9h,1.67,阅读,10,需要加强口语练习
Lucy_306,小组课,Pilar,L002011,2026-05-19,周二,martes,Tuesday,16:00,10:00,-6h,1.67,语法,10,需要加强口语练习
Etta_271,小组课,Pilar,L002011,2026-05-19,周二,martes,Tuesday,16:00,16:00,+0h,1.67,口语,4,需要加强口语练习
Zoe_243,班课,Pilar,L002011,2026-05-19,周二,martes,Tuesday,16:00,10:00,-6h,1.67,语法,5,需要加强口语练习
Isabela_520,小组课,Pilar,L002012,2026年5月26日,周二,martes,Tuesday,16:00,15:00,-1h,1.0,听力,13,完成本节内容
Isabela_070（教务）,小组课,Pilar,L002012,2026-05-26,周二,martes,Tuesday,16:00,10:00,-6h,1.0,口语,3,完成本节内容
Jack_218,班课,Pilar,L002012,2026年5月26日,周二,martes,Tuesday,16:00,07:00,-9h,1.0,阅读,11,完成本节内容
Lucy_306,班课,Pilar,L002012,2026-05-26,周二,martes,Tuesday,16:00,10:00,-6h,1.0,语法,7,完成本节内容
Etta271,班课,Pilar,L002012,2026/05/26,周二,martes,Tuesday,16:00,16:00,+0h,1.0,语法,5,完成本节内容
Zoe_243,小组课,Pilar,L002012,2026-05-26,周二,martes,Tuesday,16:00,10:00,-6h,1.0,语法,3,完成本节内容
Isabela_520,班课,Pilar,L002013,2026/06/02,周二,martes,Tuesday,16:00,15:00,-1h,1.0,口语,10,课堂参与积极
Isabela_070（教务）,小组课,Pilar,L002013,2026/06/02,周二,martes,Tuesday,16:00,09:00,-7h,1.0,复习,12,课堂参与积极
Jack_218,班课,Pilar,L002013,2026年6月2日,周二,martes,Tuesday,16:00,09:00,-7h,1.0,口语,12,课堂参与积极
Lucy_306,小组课,Pilar（教务）,L002013,2026-06-02,周二,martes,Tuesday,16:00,10:00,-6h,1.0,阅读,3,课堂参与积极
Etta271,班课,Pilar,L002013,06/02/2026,周二,martes,Tuesday,16:00,16:00,+0h,1.0,阅读,3,课堂参与积极
Zoe_243,班课,Pilar,L002013,2026-06-02,周二,martes,Tuesday,16:00,11:00,-5h,1.0,复习,7,课堂参与积极
Isabela_520,班课,Pilar,L002014,2026/06/09,周二,martes,Tuesday,16:00,15:00,-1h,1.0,复习,6,
Isabela_070,班课,Pilar,L002014,2026-06-09,周二,martes,Tuesday,16:00,10:00,-6h,1.0,听力,10,
Jack218,班课,Pilar,L002014,2026/06/09,周二,martes,Tuesday,16:00,07:00,-9h,1.0,语法,9,
Lucy306,班课,Pilar,L002014,2026-06-09,周二,martes,Tuesday,16:00,09:00,-7h,1.0,阅读,4,
Etta_271（教务）,班课,Pilar,L002014,2026-06-09,周二,martes,Tuesday,16:00,16:00,+0h,1.0,听力,11,
Zoe_243,小组课,Pilar,L002014,2026-06-09,周二,martes,Tuesday,16:00,10:00,-6h,1.0,阅读,13,
Isabela_520,班课,Pilar,L002015,2026-06-16,周二,martes,Tuesday,16:00,15:00,-1h,1.67,口语,8,课堂参与积极
Isabela_070,小组课,Pilar,L002015,2026年6月16日,周二,martes,Tuesday,16:00,10:00,-6h,1.67,复习,9,课堂参与积极
Jack218,小组课,Pilar,L002015,2026-06-16,周二,martes,Tuesday,16:00,07:00,-9h,1.67,口语,14,课堂参与积极
Lucy_306,小组课,Pilar,L002015,2026-06-16,周二,martes,Tuesday,16:00,10:00,-6h,1.67,复习,1,课堂参与积极
Etta_271,班课,Pilar,L002015,2026-06-16,周二,martes,Tuesday,16:00,16:00,+0h,1.67,阅读,8,课堂参与积极
Zoe243,班课,Pilar,L002015,2026年6月16日,周二,martes,Tuesday,16:00,10:00,-6h,1.67,复习,14,课堂参与积极
Isabela_520,班课,Pilar,L002016,2026/06/23,周二,martes,Tuesday,16:00,15:00,-1h,1.0,口语,10,
Isabela_070,班课,Pilar,L002016,2026/06/23,周二,martes,Tuesday,16:00,10:00,-6h,1.0,听力,12,
Jack_218,班课,Pilar,L002016,2026/06/23,周二,martes,Tuesday,16:00,07:00,-9h,1.0,口语,12,
Lucy_306,小组课,Pilar,L002016,2026年6月23日,周二,martes,Tuesday,16:00,10:00,-6h,1.0,听力,1,
Etta_271,班课,Pilar,L002016,2026-06-23,周二,martes,Tuesday,16:00,16:00,+0h,1.0,复习,5,
Zoe243,小组课,Pilar,L002016,2026年6月23日,周二,martes,Tuesday,16:00,08:00,-8h,1.0,口语,4,
Isabela520,小组课,Pilar,L002017,2026-06-30,周二,martes,Tuesday,16:00,15:00,-1h,1.0,口语,1,完成本节内容
Isabela070,班课,Pilar,L002017,2026年6月30日,周二,martes,Tuesday,16:00,10:00,-6h,1.0,复习,2,完成本节内容
Jack218,小组课,Pilar,L002017,2026年6月30日,周二,martes,Tuesday,16:00,07:00,-9h,1.0,阅读,9,完成本节内容
Lucy_306,班课,Pilar,L002017,2026-06-30,周二,martes,Tuesday,16:00,10:00,-6h,1.0,阅读,11,完成本节内容
Etta_271,小组课,Pilar,L002017,2026-06-30,周二,martes,Tuesday,16:00,16:00,+0h,1.0,听力,8,完成本节内容
Zoe_243,班课,Pilar,L002017,2026年6月30日,周二,martes,Tuesday,16:00,10:00,-6h,1.0,语法,4,完成本节内容
Isabela_520,小组课,Pilar,L002018,2026年7月7日,周二,martes,Tuesday,16:00,15:00,-1h,1.67,阅读,13,完成本节内容
Isabela_070,小组课,Pilar,L002018,2026-07-07,周二,martes,Tuesday,16:00,10:00,-6h,1.67,阅读,14,完成本节内容
Jack218,小组课,Pilar,L002018,2026/07/07,周二,martes,Tuesday,16:00,07:00,-9h,1.67,阅读,8,完成本节内容
Lucy_306,班课,Pilar,L002018,07/07/2026,周二,martes,Tuesday,16:00,10:00,-6h,1.67,语法,13,完成本节内容
Etta_271,班课,Pilar,L002018,2026-07-07,周二,martes,Tuesday,16:00,16:00,+0h,1.67,口语,13,完成本节内容
Zoe243,小组课,Pilar,L002018,2026/07/07,周二,martes,Tuesday,16:00,09:00,-7h,1.67,口语,3,完成本节内容
Isabela_520,小组课,Pilar,L002019,07/14/2026,周二,martes,Tuesday,16:00,16:00,+0h,1.67,语法,8,
Isabela_070,班课,Pilar,L002019,2026-07-14,周二,martes,Tuesday,16:00,10:00,-6h,1.67,听力,13,
Jack_218,小组课,Pilar（教务）,L002019,2026/07/14,周二,martes,Tuesday,16:00,07:00,-9h,1.67,听力,9,
Lucy_306,班课,Pilar,L002019,2026-07-14,周二,martes,Tuesday,16:00,10:00,-6h,1.67,阅读,8,
Etta_271,小组课,Pilar,L002019,2026-07-14,周二,martes,Tuesday,16:00,16:00,+0h,1.67,阅读,4,
Zoe_243,小组课,Pilar,L002019,2026年7月14日,周二,martes,Tuesday,16:00,10:00,-6h,1.67,复习,8,
Isabela520,小组课,Pilar,L002020,2026/07/21,周二,martes,Tuesday,16:00,15:00,-1h,1.67,口语,7,课堂参与积极
Isabela_070,班课,Pilar,L002020,2026年7月21日,周二,martes,Tuesday,16:00,10:00,-6h,1.67,阅读,14,课堂参与积极
Jack_218,班课,Pilar,L002020,07/21/2026,周二,martes,Tuesday,16:00,07:00,-9h,1.67,语法,11,课堂参与积极
Lucy_306,小组课,Pilar,L002020,2026-07-21,周二,martes,Tuesday,16:00,10:00,-6h,1.67,阅读,12,课堂参与积极
Etta_271,班课,Pilar,L002020,07/21/2026,周二,martes,Tuesday,16:00,16:00,+0h,1.67,语法,6,课堂参与积极
Zoe_243,班课,Pilar,L002020,07/21/2026,周二,martes,Tuesday,16:00,10:00,-6h,1.67,阅读,6,课堂参与积极
Isabela_520,小组课,Pilar,L002021,2026年7月28日,周二,martes,Tuesday,16:00,14:00,-2h,1.0,语法,12,需要加强口语练习
Isabela070,班课,Pilar,L002021,2026-07-28,周二,martes,Tuesday,16:00,10:00,-6h,1.0,阅读,8,需要加强口语练习
Jack_218,小组课,Pilar,L002021,2026-07-28,周二,martes,Tuesday,16:00,07:00,-9h,1.0,口语,14,需要加强口语练习
Lucy_306,小组课,Pilar,L002021,2026/07/28,周二,martes,Tuesday,16:00,10:00,-6h,1.0,口语,10,需要加强口语练习
Etta_271,小组课,Pilar（教务）,L002021,2026/07/28,周二,martes,Tuesday,16:00,16:00,+0h,1.0,口语,5,需要加强口语练习
Zoe_243,班课,Pilar,L002021,2026-07-28,周二,martes,Tuesday,16:00,10:00,-6h,1.0,口语,13,需要加强口语练习
Isabela_520（教务）,班课,Pilar,L002022,2026年8月4日,周二,martes,Tuesday,16:00,15:00,-1h,1.5,语法,2,语法掌握一般
Isabela_070,班课,Pilar,L002022,2026/08/04,周二,martes,Tuesday,16:00,10:00,-6h,1.5,复习,1,语法掌握一般
Jack218,班课,Pilar,L002022,08/04/2026,周二,martes,Tuesday,16:00,07:00,-9h,1.5,口语,6,语法掌握一般
Lucy_306（教务）,班课,Pilar,L002022,2026/08/04,周二,martes,Tuesday,16:00,10:00,-6h,1.5,听力,5,语法掌握一般
Etta_271,班课,Pilar,L002022,2026-08-04,周二,martes,Tuesday,16:00,16:00,+0h,1.5,阅读,8,语法掌握一般
Zoe_243,班课,Pilar,L002022,2026-08-04,周二,martes,Tuesday,16:00,10:00,-6h,1.5,复习,10,语法掌握一般
Isabela_520（教务）,班课,Pilar,L002023,2026-08-11,周二,martes,Tuesday,16:00,17:00,+1h,2.0,口语,12,需要加强口语练习
Isabela_070,班课,Pilar,L002023,2026年8月11日,周二,martes,Tuesday,16:00,10:00,-6h,2.0,听力,6,需要加强口语练习
Jack_218,小组课,Pilar,L002023,08/11/2026,周二,martes,Tuesday,16:00,07:00,-9h,2.0,听力,8,需要加强口语练习
Lucy306,小组课,Pilar,L002023,08/11/2026,周二,martes,Tuesday,16:00,10:00,-6h,2.0,阅读,4,需要加强口语练习
Etta_271,班课,Pilar,L002023,2026/08/11,周二,martes,Tuesday,16:00,16:00,+0h,2.0,复习,4,需要加强口语练习
Zoe_243,小组课,Pilar,L002023,08/11/2026,周二,martes,Tuesday,16:00,10:00,-6h,2.0,口语,3,需要加强口语练习
Isabela_520,小组课,Pilar,L002024,2026年8月18日,周二,martes,Tuesday,16:00,15:00,-1h,1.67,听力,4,完成本节内容
Isabela_070,班课,Pilar,L002024,2026-08-18,周二,martes,Tuesday,16:00,10:00,-6h,1.67,听力,6,完成本节内容
Jack_218,班课,Pilar,L002024,2026-08-18,周二,martes,Tuesday,16:00,06:00,-10h,1.67,语法,1,完成本节内容
Lucy_306,小组课,Pilar,L002024,2026-08-18,周二,martes,Tuesday,16:00,10:00,-6h,1.67,口语,12,完成本节内容
Etta_271,小组课,Pilar（教务）,L002024,2026-08-18,周二,martes,Tuesday,16:00,15:00,-1h,1.67,语法,7,完成本节内容
Zoe_243,小组课,Pilar,L002024,2026-08-18,周二,martes,Tuesday,16:00,10:00,-6h,1.67,语法,7,完成本节内容
Isabela_520（教务）,小组课,Pilar,L002025,08/25/2026,周二,martes,Tuesday,16:00,15:00,-1h,1.0,口语,11,完成本节内容
Isabela_070,小组课,Pilar,L002025,2026/08/25,周二,martes,Tuesday,16:00,10:00,-6h,1.0,听力,1,完成本节内容
Jack_218,班课,Pilar,L002025,2026-08-25,周二,martes,Tuesday,16:00,07:00,-9h,1.0,语法,3,完成本节内容
Lucy_306,小组课,Pilar,L002025,2026-08-25,周二,martes,Tuesday,16:00,10:00,-6h,1.0,复习,10,完成本节内容
Etta_271,班课,Pilar,L002025,2026-08-25,周二,martes,Tuesday,16:00,16:00,+0h,1.0,复习,11,完成本节内容
Zoe_243,班课,Pilar（教务）,L002025,2026-08-25,周二,martes,Tuesday,16:00,10:00,-6h,1.0,听力,4,完成本节内容
Nina_245,班课,Pilar,L002026,2025年4月27日,周日,domingo,Sunday,08:00,17:00,+9h,1.0,听力,2,语法掌握一般
Lucy_356,小组课,Pilar,L002026,2025-04-27,周日,domingo,Sunday,08:00,07:00,-1h,1.0,语法,10,语法掌握一般
Nina245,小组课,Pilar,L002027,2025/05/04,周日,domingo,Sunday,08:00,16:00,+8h,1.67,听力,10,语法掌握一般
Lucy_356（教务）,小组课,Pilar,L002027,2025/05/04,周日,domingo,Sunday,08:00,10:00,+2h,1.67,语法,14,语法掌握一般
Nina_245,小组课,Pilar,L002028,2025-05-11,周日,domingo,Sunday,08:00,16:00,+8h,1.0,语法,12,课堂参与积极
Lucy_356,班课,Pilar,L002028,2025-05-11,周日,domingo,Sunday,08:00,07:00,-1h,1.0,听力,10,课堂参与积极
Nina_245,班课,Pilar,L002029,05/18/2025,周日,domingo,Sunday,08:00,16:00,+8h,1.67,复习,3,完成本节内容
Lucy_356,班课,Pilar,L002029,2025-05-18,周日,domingo,Sunday,08:00,07:00,-1h,1.67,口语,6,完成本节内容
Nina_245,小组课,Pilar,L002030,2025/05/25,周日,domingo,Sunday,08:00,16:00,+8h,2.0,听力,11,语法掌握一般
Lucy356,小组课,Pilar,L002030,2025-05-25,周日,domingo,Sunday,08:00,07:00,-1h,2.0,阅读,7,语法掌握一般
Nina_245,班课,Pilar,L002031,2025/06/01,周日,domingo,Sunday,08:00,16:00,+8h,1.67,语法,5,完成本节内容
Lucy356,班课,Pilar,L002031,2025-06-01,周日,domingo,Sunday,08:00,05:00,-3h,1.67,口语,3,完成本节内容
Nina_245,小组课,Pilar,L002032,2025/06/08,周日,domingo,Sunday,08:00,16:00,+8h,1.5,复习,5,完成本节内容
Lucy_356,小组课,Pilar,L002032,2025-06-08,周日,domingo,Sunday,08:00,06:00,-2h,1.5,听力,14,完成本节内容
Nina245,班课,Pilar,L002033,2025-06-15,周日,domingo,Sunday,08:00,17:00,+9h,1.0,口语,7,需要加强口语练习
Lucy_356,小组课,Pilar,L002033,2025/06/15,周日,domingo,Sunday,08:00,07:00,-1h,1.0,阅读,7,需要加强口语练习
Nina_245,小组课,Pilar,L002034,06/22/2025,周日,domingo,Sunday,08:00,17:00,+9h,1.0,听力,9,需要加强口语练习
Lucy_356,小组课,Pilar,L002034,2025-06-22,周日,domingo,Sunday,08:00,07:00,-1h,1.0,口语,11,需要加强口语练习
Nina_245,班课,Pilar,L002035,2025-06-29,周日,domingo,Sunday,08:00,16:00,+8h,1.0,口语,13,
Lucy_356（教务）,班课,Pilar,L002035,2025-06-29,周日,domingo,Sunday,08:00,07:00,-1h,1.0,口语,12,
Nina_245（教务）,班课,Pilar,L002036,2025-07-06,周日,domingo,Sunday,08:00,16:00,+8h,1.0,语法,14,需要加强口语练习
Lucy_356,班课,Pilar,L002036,2025-07-06,周日,domingo,Sunday,08:00,07:00,-1h,1.0,复习,11,需要加强口语练习
Nina_245,小组课,Pilar,L002037,2025/07/13,周日,domingo,Sunday,08:00,16:00,+8h,1.67,复习,13,完成本节内容
Lucy_356,小组课,Pilar（教务）,L002037,2025/07/13,周日,domingo,Sunday,08:00,07:00,-1h,1.67,听力,11,完成本节内容
Nina_245,班课,Pilar,L002038,07/20/2025,周日,domingo,Sunday,08:00,16:00,+8h,1.0,语法,5,完成本节内容
Lucy_356,班课,Pilar,L002038,2025-07-20,周日,domingo,Sunday,08:00,07:00,-1h,1.0,口语,14,完成本节内容
Nina_245（教务）,小组课,Pilar,L002039,2025/07/27,周日,domingo,Sunday,08:00,16:00,+8h,1.0,听力,1,完成本节内容
Lucy356,班课,Pilar,L002039,2025-07-27,周日,domingo,Sunday,08:00,07:00,-1h,1.0,口语,11,完成本节内容
Nina245,班课,Pilar,L002040,2025/08/03,周日,domingo,Sunday,08:00,16:00,+8h,1.67,口语,10,课堂参与积极
Lucy_356,班课,Pilar,L002040,2025/08/03,周日,domingo,Sunday,08:00,07:00,-1h,1.67,阅读,14,课堂参与积极
Nina_245,班课,Pilar,L002041,08/10/2025,周日,domingo,Sunday,08:00,16:00,+8h,1.67,语法,5,需要加强口语练习
Lucy356,班课,Pilar,L002041,08/10/2025,周日,domingo,Sunday,08:00,06:00,-2h,1.67,复习,7,需要加强口语练习
Nina_245,班课,Pilar,L002042,2025/08/17,周日,domingo,Sunday,08:00,15:00,+7h,1.0,语法,9,需要加强口语练习
Lucy356,班课,Pilar,L002042,2025-08-17,周日,domingo,Sunday,08:00,07:00,-1h,1.0,语法,13,需要加强口语练习
Nina245,班课,Pilar,L002043,2025-08-24,周日,domingo,Sunday,08:00,16:00,+8h,1.0,阅读,9,完成本节内容
Lucy356,小组课,Pilar,L002043,2025-08-24,周日,domingo,Sunday,08:00,07:00,-1h,1.0,口语,5,完成本节内容
Nina_245,小组课,Pilar,L002044,2025/08/31,周日,domingo,Sunday,08:00,16:00,+8h,1.0,口语,12,完成本节内容
Lucy_356,小组课,Pilar,L002044,2025-08-31,周日,domingo,Sunday,08:00,07:00,-1h,1.0,语法,3,完成本节内容
Nina_245,小组课,Pilar,L002045,2025-09-07,周日,domingo,Sunday,08:00,15:00,+7h,1.0,口语,14,需要加强口语练习
Lucy_356,小组课,Pilar,L002045,2025年9月7日,周日,domingo,Sunday,08:00,07:00,-1h,1.0,复习,10,需要加强口语练习
Nina_245,班课,Pilar,L002046,2025/09/14,周日,domingo,Sunday,08:00,16:00,+8h,1.0,口语,3,完成本节内容
Lucy_356,班课,Pilar,L002046,2025/09/14,周日,domingo,Sunday,08:00,07:00,-1h,1.0,语法,10,完成本节内容
Nina_245,班课,Pilar,L002047,2025年9月21日,周日,domingo,Sunday,08:00,16:00,+8h,1.0,听力,9,完成本节内容
Lucy_356（教务）,小组课,Pilar,L002047,2025-09-21,周日,domingo,Sunday,08:00,07:00,-1h,1.0,阅读,3,完成本节内容
Nina_245,班课,Pilar,L002048,2025/09/28,周日,domingo,Sunday,08:00,16:00,+8h,1.5,语法,8,需要加强口语练习
Lucy_356,班课,Pilar,L002048,2025-09-28,周日,domingo,Sunday,08:00,07:00,-1h,1.5,阅读,11,需要加强口语练习
Nina245,小组课,Pilar,L002049,2025-10-05,周日,domingo,Sunday,08:00,17:00,+9h,1.0,阅读,9,语法掌握一般
Lucy_356,小组课,Pilar,L002049,2025/10/05,周日,domingo,Sunday,08:00,07:00,-1h,1.0,阅读,11,语法掌握一般
Nina_245,班课,Pilar,L002050,2025年10月12日,周日,domingo,Sunday,08:00,17:00,+9h,1.67,口语,10,需要加强口语练习
Lucy_356,班课,Pilar（教务）,L002050,2025/10/12,周日,domingo,Sunday,08:00,08:00,+0h,1.67,语法,8,需要加强口语练习
Nina245,班课,Pilar,L002051,2025年10月19日,周日,domingo,Sunday,08:00,17:00,+9h,1.0,语法,12,课堂参与积极
Lucy_356,班课,Pilar,L002051,2025/10/19,周日,domingo,Sunday,08:00,07:00,-1h,1.0,复习,10,课堂参与积极
Nina_245（教务）,小组课,Pilar,L002052,2025/10/26,周日,domingo,Sunday,08:00,18:00,+10h,1.67,复习,1,课堂参与积极
Lucy_356,班课,Pilar,L002052,2025-10-26,周日,domingo,Sunday,08:00,07:00,-1h,1.67,听力,13,课堂参与积极
Nina245,班课,Pilar,L002053,2025/11/02,周日,domingo,Sunday,08:00,18:00,+10h,1.0,复习,5,需要加强口语练习
Lucy_356,班课,Pilar,L002053,2025/11/02,周日,domingo,Sunday,08:00,07:00,-1h,1.0,听力,14,需要加强口语练习
Nina_245,班课,Pilar,L002054,2025-11-09,周日,domingo,Sunday,08:00,18:00,+10h,1.67,口语,4,完成本节内容
Lucy_356,班课,Pilar,L002054,2025-11-09,周日,domingo,Sunday,08:00,07:00,-1h,1.67,听力,3,完成本节内容
Nina_245,小组课,Pilar,L002055,2025年11月16日,周日,domingo,Sunday,08:00,18:00,+10h,1.67,听力,9,完成本节内容
Lucy356,班课,Pilar,L002055,11/16/2025,周日,domingo,Sunday,08:00,07:00,-1h,1.67,复习,1,完成本节内容
Nina_245,小组课,Pilar,L002056,2025-11-23,周日,domingo,Sunday,08:00,18:00,+10h,1.5,听力,9,完成本节内容
Lucy_356,班课,Pilar,L002056,2025年11月23日,周日,domingo,Sunday,08:00,07:00,-1h,1.5,口语,6,完成本节内容
Nina_245,小组课,Pilar,L002057,2025/11/30,周日,domingo,Sunday,08:00,18:00,+10h,1.67,复习,1,完成本节内容
Lucy_356,小组课,Pilar,L002057,2025-11-30,周日,domingo,Sunday,08:00,07:00,-1h,1.67,口语,4,完成本节内容
Nina_245,班课,Pilar,L002058,2025-12-07,周日,domingo,Sunday,08:00,18:00,+10h,1.5,阅读,10,课堂参与积极
Lucy_356,班课,Pilar（教务）,L002058,2025/12/07,周日,domingo,Sunday,08:00,07:00,-1h,1.5,口语,8,课堂参与积极
Nina_245,班课,Pilar,L002059,2025-12-14,周日,domingo,Sunday,08:00,18:00,+10h,2.0,口语,12,完成本节内容
Lucy_356,班课,Pilar,L002059,2025年12月14日,周日,domingo,Sunday,08:00,07:00,-1h,2.0,复习,13,完成本节内容
Nina_245,小组课,Pilar,L002060,12/21/2025,周日,domingo,Sunday,08:00,17:00,+9h,1.0,阅读,2,需要加强口语练习
Lucy356,班课,Pilar,L002060,2025年12月21日,周日,domingo,Sunday,08:00,07:00,-1h,1.0,复习,3,需要加强口语练习
Nina_245,小组课,Pilar,L002061,2025-12-28,周日,domingo,Sunday,08:00,18:00,+10h,1.67,阅读,8,完成本节内容
Lucy_356,班课,Pilar,L002061,2025/12/28,周日,domingo,Sunday,08:00,07:00,-1h,1.67,阅读,3,完成本节内容
Nina_245（教务）,班课,Pilar（教务）,L002062,2026年1月4日,周日,domingo,Sunday,08:00,18:00,+10h,1.0,复习,2,语法掌握一般
Lucy_356,班课,Pilar,L002062,2026年1月4日,周日,domingo,Sunday,08:00,07:00,-1h,1.0,复习,10,语法掌握一般
Nina_245,小组课,Pilar,L002063,2026-01-11,周日,domingo,Sunday,08:00,18:00,+10h,1.0,口语,3,完成本节内容
Lucy_356（教务）,班课,Pilar,L002063,2026/01/11,周日,domingo,Sunday,08:00,07:00,-1h,1.0,复习,5,完成本节内容
Nina_245,班课,Pilar,L002064,2026/01/18,周日,domingo,Sunday,08:00,18:00,+10h,1.67,阅读,11,完成本节内容
Lucy_356,班课,Pilar,L002064,2026-01-18,周日,domingo,Sunday,08:00,07:00,-1h,1.67,语法,9,完成本节内容
Nina245,班课,Pilar,L002065,2026/01/25,周日,domingo,Sunday,08:00,19:00,+11h,1.67,听力,4,需要加强口语练习
Lucy_356,小组课,Pilar,L002065,2026-01-25,周日,domingo,Sunday,08:00,07:00,-1h,1.67,复习,4,需要加强口语练习
Nina_245,小组课,Pilar,L002066,2026/02/01,周日,domingo,Sunday,08:00,18:00,+10h,1.5,语法,4,需要加强口语练习
Lucy356,小组课,Pilar,L002066,2026-02-01,周日,domingo,Sunday,08:00,07:00,-1h,1.5,口语,10,需要加强口语练习
Nina_245,班课,Pilar,L002067,2026/02/08,周日,domingo,Sunday,08:00,18:00,+10h,1.0,复习,14,语法掌握一般
Lucy_356,班课,Pilar,L002067,2026/02/08,周日,domingo,Sunday,08:00,07:00,-1h,1.0,语法,8,语法掌握一般
Nina_245,班课,Pilar,L002068,2026-02-15,周日,domingo,Sunday,08:00,17:00,+9h,1.0,语法,12,
Lucy_356,小组课,Pilar,L002068,2026-02-15,周日,domingo,Sunday,08:00,04:00,-4h,1.0,口语,11,
Nina245,小组课,Pilar,L002069,2026/02/22,周日,domingo,Sunday,08:00,18:00,+10h,1.0,复习,14,课堂参与积极
Lucy_356,小组课,Pilar,L002069,2026-02-22,周日,domingo,Sunday,08:00,07:00,-1h,1.0,口语,5,课堂参与积极
Nina245,班课,Pilar,L002070,2026/03/01,周日,domingo,Sunday,08:00,18:00,+10h,1.0,语法,3,需要加强口语练习
Lucy_356,班课,Pilar,L002070,2026年3月1日,周日,domingo,Sunday,08:00,07:00,-1h,1.0,阅读,9,需要加强口语练习
Nina245,班课,Pilar,L002071,2026-03-08,周日,domingo,Sunday,08:00,21:00,+13h,2.0,口语,13,
Lucy_356,班课,Pilar,L002071,03/08/2026,周日,domingo,Sunday,08:00,07:00,-1h,2.0,阅读,8,
Nina_245,班课,Pilar,L002072,03/15/2026,周日,domingo,Sunday,08:00,18:00,+10h,1.67,口语,8,完成本节内容
Lucy_356（教务）,小组课,Pilar,L002072,2026年3月15日,周日,domingo,Sunday,08:00,07:00,-1h,1.67,阅读,13,完成本节内容
Nina_245,班课,Pilar,L002073,03/22/2026,周日,domingo,Sunday,08:00,18:00,+10h,1.0,听力,14,完成本节内容
Lucy_356（教务）,班课,Pilar,L002073,2026-03-22,周日,domingo,Sunday,08:00,07:00,-1h,1.0,语法,3,完成本节内容
Nina_245,小组课,Pilar（教务）,L002074,2026-03-29,周日,domingo,Sunday,08:00,17:00,+9h,1.0,听力,14,完成本节内容
Lucy_356,小组课,Pilar,L002074,03/29/2026,周日,domingo,Sunday,08:00,07:00,-1h,1.0,口语,8,完成本节内容
Nina_245,小组课,Pilar,L002075,04/05/2026,周日,domingo,Sunday,08:00,15:00,+7h,1.5,阅读,14,完成本节内容
Lucy_356,班课,Pilar,L002075,2026/04/05,周日,domingo,Sunday,08:00,07:00,-1h,1.5,口语,5,完成本节内容
Nina_245,班课,Pilar,L002076,2026/04/12,周日,domingo,Sunday,08:00,16:00,+8h,1.5,听力,2,课堂参与积极
Lucy356,班课,Pilar,L002076,04/12/2026,周日,domingo,Sunday,08:00,07:00,-1h,1.5,语法,1,课堂参与积极
Nina_245,小组课,Pilar,L002077,2026/04/19,周日,domingo,Sunday,08:00,16:00,+8h,1.67,语法,1,课堂参与积极
Lucy_356,班课,Pilar（教务）,L002077,2026-04-19,周日,domingo,Sunday,08:00,07:00,-1h,1.67,阅读,11,课堂参与积极
Nina_245,班课,Pilar,L002078,2026年4月26日,周日,domingo,Sunday,08:00,16:00,+8h,1.5,口语,5,完成本节内容
Lucy_356,班课,Pilar,L002078,2026/04/26,周日,domingo,Sunday,08:00,07:00,-1h,1.5,阅读,1,完成本节内容
Nina_245,小组课,Pilar,L002079,2026年5月3日,周日,domingo,Sunday,08:00,16:00,+8h,1.5,复习,7,完成本节内容
Lucy_356,小组课,Pilar,L002079,2026-05-03,周日,domingo,Sunday,08:00,07:00,-1h,1.5,听力,7,完成本节内容
Nina_245,班课,Pilar,L002080,2026-05-10,周日,domingo,Sunday,08:00,13:00,+5h,1.67,复习,1,完成本节内容
Lucy356,班课,Pilar,L002080,2026-05-10,周日,domingo,Sunday,08:00,07:00,-1h,1.67,复习,10,完成本节内容
Nina_245,小组课,Pilar,L002081,2026年5月17日,周日,domingo,Sunday,08:00,16:00,+8h,1.0,阅读,3,需要加强口语练习
Lucy_356,小组课,Pilar,L002081,2026-05-17,周日,domingo,Sunday,08:00,07:00,-1h,1.0,语法,13,需要加强口语练习
Nina_245,班课,Pilar,L002082,2026/05/24,周日,domingo,Sunday,08:00,16:00,+8h,1.0,复习,9,需要加强口语练习
Lucy356,班课,Pilar,L002082,2026-05-24,周日,domingo,Sunday,08:00,09:00,+1h,1.0,复习,12,需要加强口语练习
Nina_245,班课,Pilar,L002083,2026-05-31,周日,domingo,Sunday,08:00,16:00,+8h,1.0,口语,3,完成本节内容
Lucy_356,小组课,Pilar,L002083,2026/05/31,周日,domingo,Sunday,08:00,07:00,-1h,1.0,语法,8,完成本节内容
Nina_245,班课,Pilar,L002084,2026-06-07,周日,domingo,Sunday,08:00,16:00,+8h,1.0,阅读,1,语法掌握一般
Lucy356,小组课,Pilar,L002084,2026-06-07,周日,domingo,Sunday,08:00,07:00,-1h,1.0,复习,10,语法掌握一般
Nina_245,小组课,Pilar,L002085,06/14/2026,周日,domingo,Sunday,08:00,16:00,+8h,1.67,复习,13,
Lucy_356,小组课,Pilar（教务）,L002085,2026-06-14,周日,domingo,Sunday,08:00,08:00,+0h,1.67,听力,1,
Nina_245（教务）,班课,Pilar,L002086,2026/06/21,周日,domingo,Sunday,08:00,16:00,+8h,1.67,语法,12,语法掌握一般
Lucy356,班课,Pilar,L002086,2026/06/21,周日,domingo,Sunday,08:00,07:00,-1h,1.67,听力,2,语法掌握一般
Nina_245（教务）,班课,Pilar,L002087,2026年6月28日,周日,domingo,Sunday,08:00,16:00,+8h,1.67,听力,2,语法掌握一般
Lucy_356,小组课,Pilar,L002087,2026-06-28,周日,domingo,Sunday,08:00,07:00,-1h,1.67,语法,1,语法掌握一般
Nina_245（教务）,小组课,Pilar,L002088,2026-07-05,周日,domingo,Sunday,08:00,16:00,+8h,1.67,复习,12,完成本节内容
Lucy356,班课,Pilar（教务）,L002088,2026/07/05,周日,domingo,Sunday,08:00,07:00,-1h,1.67,口语,6,完成本节内容
Nina245,小组课,Pilar,L002089,2026年7月12日,周日,domingo,Sunday,08:00,16:00,+8h,1.0,听力,3,
Lucy356,班课,Pilar,L002089,2026/07/12,周日,domingo,Sunday,08:00,07:00,-1h,1.0,口语,13,
Nina_245,小组课,Pilar,L002090,2026年7月19日,周日,domingo,Sunday,08:00,16:00,+8h,1.0,语法,12,课堂参与积极
Lucy_356,班课,Pilar,L002090,07/19/2026,周日,domingo,Sunday,08:00,07:00,-1h,1.0,听力,14,课堂参与积极
Nina245,小组课,Pilar（教务）,L002091,2026-07-26,周日,domingo,Sunday,08:00,16:00,+8h,1.67,口语,5,语法掌握一般
Lucy_356（教务）,小组课,Pilar,L002091,2026-07-26,周日,domingo,Sunday,08:00,07:00,-1h,1.67,口语,7,语法掌握一般
Nina245,班课,Pilar,L002092,2026-08-02,周日,domingo,Sunday,08:00,15:00,+7h,1.0,语法,7,需要加强口语练习
Lucy_356,小组课,Pilar（教务）,L002092,2026-08-02,周日,domingo,Sunday,08:00,07:00,-1h,1.0,语法,3,需要加强口语练习
Nina_245,班课,Pilar（教务）,L002093,2026/08/09,周日,domingo,Sunday,08:00,17:00,+9h,1.0,口语,4,完成本节内容
Lucy_356,班课,Pilar,L002093,08/09/2026,周日,domingo,Sunday,08:00,07:00,-1h,1.0,语法,8,完成本节内容
Nina_245,小组课,Pilar,L002094,2026/08/16,周日,domingo,Sunday,08:00,17:00,+9h,1.0,语法,4,完成本节内容
Lucy356,小组课,Pilar,L002094,2026-08-16,周日,domingo,Sunday,08:00,07:00,-1h,1.0,口语,7,完成本节内容
Nina_245,小组课,Pilar（教务）,L002095,2026-08-23,周日,domingo,Sunday,08:00,16:00,+8h,1.0,口语,3,课堂参与积极
Lucy356,小组课,Pilar（教务）,L002095,2026年8月23日,周日,domingo,Sunday,08:00,04:00,-4h,1.0,语法,3,课堂参与积极
Nina_245（教务）,小组课,Pilar,L002096,2026-08-30,周日,domingo,Sunday,08:00,16:00,+8h,1.0,阅读,1,需要加强口语练习
Lucy_356,小组课,Pilar,L002096,2026-08-30,周日,domingo,Sunday,08:00,07:00,-1h,1.0,口语,12,需要加强口语练习
Hannah_365,班课,Miguel,L002097,2025-06-22,周日,domingo,Sunday,15:00,09:00,-6h,1.0,口语,7,
Lucas_202,小组课,Miguel,L002097,2025-06-22,周日,domingo,Sunday,15:00,15:00,+0h,1.0,语法,2,
Hannah_365,班课,Miguel,L002098,2025年6月29日,周日,domingo,Sunday,15:00,09:00,-6h,1.67,语法,3,语法掌握一般
Lucas_202（教务）,小组课,Miguel,L002098,2025-06-29,周日,domingo,Sunday,15:00,15:00,+0h,1.67,复习,9,语法掌握一般
Hannah_365,小组课,Miguel,L002099,2025-07-06,周日,domingo,Sunday,15:00,09:00,-6h,1.0,阅读,8,完成本节内容
Lucas_202,班课,Miguel,L002099,07/06/2025,周日,domingo,Sunday,15:00,15:00,+0h,1.0,听力,5,完成本节内容
Hannah365,班课,Miguel,L002100,2025/07/13,周日,domingo,Sunday,15:00,09:00,-6h,2.0,语法,7,需要加强口语练习
Lucas_202（教务）,小组课,Miguel,L002100,2025-07-13,周日,domingo,Sunday,15:00,15:00,+0h,2.0,听力,12,需要加强口语练习
Hannah_365,班课,Miguel,L002101,2025/07/20,周日,domingo,Sunday,15:00,09:00,-6h,1.0,语法,1,需要加强口语练习
Lucas_202,班课,Miguel,L002101,2025-07-20,周日,domingo,Sunday,15:00,15:00,+0h,1.0,口语,2,需要加强口语练习
Hannah_365,班课,Miguel,L002102,2025-07-27,周日,domingo,Sunday,15:00,09:00,-6h,1.0,复习,2,完成本节内容
Lucas_202,小组课,Miguel,L002102,2025/07/27,周日,domingo,Sunday,15:00,15:00,+0h,1.0,听力,11,完成本节内容
Hannah365,小组课,Miguel,L002103,08/03/2025,周日,domingo,Sunday,15:00,12:00,-3h,1.67,复习,14,语法掌握一般
Lucas_202,班课,Miguel,L002103,2025/08/03,周日,domingo,Sunday,15:00,14:00,-1h,1.67,口语,7,语法掌握一般
Hannah_365,班课,Miguel,L002104,2025-08-10,周日,domingo,Sunday,15:00,09:00,-6h,1.67,语法,6,
Lucas_202（教务）,小组课,Miguel,L002104,2025年8月10日,周日,domingo,Sunday,15:00,14:00,-1h,1.67,口语,14,
Hannah_365,小组课,Miguel,L002105,2025-08-17,周日,domingo,Sunday,15:00,09:00,-6h,1.0,口语,3,课堂参与积极
Lucas_202,班课,Miguel,L002105,2025年8月17日,周日,domingo,Sunday,15:00,14:00,-1h,1.0,复习,13,课堂参与积极
Hannah_365,班课,Miguel,L002106,2025-08-24,周日,domingo,Sunday,15:00,09:00,-6h,1.0,口语,2,完成本节内容
Lucas_202,班课,Miguel,L002106,2025-08-24,周日,domingo,Sunday,15:00,18:00,+3h,1.0,阅读,5,完成本节内容
Hannah_365,小组课,Miguel,L002107,2025/08/31,周日,domingo,Sunday,15:00,09:00,-6h,1.67,听力,1,课堂参与积极
Lucas_202,小组课,Miguel,L002107,2025-08-31,周日,domingo,Sunday,15:00,15:00,+0h,1.67,口语,14,课堂参与积极
Hannah_365,班课,Miguel,L002108,2025-09-07,周日,domingo,Sunday,15:00,09:00,-6h,1.0,复习,10,课堂参与积极
Lucas_202（教务）,小组课,Miguel,L002108,2025-09-07,周日,domingo,Sunday,15:00,15:00,+0h,1.0,语法,3,课堂参与积极
Hannah365,班课,Miguel,L002109,09/14/2025,周日,domingo,Sunday,15:00,09:00,-6h,1.67,复习,11,完成本节内容
Lucas202,小组课,Miguel（教务）,L002109,2025/09/14,周日,domingo,Sunday,15:00,15:00,+0h,1.67,阅读,13,完成本节内容
Hannah_365（教务）,班课,Miguel（教务）,L002110,2025-09-21,周日,domingo,Sunday,15:00,09:00,-6h,1.67,口语,10,完成本节内容
Lucas_202（教务）,小组课,Miguel,L002110,09/21/2025,周日,domingo,Sunday,15:00,15:00,+0h,1.67,口语,2,完成本节内容
Hannah_365,小组课,Miguel,L002111,2025-09-28,周日,domingo,Sunday,15:00,09:00,-6h,1.0,阅读,10,完成本节内容
Lucas_202,小组课,Miguel,L002111,2025-09-28,周日,domingo,Sunday,15:00,14:00,-1h,1.0,听力,6,完成本节内容
Hannah_365,小组课,Miguel,L002112,2025年10月5日,周日,domingo,Sunday,15:00,08:00,-7h,1.0,口语,14,语法掌握一般
Lucas202,小组课,Miguel,L002112,2025-10-05,周日,domingo,Sunday,15:00,15:00,+0h,1.0,语法,7,语法掌握一般
Hannah_365,小组课,Miguel,L002113,10/12/2025,周日,domingo,Sunday,15:00,09:00,-6h,1.5,语法,4,完成本节内容
Lucas_202,小组课,Miguel,L002113,2025/10/12,周日,domingo,Sunday,15:00,15:00,+0h,1.5,听力,11,完成本节内容
Hannah_365,班课,Miguel,L002114,2025/10/19,周日,domingo,Sunday,15:00,09:00,-6h,1.0,口语,4,
Lucas_202,小组课,Miguel,L002114,10/19/2025,周日,domingo,Sunday,15:00,15:00,+0h,1.0,口语,10,
Hannah365,小组课,Miguel,L002115,2025/10/26,周日,domingo,Sunday,15:00,10:00,-5h,1.0,听力,14,完成本节内容
Lucas_202,班课,Miguel,L002115,2025-10-26,周日,domingo,Sunday,15:00,15:00,+0h,1.0,语法,10,完成本节内容
Hannah_365,小组课,Miguel,L002116,2025-11-02,周日,domingo,Sunday,15:00,09:00,-6h,1.0,阅读,2,课堂参与积极
Lucas_202（教务）,小组课,Miguel,L002116,11/02/2025,周日,domingo,Sunday,15:00,14:00,-1h,1.0,语法,4,课堂参与积极
Hannah_365,小组课,Miguel,L002117,2025-11-09,周日,domingo,Sunday,15:00,08:00,-7h,1.67,阅读,13,完成本节内容
Lucas_202,小组课,Miguel,L002117,2025年11月9日,周日,domingo,Sunday,15:00,15:00,+0h,1.67,复习,12,完成本节内容
Hannah365,小组课,Miguel,L002118,11/16/2025,周日,domingo,Sunday,15:00,09:00,-6h,2.0,口语,9,
Lucas_202（教务）,小组课,Miguel,L002118,2025-11-16,周日,domingo,Sunday,15:00,12:00,-3h,2.0,阅读,1,
Hannah_365,班课,Miguel,L002119,2025-11-23,周日,domingo,Sunday,15:00,09:00,-6h,1.0,听力,12,课堂参与积极
Lucas_202,小组课,Miguel,L002119,2025/11/23,周日,domingo,Sunday,15:00,15:00,+0h,1.0,阅读,8,课堂参与积极
Hannah_365（教务）,小组课,Miguel,L002120,11/30/2025,周日,domingo,Sunday,15:00,09:00,-6h,1.0,复习,3,需要加强口语练习
Lucas_202,班课,Miguel,L002120,2025-11-30,周日,domingo,Sunday,15:00,15:00,+0h,1.0,复习,12,需要加强口语练习
Hannah365,小组课,Miguel,L002121,2025年12月7日,周日,domingo,Sunday,15:00,09:00,-6h,1.0,语法,7,语法掌握一般
Lucas202,小组课,Miguel,L002121,12/07/2025,周日,domingo,Sunday,15:00,15:00,+0h,1.0,听力,3,语法掌握一般
Hannah_365,班课,Miguel,L002122,2025-12-14,周日,domingo,Sunday,15:00,09:00,-6h,1.67,复习,4,需要加强口语练习
Lucas202,班课,Miguel,L002122,12/14/2025,周日,domingo,Sunday,15:00,15:00,+0h,1.67,复习,14,需要加强口语练习
Hannah_365,小组课,Miguel,L002123,12/21/2025,周日,domingo,Sunday,15:00,09:00,-6h,1.5,口语,11,课堂参与积极
Lucas202,小组课,Miguel,L002123,2025/12/21,周日,domingo,Sunday,15:00,15:00,+0h,1.5,语法,6,课堂参与积极
Hannah365,班课,Miguel,L002124,2025-12-28,周日,domingo,Sunday,15:00,09:00,-6h,1.0,复习,11,语法掌握一般
Lucas202,小组课,Miguel,L002124,2025/12/28,周日,domingo,Sunday,15:00,14:00,-1h,1.0,口语,14,语法掌握一般
Hannah_365,班课,Miguel,L002125,01/04/2026,周日,domingo,Sunday,15:00,09:00,-6h,1.0,语法,10,需要加强口语练习
Lucas_202（教务）,班课,Miguel,L002125,2026-01-04,周日,domingo,Sunday,15:00,15:00,+0h,1.0,口语,2,需要加强口语练习
Hannah365,小组课,Miguel（教务）,L002126,2026-01-11,周日,domingo,Sunday,15:00,09:00,-6h,1.67,复习,4,课堂参与积极
Lucas_202,班课,Miguel,L002126,2026/01/11,周日,domingo,Sunday,15:00,16:00,+1h,1.67,阅读,4,课堂参与积极
Hannah_365,班课,Miguel,L002127,2026-01-18,周日,domingo,Sunday,15:00,10:00,-5h,1.5,口语,3,需要加强口语练习
Lucas_202,小组课,Miguel,L002127,2026年1月18日,周日,domingo,Sunday,15:00,15:00,+0h,1.5,语法,13,需要加强口语练习
Hannah_365,班课,Miguel,L002128,2026-01-25,周日,domingo,Sunday,15:00,09:00,-6h,1.67,口语,7,课堂参与积极
Lucas_202,小组课,Miguel,L002128,2026-01-25,周日,domingo,Sunday,15:00,15:00,+0h,1.67,听力,9,课堂参与积极
Hannah_365,班课,Miguel,L002129,2026年2月1日,周日,domingo,Sunday,15:00,09:00,-6h,1.67,阅读,7,完成本节内容
Lucas_202,小组课,Miguel,L002129,2026-02-01,周日,domingo,Sunday,15:00,15:00,+0h,1.67,语法,1,完成本节内容
Hannah_365,小组课,Miguel,L002130,02/08/2026,周日,domingo,Sunday,15:00,09:00,-6h,1.67,听力,8,课堂参与积极
Lucas_202,小组课,Miguel,L002130,2026-02-08,周日,domingo,Sunday,15:00,15:00,+0h,1.67,语法,5,课堂参与积极
Hannah_365（教务）,小组课,Miguel,L002131,2026-02-15,周日,domingo,Sunday,15:00,09:00,-6h,2.0,语法,3,需要加强口语练习
Lucas202,小组课,Miguel,L002131,2026年2月15日,周日,domingo,Sunday,15:00,15:00,+0h,2.0,阅读,5,需要加强口语练习
Hannah_365,小组课,Miguel,L002132,02/22/2026,周日,domingo,Sunday,15:00,09:00,-6h,2.0,听力,9,语法掌握一般
Lucas_202（教务）,小组课,Miguel,L002132,02/22/2026,周日,domingo,Sunday,15:00,15:00,+0h,2.0,语法,7,语法掌握一般
Hannah_365,小组课,Miguel,L002133,2026/03/01,周日,domingo,Sunday,15:00,09:00,-6h,1.5,阅读,4,需要加强口语练习
Lucas_202,小组课,Miguel,L002133,2026-03-01,周日,domingo,Sunday,15:00,15:00,+0h,1.5,口语,3,需要加强口语练习
Hannah365,小组课,Miguel,L002134,2026-03-08,周日,domingo,Sunday,15:00,10:00,-5h,1.0,口语,1,
Lucas_202,小组课,Miguel,L002134,2026-03-08,周日,domingo,Sunday,15:00,15:00,+0h,1.0,阅读,5,
Hannah365,小组课,Miguel,L002135,2026-03-15,周日,domingo,Sunday,15:00,10:00,-5h,1.0,语法,2,完成本节内容
Lucas_202,班课,Miguel,L002135,2026/03/15,周日,domingo,Sunday,15:00,15:00,+0h,1.0,阅读,9,完成本节内容
Hannah_365,班课,Miguel,L002136,2026-03-22,周日,domingo,Sunday,15:00,09:00,-6h,1.0,口语,7,
Lucas_202,小组课,Miguel,L002136,2026-03-22,周日,domingo,Sunday,15:00,15:00,+0h,1.0,语法,7,
Hannah_365,班课,Miguel（教务）,L002137,2026-03-29,周日,domingo,Sunday,15:00,09:00,-6h,1.0,口语,13,需要加强口语练习
Lucas_202,小组课,Miguel,L002137,03/29/2026,周日,domingo,Sunday,15:00,14:00,-1h,1.0,听力,14,需要加强口语练习
Hannah_365,班课,Miguel,L002138,04/05/2026,周日,domingo,Sunday,15:00,09:00,-6h,1.67,语法,6,语法掌握一般
Lucas_202（教务）,小组课,Miguel,L002138,2026/04/05,周日,domingo,Sunday,15:00,15:00,+0h,1.67,听力,10,语法掌握一般
Hannah_365（教务）,班课,Miguel,L002139,2026/04/12,周日,domingo,Sunday,15:00,09:00,-6h,1.0,听力,12,课堂参与积极
Lucas_202,小组课,Miguel,L002139,2026-04-12,周日,domingo,Sunday,15:00,15:00,+0h,1.0,口语,3,课堂参与积极
Hannah365,小组课,Miguel,L002140,04/19/2026,周日,domingo,Sunday,15:00,09:00,-6h,1.0,语法,6,语法掌握一般
Lucas_202,班课,Miguel,L002140,2026-04-19,周日,domingo,Sunday,15:00,15:00,+0h,1.0,听力,5,语法掌握一般
Hannah365,班课,Miguel（教务）,L002141,04/26/2026,周日,domingo,Sunday,15:00,09:00,-6h,1.5,听力,13,完成本节内容
Lucas202,小组课,Miguel,L002141,2026/04/26,周日,domingo,Sunday,15:00,15:00,+0h,1.5,复习,12,完成本节内容
Hannah_365,小组课,Miguel,L002142,2026-05-03,周日,domingo,Sunday,15:00,09:00,-6h,1.67,阅读,8,语法掌握一般
Lucas_202,小组课,Miguel,L002142,05/03/2026,周日,domingo,Sunday,15:00,15:00,+0h,1.67,听力,7,语法掌握一般
Hannah_365（教务）,班课,Miguel,L002143,05/10/2026,周日,domingo,Sunday,15:00,09:00,-6h,1.67,听力,10,课堂参与积极
Lucas_202,班课,Miguel,L002143,2026-05-10,周日,domingo,Sunday,15:00,15:00,+0h,1.67,口语,12,课堂参与积极
Hannah365,小组课,Miguel,L002144,05/17/2026,周日,domingo,Sunday,15:00,07:00,-8h,1.0,口语,1,完成本节内容
Lucas_202（教务）,班课,Miguel（教务）,L002144,05/17/2026,周日,domingo,Sunday,15:00,15:00,+0h,1.0,语法,7,完成本节内容
Hannah_365,班课,Miguel,L002145,2026-05-24,周日,domingo,Sunday,15:00,09:00,-6h,1.67,口语,1,完成本节内容
Lucas_202,小组课,Miguel,L002145,2026-05-24,周日,domingo,Sunday,15:00,15:00,+0h,1.67,听力,5,完成本节内容
Hannah_365,班课,Miguel（教务）,L002146,2026/05/31,周日,domingo,Sunday,15:00,09:00,-6h,2.0,复习,9,需要加强口语练习
Lucas_202,小组课,Miguel,L002146,2026-05-31,周日,domingo,Sunday,15:00,15:00,+0h,2.0,语法,3,需要加强口语练习
Hannah_365,班课,Miguel,L002147,2026/06/07,周日,domingo,Sunday,15:00,09:00,-6h,1.0,阅读,3,
Lucas_202,班课,Miguel,L002147,2026/06/07,周日,domingo,Sunday,15:00,15:00,+0h,1.0,语法,2,
Hannah_365,小组课,Miguel,L002148,2026-06-14,周日,domingo,Sunday,15:00,09:00,-6h,1.67,口语,11,完成本节内容
Lucas_202,班课,Miguel,L002148,06/14/2026,周日,domingo,Sunday,15:00,15:00,+0h,1.67,口语,11,完成本节内容
Hannah_365（教务）,小组课,Miguel,L002149,2026-06-21,周日,domingo,Sunday,15:00,10:00,-5h,1.0,复习,13,语法掌握一般
Lucas_202,小组课,Miguel,L002149,2026-06-21,周日,domingo,Sunday,15:00,15:00,+0h,1.0,口语,11,语法掌握一般
Hannah_365,班课,Miguel（教务）,L002150,2026-06-28,周日,domingo,Sunday,15:00,10:00,-5h,1.0,口语,10,完成本节内容
Lucas_202,班课,Miguel,L002150,2026年6月28日,周日,domingo,Sunday,15:00,15:00,+0h,1.0,口语,5,完成本节内容
Hannah365,班课,Miguel,L002151,07/05/2026,周日,domingo,Sunday,15:00,09:00,-6h,1.0,语法,8,完成本节内容
Lucas202,小组课,Miguel,L002151,2026-07-05,周日,domingo,Sunday,15:00,15:00,+0h,1.0,语法,7,完成本节内容
Hannah_365,小组课,Miguel,L002152,07/12/2026,周日,domingo,Sunday,15:00,09:00,-6h,1.0,口语,4,完成本节内容
Lucas_202,班课,Miguel（教务）,L002152,2026/07/12,周日,domingo,Sunday,15:00,15:00,+0h,1.0,口语,10,完成本节内容
Hannah_365（教务）,小组课,Miguel,L002153,2026年7月19日,周日,domingo,Sunday,15:00,09:00,-6h,1.0,语法,2,
Lucas_202,小组课,Miguel,L002153,2026/07/19,周日,domingo,Sunday,15:00,15:00,+0h,1.0,听力,6,
Hannah_365,小组课,Miguel,L002154,2026年7月26日,周日,domingo,Sunday,15:00,09:00,-6h,1.67,听力,13,需要加强口语练习
Lucas202,小组课,Miguel,L002154,2026-07-26,周日,domingo,Sunday,15:00,15:00,+0h,1.67,阅读,6,需要加强口语练习
Hannah_365,班课,Miguel,L002155,2026-08-02,周日,domingo,Sunday,15:00,09:00,-6h,1.67,听力,8,需要加强口语练习
Lucas_202（教务）,班课,Miguel,L002155,08/02/2026,周日,domingo,Sunday,15:00,15:00,+0h,1.67,口语,14,需要加强口语练习
Hannah_365,小组课,Miguel,L002156,2026/08/09,周日,domingo,Sunday,15:00,09:00,-6h,1.0,阅读,12,完成本节内容
Lucas_202,班课,Miguel,L002156,2026年8月9日,周日,domingo,Sunday,15:00,18:00,+3h,1.0,听力,9,完成本节内容
Hannah_365,班课,Miguel,L002157,2026年8月16日,周日,domingo,Sunday,15:00,09:00,-6h,1.0,语法,3,课堂参与积极
Lucas_202,班课,Miguel,L002157,2026-08-16,周日,domingo,Sunday,15:00,15:00,+0h,1.0,语法,11,课堂参与积极
Hannah_365,小组课,Miguel（教务）,L002158,2026/08/23,周日,domingo,Sunday,15:00,09:00,-6h,1.0,语法,3,需要加强口语练习
Lucas_202,小组课,Miguel（教务）,L002158,2026年8月23日,周日,domingo,Sunday,15:00,15:00,+0h,1.0,阅读,1,需要加强口语练习
Hannah365,小组课,Miguel,L002159,2026-08-30,周日,domingo,Sunday,15:00,09:00,-6h,1.0,语法,4,完成本节内容
Lucas_202（教务）,班课,Miguel,L002159,2026-08-30,周日,domingo,Sunday,15:00,18:00,+3h,1.0,复习,11,完成本节内容
Nina295,小组课,Daniel,L002160,2025年5月8日,周四,jueves,Thursday,13:00,12:00,-1h,1.0,口语,11,完成本节内容
Leo_476,小组课,Daniel,L002160,2025-05-08,周四,jueves,Thursday,13:00,19:00,+6h,1.0,听力,7,完成本节内容
Emma_377,班课,Daniel,L002160,2025-05-08,周四,jueves,Thursday,13:00,12:00,-1h,1.0,阅读,1,完成本节内容
Oscar_336,班课,Daniel,L002160,2025-05-08,周四,jueves,Thursday,13:00,13:00,+0h,1.0,阅读,6,完成本节内容
Lawrence074,小组课,Daniel,L002160,2025/05/08,周四,jueves,Thursday,13:00,19:00,+6h,1.0,语法,11,完成本节内容
Nina_295,小组课,Daniel,L002161,05/15/2025,周四,jueves,Thursday,13:00,12:00,-1h,1.0,阅读,9,完成本节内容
Leo_476,小组课,Daniel,L002161,2025年5月15日,周四,jueves,Thursday,13:00,19:00,+6h,1.0,复习,6,完成本节内容
Emma377,小组课,Daniel,L002161,2025-05-15,周四,jueves,Thursday,13:00,13:00,+0h,1.0,口语,7,完成本节内容
Oscar_336,班课,Daniel,L002161,2025-05-15,周四,jueves,Thursday,13:00,14:00,+1h,1.0,语法,7,完成本节内容
Lawrence_074,小组课,Daniel,L002161,2025/05/15,周四,jueves,Thursday,13:00,22:00,+9h,1.0,口语,3,完成本节内容
Nina_295,小组课,Daniel,L002162,2025/05/22,周四,jueves,Thursday,13:00,12:00,-1h,1.0,复习,6,需要加强口语练习
Leo_476,班课,Daniel,L002162,2025-05-22,周四,jueves,Thursday,13:00,19:00,+6h,1.0,口语,2,需要加强口语练习
Emma_377,班课,Daniel,L002162,2025年5月22日,周四,jueves,Thursday,13:00,13:00,+0h,1.0,阅读,13,需要加强口语练习
Oscar336,班课,Daniel,L002162,2025-05-22,周四,jueves,Thursday,13:00,16:00,+3h,1.0,复习,3,需要加强口语练习
Lawrence_074（教务）,班课,Daniel,L002162,2025-05-22,周四,jueves,Thursday,13:00,19:00,+6h,1.0,口语,4,需要加强口语练习
Nina_295,小组课,Daniel,L002163,2025-05-29,周四,jueves,Thursday,13:00,12:00,-1h,1.67,语法,3,课堂参与积极
Leo_476,班课,Daniel,L002163,05/29/2025,周四,jueves,Thursday,13:00,19:00,+6h,1.67,复习,2,课堂参与积极
Emma_377,小组课,Daniel,L002163,2025年5月29日,周四,jueves,Thursday,13:00,13:00,+0h,1.67,语法,5,课堂参与积极
Oscar_336,班课,Daniel,L002163,2025年5月29日,周四,jueves,Thursday,13:00,14:00,+1h,1.67,复习,12,课堂参与积极
Lawrence_074,班课,Daniel（教务）,L002163,2025-05-29,周四,jueves,Thursday,13:00,20:00,+7h,1.67,阅读,9,课堂参与积极
Nina_295,小组课,Daniel,L002164,2025-06-05,周四,jueves,Thursday,13:00,11:00,-2h,1.0,听力,7,完成本节内容
Leo_476（教务）,小组课,Daniel,L002164,2025-06-05,周四,jueves,Thursday,13:00,19:00,+6h,1.0,口语,2,完成本节内容
Emma_377,班课,Daniel,L002164,2025-06-05,周四,jueves,Thursday,13:00,13:00,+0h,1.0,听力,9,完成本节内容
Oscar336,班课,Daniel,L002164,2025/06/05,周四,jueves,Thursday,13:00,13:00,+0h,1.0,口语,11,完成本节内容
Lawrence_074,班课,Daniel,L002164,2025-06-05,周四,jueves,Thursday,13:00,19:00,+6h,1.0,阅读,1,完成本节内容
Nina_295（教务）,小组课,Daniel,L002165,2025-06-12,周四,jueves,Thursday,13:00,12:00,-1h,1.67,口语,1,课堂参与积极
Leo_476,小组课,Daniel,L002165,06/12/2025,周四,jueves,Thursday,13:00,19:00,+6h,1.67,语法,9,课堂参与积极
Emma_377,小组课,Daniel,L002165,2025年6月12日,周四,jueves,Thursday,13:00,13:00,+0h,1.67,口语,2,课堂参与积极
Oscar_336,小组课,Daniel,L002165,2025-06-12,周四,jueves,Thursday,13:00,13:00,+0h,1.67,口语,3,课堂参与积极
Lawrence_074,小组课,Daniel,L002165,2025/06/12,周四,jueves,Thursday,13:00,19:00,+6h,1.67,复习,13,课堂参与积极
Nina_295,班课,Daniel,L002166,06/19/2025,周四,jueves,Thursday,13:00,12:00,-1h,1.67,语法,1,
Leo_476（教务）,班课,Daniel,L002166,2025年6月19日,周四,jueves,Thursday,13:00,19:00,+6h,1.67,复习,11,
Emma377,班课,Daniel,L002166,2025-06-19,周四,jueves,Thursday,13:00,13:00,+0h,1.67,复习,3,
Oscar_336,班课,Daniel,L002166,2025年6月19日,周四,jueves,Thursday,13:00,13:00,+0h,1.67,口语,1,
Lawrence_074（教务）,班课,Daniel,L002166,2025-06-19,周四,jueves,Thursday,13:00,19:00,+6h,1.67,听力,4,
Nina_295,班课,Daniel,L002167,2025/06/26,周四,jueves,Thursday,13:00,12:00,-1h,1.5,阅读,13,课堂参与积极
Leo_476,小组课,Daniel,L002167,2025-06-26,周四,jueves,Thursday,13:00,19:00,+6h,1.5,口语,11,课堂参与积极
Emma_377,小组课,Daniel,L002167,06/26/2025,周四,jueves,Thursday,13:00,13:00,+0h,1.5,语法,5,课堂参与积极
Oscar336,小组课,Daniel,L002167,2025年6月26日,周四,jueves,Thursday,13:00,13:00,+0h,1.5,语法,8,课堂参与积极
Lawrence_074,班课,Daniel,L002167,2025-06-26,周四,jueves,Thursday,13:00,18:00,+5h,1.5,语法,10,课堂参与积极
Nina_295（教务）,小组课,Daniel,L002168,2025-07-03,周四,jueves,Thursday,13:00,12:00,-1h,1.67,口语,11,课堂参与积极
Leo_476,班课,Daniel（教务）,L002168,2025/07/03,周四,jueves,Thursday,13:00,19:00,+6h,1.67,语法,5,课堂参与积极
Emma_377,班课,Daniel,L002168,2025-07-03,周四,jueves,Thursday,13:00,13:00,+0h,1.67,语法,4,课堂参与积极
Oscar_336,班课,Daniel（教务）,L002168,2025-07-03,周四,jueves,Thursday,13:00,13:00,+0h,1.67,口语,1,课堂参与积极
Lawrence_074,小组课,Daniel,L002168,2025-07-03,周四,jueves,Thursday,13:00,19:00,+6h,1.67,口语,14,课堂参与积极
Nina_295（教务）,小组课,Daniel,L002169,2025/07/10,周四,jueves,Thursday,13:00,11:00,-2h,1.5,听力,10,完成本节内容
Leo_476,班课,Daniel,L002169,2025/07/10,周四,jueves,Thursday,13:00,19:00,+6h,1.5,复习,4,完成本节内容
Emma_377,小组课,Daniel,L002169,2025-07-10,周四,jueves,Thursday,13:00,13:00,+0h,1.5,听力,8,完成本节内容
Oscar_336,班课,Daniel,L002169,2025-07-10,周四,jueves,Thursday,13:00,13:00,+0h,1.5,听力,3,完成本节内容
Lawrence_074（教务）,小组课,Daniel,L002169,2025年7月10日,周四,jueves,Thursday,13:00,19:00,+6h,1.5,语法,4,完成本节内容
Nina295,班课,Daniel,L002170,2025-07-17,周四,jueves,Thursday,13:00,12:00,-1h,1.0,听力,9,需要加强口语练习
Leo_476（教务）,班课,Daniel,L002170,2025-07-17,周四,jueves,Thursday,13:00,19:00,+6h,1.0,听力,3,需要加强口语练习
Emma_377,小组课,Daniel,L002170,2025/07/17,周四,jueves,Thursday,13:00,13:00,+0h,1.0,口语,6,需要加强口语练习
Oscar_336,小组课,Daniel（教务）,L002170,2025年7月17日,周四,jueves,Thursday,13:00,13:00,+0h,1.0,口语,14,需要加强口语练习
Lawrence074,小组课,Daniel,L002170,2025-07-17,周四,jueves,Thursday,13:00,20:00,+7h,1.0,口语,4,需要加强口语练习
Nina295,小组课,Daniel,L002171,2025-07-24,周四,jueves,Thursday,13:00,12:00,-1h,1.67,口语,4,语法掌握一般
Leo476,班课,Daniel（教务）,L002171,2025年7月24日,周四,jueves,Thursday,13:00,19:00,+6h,1.67,复习,8,语法掌握一般
Emma_377,小组课,Daniel,L002171,2025年7月24日,周四,jueves,Thursday,13:00,13:00,+0h,1.67,语法,2,语法掌握一般
Oscar_336（教务）,小组课,Daniel,L002171,07/24/2025,周四,jueves,Thursday,13:00,12:00,-1h,1.67,口语,8,语法掌握一般
Lawrence074,小组课,Daniel,L002171,2025/07/24,周四,jueves,Thursday,13:00,19:00,+6h,1.67,语法,13,语法掌握一般
Nina_295,小组课,Daniel,L002172,2025-07-31,周四,jueves,Thursday,13:00,12:00,-1h,1.0,口语,7,需要加强口语练习
Leo_476,小组课,Daniel,L002172,2025-07-31,周四,jueves,Thursday,13:00,18:00,+5h,1.0,阅读,12,需要加强口语练习
Emma_377,小组课,Daniel,L002172,2025-07-31,周四,jueves,Thursday,13:00,13:00,+0h,1.0,口语,12,需要加强口语练习
Oscar_336,小组课,Daniel,L002172,2025/07/31,周四,jueves,Thursday,13:00,13:00,+0h,1.0,口语,5,需要加强口语练习
Lawrence_074,小组课,Daniel（教务）,L002172,2025/07/31,周四,jueves,Thursday,13:00,19:00,+6h,1.0,听力,12,需要加强口语练习
Nina_295,班课,Daniel,L002173,2025/08/07,周四,jueves,Thursday,13:00,12:00,-1h,1.67,复习,6,语法掌握一般
Leo_476,小组课,Daniel,L002173,08/07/2025,周四,jueves,Thursday,13:00,19:00,+6h,1.67,听力,5,语法掌握一般
Emma_377（教务）,小组课,Daniel,L002173,08/07/2025,周四,jueves,Thursday,13:00,13:00,+0h,1.67,听力,7,语法掌握一般
Oscar336,班课,Daniel（教务）,L002173,08/07/2025,周四,jueves,Thursday,13:00,15:00,+2h,1.67,复习,3,语法掌握一般
Lawrence_074,班课,Daniel,L002173,2025/08/07,周四,jueves,Thursday,13:00,18:00,+5h,1.67,语法,5,语法掌握一般
Nina_295,小组课,Daniel,L002174,2025/08/14,周四,jueves,Thursday,13:00,12:00,-1h,1.67,听力,9,课堂参与积极
Leo_476,班课,Daniel,L002174,2025-08-14,周四,jueves,Thursday,13:00,19:00,+6h,1.67,口语,5,课堂参与积极
Emma_377（教务）,班课,Daniel,L002174,08/14/2025,周四,jueves,Thursday,13:00,13:00,+0h,1.67,复习,13,课堂参与积极
Oscar_336,小组课,Daniel,L002174,2025/08/14,周四,jueves,Thursday,13:00,13:00,+0h,1.67,语法,14,课堂参与积极
Lawrence_074,班课,Daniel,L002174,08/14/2025,周四,jueves,Thursday,13:00,19:00,+6h,1.67,阅读,3,课堂参与积极
Nina_295,班课,Daniel,L002175,2025-08-21,周四,jueves,Thursday,13:00,12:00,-1h,1.5,听力,12,需要加强口语练习
Leo_476（教务）,小组课,Daniel,L002175,2025-08-21,周四,jueves,Thursday,13:00,19:00,+6h,1.5,阅读,9,需要加强口语练习
Emma377,小组课,Daniel,L002175,2025年8月21日,周四,jueves,Thursday,13:00,13:00,+0h,1.5,阅读,6,需要加强口语练习
Oscar_336,小组课,Daniel,L002175,08/21/2025,周四,jueves,Thursday,13:00,13:00,+0h,1.5,听力,13,需要加强口语练习
Lawrence_074（教务）,班课,Daniel,L002175,2025年8月21日,周四,jueves,Thursday,13:00,19:00,+6h,1.5,语法,12,需要加强口语练习
Nina_295,班课,Daniel,L002176,2025/08/28,周四,jueves,Thursday,13:00,13:00,+0h,1.0,语法,6,课堂参与积极
Leo_476,班课,Daniel,L002176,2025-08-28,周四,jueves,Thursday,13:00,19:00,+6h,1.0,听力,9,课堂参与积极
Emma377,班课,Daniel,L002176,08/28/2025,周四,jueves,Thursday,13:00,13:00,+0h,1.0,语法,14,课堂参与积极
Oscar_336,班课,Daniel,L002176,2025-08-28,周四,jueves,Thursday,13:00,13:00,+0h,1.0,口语,6,课堂参与积极
Lawrence_074,班课,Daniel,L002176,2025-08-28,周四,jueves,Thursday,13:00,19:00,+6h,1.0,口语,13,课堂参与积极
Nina295,小组课,Daniel（教务）,L002177,09/04/2025,周四,jueves,Thursday,13:00,12:00,-1h,1.0,口语,14,完成本节内容
Leo_476,班课,Daniel（教务）,L002177,2025-09-04,周四,jueves,Thursday,13:00,19:00,+6h,1.0,听力,2,完成本节内容
Emma_377,班课,Daniel（教务）,L002177,2025/09/04,周四,jueves,Thursday,13:00,14:00,+1h,1.0,阅读,1,完成本节内容
Oscar336,班课,Daniel,L002177,2025/09/04,周四,jueves,Thursday,13:00,13:00,+0h,1.0,语法,2,完成本节内容
Lawrence074,小组课,Daniel,L002177,2025-09-04,周四,jueves,Thursday,13:00,19:00,+6h,1.0,口语,1,完成本节内容
Nina295,班课,Daniel,L002178,2025年9月11日,周四,jueves,Thursday,13:00,12:00,-1h,1.0,语法,9,课堂参与积极
Leo_476,小组课,Daniel,L002178,2025-09-11,周四,jueves,Thursday,13:00,19:00,+6h,1.0,阅读,1,课堂参与积极
Emma377,小组课,Daniel,L002178,2025/09/11,周四,jueves,Thursday,13:00,13:00,+0h,1.0,阅读,8,课堂参与积极
Oscar_336,小组课,Daniel,L002178,2025年9月11日,周四,jueves,Thursday,13:00,13:00,+0h,1.0,阅读,13,课堂参与积极
Lawrence_074,小组课,Daniel,L002178,2025/09/11,周四,jueves,Thursday,13:00,19:00,+6h,1.0,语法,6,课堂参与积极
Nina_295,小组课,Daniel（教务）,L002179,2025-09-18,周四,jueves,Thursday,13:00,12:00,-1h,1.67,听力,14,需要加强口语练习
Leo_476,班课,Daniel,L002179,09/18/2025,周四,jueves,Thursday,13:00,19:00,+6h,1.67,听力,14,需要加强口语练习
Emma_377,班课,Daniel,L002179,2025年9月18日,周四,jueves,Thursday,13:00,13:00,+0h,1.67,阅读,1,需要加强口语练习
Oscar_336,小组课,Daniel,L002179,2025-09-18,周四,jueves,Thursday,13:00,13:00,+0h,1.67,口语,12,需要加强口语练习
Lawrence074,班课,Daniel（教务）,L002179,09/18/2025,周四,jueves,Thursday,13:00,19:00,+6h,1.67,复习,13,需要加强口语练习
Nina_295（教务）,小组课,Daniel,L002180,2025-09-25,周四,jueves,Thursday,13:00,12:00,-1h,1.5,听力,9,课堂参与积极
Leo476,小组课,Daniel,L002180,2025-09-25,周四,jueves,Thursday,13:00,19:00,+6h,1.5,听力,14,课堂参与积极
Emma_377,班课,Daniel,L002180,2025年9月25日,周四,jueves,Thursday,13:00,13:00,+0h,1.5,口语,5,课堂参与积极
Oscar336,班课,Daniel,L002180,2025/09/25,周四,jueves,Thursday,13:00,13:00,+0h,1.5,听力,2,课堂参与积极
Lawrence_074,小组课,Daniel,L002180,2025/09/25,周四,jueves,Thursday,13:00,19:00,+6h,1.5,口语,3,课堂参与积极
Nina_295,小组课,Daniel,L002181,10/02/2025,周四,jueves,Thursday,13:00,12:00,-1h,1.67,阅读,10,语法掌握一般
Leo476,小组课,Daniel,L002181,2025/10/02,周四,jueves,Thursday,13:00,19:00,+6h,1.67,语法,11,语法掌握一般
Emma_377,班课,Daniel,L002181,2025/10/02,周四,jueves,Thursday,13:00,13:00,+0h,1.67,阅读,3,语法掌握一般
Oscar_336,班课,Daniel,L002181,2025-10-02,周四,jueves,Thursday,13:00,13:00,+0h,1.67,口语,5,语法掌握一般
Lawrence074,小组课,Daniel,L002181,2025-10-02,周四,jueves,Thursday,13:00,19:00,+6h,1.67,听力,13,语法掌握一般
Nina_295,班课,Daniel,L002182,2025/10/09,周四,jueves,Thursday,13:00,12:00,-1h,1.67,语法,9,课堂参与积极
Leo_476,小组课,Daniel,L002182,2025-10-09,周四,jueves,Thursday,13:00,19:00,+6h,1.67,口语,8,课堂参与积极
Emma_377,小组课,Daniel,L002182,2025年10月9日,周四,jueves,Thursday,13:00,13:00,+0h,1.67,听力,13,课堂参与积极
Oscar_336（教务）,班课,Daniel,L002182,2025年10月9日,周四,jueves,Thursday,13:00,13:00,+0h,1.67,听力,7,课堂参与积极
Lawrence074,班课,Daniel,L002182,2025/10/09,周四,jueves,Thursday,13:00,19:00,+6h,1.67,复习,4,课堂参与积极
Nina295,小组课,Daniel,L002183,2025/10/16,周四,jueves,Thursday,13:00,12:00,-1h,1.67,阅读,6,完成本节内容
Leo_476,班课,Daniel,L002183,2025/10/16,周四,jueves,Thursday,13:00,20:00,+7h,1.67,口语,12,完成本节内容
Emma_377,班课,Daniel,L002183,2025-10-16,周四,jueves,Thursday,13:00,13:00,+0h,1.67,口语,3,完成本节内容
Oscar_336,班课,Daniel,L002183,2025年10月16日,周四,jueves,Thursday,13:00,13:00,+0h,1.67,听力,11,完成本节内容
Lawrence_074,小组课,Daniel,L002183,2025/10/16,周四,jueves,Thursday,13:00,19:00,+6h,1.67,阅读,1,完成本节内容
Nina_295,小组课,Daniel,L002184,2025年10月23日,周四,jueves,Thursday,13:00,13:00,+0h,1.5,语法,2,完成本节内容
Leo476,班课,Daniel,L002184,10/23/2025,周四,jueves,Thursday,13:00,19:00,+6h,1.5,语法,6,完成本节内容
Emma_377,班课,Daniel（教务）,L002184,10/23/2025,周四,jueves,Thursday,13:00,13:00,+0h,1.5,语法,12,完成本节内容
Oscar_336,小组课,Daniel,L002184,2025-10-23,周四,jueves,Thursday,13:00,14:00,+1h,1.5,口语,9,完成本节内容
Lawrence_074,小组课,Daniel,L002184,2025-10-23,周四,jueves,Thursday,13:00,22:00,+9h,1.5,语法,6,完成本节内容
Nina_295（教务）,班课,Daniel（教务）,L002185,2025-10-30,周四,jueves,Thursday,13:00,12:00,-1h,1.67,语法,8,课堂参与积极
Leo_476,小组课,Daniel,L002185,2025年10月30日,周四,jueves,Thursday,13:00,20:00,+7h,1.67,口语,3,课堂参与积极
Emma377,班课,Daniel,L002185,2025-10-30,周四,jueves,Thursday,13:00,13:00,+0h,1.67,语法,10,课堂参与积极
Oscar_336,班课,Daniel,L002185,2025/10/30,周四,jueves,Thursday,13:00,13:00,+0h,1.67,语法,14,课堂参与积极
Lawrence074,小组课,Daniel（教务）,L002185,2025/10/30,周四,jueves,Thursday,13:00,20:00,+7h,1.67,语法,14,课堂参与积极
Nina_295,班课,Daniel,L002186,2025-11-06,周四,jueves,Thursday,13:00,12:00,-1h,1.5,听力,8,完成本节内容
Leo_476,小组课,Daniel,L002186,2025年11月6日,周四,jueves,Thursday,13:00,21:00,+8h,1.5,复习,3,完成本节内容
Emma_377,班课,Daniel,L002186,11/06/2025,周四,jueves,Thursday,13:00,13:00,+0h,1.5,口语,10,完成本节内容
Oscar_336,班课,Daniel,L002186,2025/11/06,周四,jueves,Thursday,13:00,14:00,+1h,1.5,口语,5,完成本节内容
Lawrence_074,班课,Daniel,L002186,11/06/2025,周四,jueves,Thursday,13:00,20:00,+7h,1.5,听力,3,完成本节内容
Nina_295,班课,Daniel,L002187,2025/11/13,周四,jueves,Thursday,13:00,12:00,-1h,1.5,口语,4,课堂参与积极
Leo_476,小组课,Daniel,L002187,2025-11-13,周四,jueves,Thursday,13:00,20:00,+7h,1.5,阅读,4,课堂参与积极
Emma_377,班课,Daniel（教务）,L002187,2025-11-13,周四,jueves,Thursday,13:00,13:00,+0h,1.5,阅读,3,课堂参与积极
Oscar_336,班课,Daniel,L002187,2025/11/13,周四,jueves,Thursday,13:00,13:00,+0h,1.5,听力,7,课堂参与积极
Lawrence_074（教务）,班课,Daniel,L002187,2025-11-13,周四,jueves,Thursday,13:00,20:00,+7h,1.5,阅读,1,课堂参与积极
Nina_295,小组课,Daniel,L002188,2025-11-20,周四,jueves,Thursday,13:00,12:00,-1h,1.67,复习,9,需要加强口语练习
Leo_476,班课,Daniel,L002188,2025-11-20,周四,jueves,Thursday,13:00,21:00,+8h,1.67,复习,4,需要加强口语练习
Emma_377,小组课,Daniel,L002188,2025/11/20,周四,jueves,Thursday,13:00,13:00,+0h,1.67,阅读,5,需要加强口语练习
Oscar_336,班课,Daniel,L002188,2025-11-20,周四,jueves,Thursday,13:00,13:00,+0h,1.67,阅读,4,需要加强口语练习
Lawrence_074（教务）,小组课,Daniel,L002188,2025-11-20,周四,jueves,Thursday,13:00,20:00,+7h,1.67,阅读,10,需要加强口语练习
Nina_295,班课,Daniel,L002189,2025-11-27,周四,jueves,Thursday,13:00,12:00,-1h,1.0,复习,4,课堂参与积极
Leo_476,小组课,Daniel,L002189,2025年11月27日,周四,jueves,Thursday,13:00,20:00,+7h,1.0,听力,4,课堂参与积极
Emma_377,班课,Daniel,L002189,2025-11-27,周四,jueves,Thursday,13:00,13:00,+0h,1.0,语法,9,课堂参与积极
Oscar_336,小组课,Daniel,L002189,2025-11-27,周四,jueves,Thursday,13:00,13:00,+0h,1.0,语法,8,课堂参与积极
Lawrence_074,班课,Daniel,L002189,2025/11/27,周四,jueves,Thursday,13:00,20:00,+7h,1.0,语法,6,课堂参与积极
Nina295,班课,Daniel（教务）,L002190,2025/12/04,周四,jueves,Thursday,13:00,12:00,-1h,1.67,语法,10,完成本节内容
Leo_476,班课,Daniel,L002190,2025年12月4日,周四,jueves,Thursday,13:00,20:00,+7h,1.67,阅读,11,完成本节内容
Emma_377,小组课,Daniel,L002190,2025年12月4日,周四,jueves,Thursday,13:00,13:00,+0h,1.67,听力,5,完成本节内容
Oscar_336,小组课,Daniel,L002190,2025-12-04,周四,jueves,Thursday,13:00,13:00,+0h,1.67,语法,6,完成本节内容
Lawrence074,小组课,Daniel,L002190,2025-12-04,周四,jueves,Thursday,13:00,20:00,+7h,1.67,语法,12,完成本节内容
Nina_295,班课,Daniel,L002191,2025年12月11日,周四,jueves,Thursday,13:00,12:00,-1h,1.5,阅读,10,课堂参与积极
Leo476,小组课,Daniel,L002191,12/11/2025,周四,jueves,Thursday,13:00,20:00,+7h,1.5,听力,5,课堂参与积极
Emma_377,班课,Daniel,L002191,2025/12/11,周四,jueves,Thursday,13:00,13:00,+0h,1.5,阅读,6,课堂参与积极
Oscar_336,小组课,Daniel,L002191,2025-12-11,周四,jueves,Thursday,13:00,13:00,+0h,1.5,语法,3,课堂参与积极
Lawrence_074,班课,Daniel,L002191,2025/12/11,周四,jueves,Thursday,13:00,20:00,+7h,1.5,听力,11,课堂参与积极
Nina_295,班课,Daniel,L002192,2025-12-18,周四,jueves,Thursday,13:00,12:00,-1h,1.0,语法,4,完成本节内容
Leo_476,小组课,Daniel,L002192,2025-12-18,周四,jueves,Thursday,13:00,20:00,+7h,1.0,复习,8,完成本节内容
Emma377,小组课,Daniel,L002192,2025-12-18,周四,jueves,Thursday,13:00,14:00,+1h,1.0,语法,6,完成本节内容
Oscar_336,小组课,Daniel,L002192,2025/12/18,周四,jueves,Thursday,13:00,13:00,+0h,1.0,阅读,14,完成本节内容
Lawrence_074,班课,Daniel,L002192,2025年12月18日,周四,jueves,Thursday,13:00,20:00,+7h,1.0,口语,5,完成本节内容
Nina_295,小组课,Daniel,L002193,2025年12月25日,周四,jueves,Thursday,13:00,12:00,-1h,1.67,语法,3,课堂参与积极
Leo_476,班课,Daniel,L002193,2025/12/25,周四,jueves,Thursday,13:00,20:00,+7h,1.67,语法,12,课堂参与积极
Emma_377,班课,Daniel,L002193,2025-12-25,周四,jueves,Thursday,13:00,13:00,+0h,1.67,复习,14,课堂参与积极
Oscar_336,小组课,Daniel,L002193,2025-12-25,周四,jueves,Thursday,13:00,12:00,-1h,1.67,语法,9,课堂参与积极
Lawrence_074,班课,Daniel,L002193,2025/12/25,周四,jueves,Thursday,13:00,20:00,+7h,1.67,阅读,11,课堂参与积极
Nina_295（教务）,小组课,Daniel（教务）,L002194,2026/01/01,周四,jueves,Thursday,13:00,12:00,-1h,1.0,听力,7,语法掌握一般
Leo_476,小组课,Daniel,L002194,2026/01/01,周四,jueves,Thursday,13:00,20:00,+7h,1.0,口语,9,语法掌握一般
Emma_377,小组课,Daniel,L002194,2026-01-01,周四,jueves,Thursday,13:00,13:00,+0h,1.0,语法,12,语法掌握一般
Oscar336,班课,Daniel（教务）,L002194,01/01/2026,周四,jueves,Thursday,13:00,13:00,+0h,1.0,口语,5,语法掌握一般
Lawrence_074,班课,Daniel（教务）,L002194,2026-01-01,周四,jueves,Thursday,13:00,20:00,+7h,1.0,听力,3,语法掌握一般
Nina_295,班课,Daniel,L002195,2026/01/08,周四,jueves,Thursday,13:00,12:00,-1h,1.0,复习,1,需要加强口语练习
Leo_476,小组课,Daniel,L002195,2026/01/08,周四,jueves,Thursday,13:00,20:00,+7h,1.0,复习,9,需要加强口语练习
Emma_377,小组课,Daniel,L002195,2026年1月8日,周四,jueves,Thursday,13:00,13:00,+0h,1.0,语法,13,需要加强口语练习
Oscar_336,班课,Daniel,L002195,2026-01-08,周四,jueves,Thursday,13:00,12:00,-1h,1.0,语法,4,需要加强口语练习
Lawrence_074,班课,Daniel,L002195,2026-01-08,周四,jueves,Thursday,13:00,20:00,+7h,1.0,复习,5,需要加强口语练习
Nina_295,班课,Daniel,L002196,2026-01-15,周四,jueves,Thursday,13:00,12:00,-1h,1.0,听力,10,语法掌握一般
Leo_476（教务）,小组课,Daniel,L002196,2026/01/15,周四,jueves,Thursday,13:00,20:00,+7h,1.0,口语,4,语法掌握一般
Emma_377,小组课,Daniel,L002196,2026/01/15,周四,jueves,Thursday,13:00,13:00,+0h,1.0,复习,12,语法掌握一般
Oscar_336,班课,Daniel（教务）,L002196,2026-01-15,周四,jueves,Thursday,13:00,13:00,+0h,1.0,语法,12,语法掌握一般
Lawrence_074,班课,Daniel,L002196,2026年1月15日,周四,jueves,Thursday,13:00,20:00,+7h,1.0,语法,1,语法掌握一般
Nina_295,班课,Daniel,L002197,2026/01/22,周四,jueves,Thursday,13:00,12:00,-1h,1.5,阅读,12,课堂参与积极
Leo_476,小组课,Daniel,L002197,2026-01-22,周四,jueves,Thursday,13:00,20:00,+7h,1.5,口语,14,课堂参与积极
Emma377,班课,Daniel（教务）,L002197,01/22/2026,周四,jueves,Thursday,13:00,13:00,+0h,1.5,语法,8,课堂参与积极
Oscar_336,小组课,Daniel,L002197,2026-01-22,周四,jueves,Thursday,13:00,13:00,+0h,1.5,口语,4,课堂参与积极
Lawrence_074,小组课,Daniel,L002197,01/22/2026,周四,jueves,Thursday,13:00,20:00,+7h,1.5,语法,12,课堂参与积极
Nina_295,班课,Daniel,L002198,2026-01-29,周四,jueves,Thursday,13:00,12:00,-1h,1.5,复习,6,语法掌握一般
Leo_476,小组课,Daniel,L002198,2026年1月29日,周四,jueves,Thursday,13:00,20:00,+7h,1.5,口语,10,语法掌握一般
Emma_377,班课,Daniel,L002198,2026/01/29,周四,jueves,Thursday,13:00,13:00,+0h,1.5,复习,11,语法掌握一般
Oscar_336,小组课,Daniel,L002198,2026-01-29,周四,jueves,Thursday,13:00,13:00,+0h,1.5,复习,2,语法掌握一般
Lawrence_074,班课,Daniel,L002198,2026-01-29,周四,jueves,Thursday,13:00,17:00,+4h,1.5,口语,3,语法掌握一般
Nina_295,小组课,Daniel,L002199,2026-02-05,周四,jueves,Thursday,13:00,12:00,-1h,1.0,复习,8,需要加强口语练习
Leo_476,班课,Daniel,L002199,2026-02-05,周四,jueves,Thursday,13:00,20:00,+7h,1.0,口语,1,需要加强口语练习
Emma377,小组课,Daniel,L002199,2026/02/05,周四,jueves,Thursday,13:00,13:00,+0h,1.0,口语,2,需要加强口语练习
Oscar_336,小组课,Daniel,L002199,2026/02/05,周四,jueves,Thursday,13:00,13:00,+0h,1.0,阅读,4,需要加强口语练习
Lawrence_074,班课,Daniel（教务）,L002199,2026/02/05,周四,jueves,Thursday,13:00,20:00,+7h,1.0,口语,3,需要加强口语练习
Nina_295（教务）,班课,Daniel,L002200,2026/02/12,周四,jueves,Thursday,13:00,13:00,+0h,1.5,复习,13,
Leo_476,小组课,Daniel,L002200,2026年2月12日,周四,jueves,Thursday,13:00,20:00,+7h,1.5,阅读,10,
Emma377,小组课,Daniel,L002200,2026-02-12,周四,jueves,Thursday,13:00,13:00,+0h,1.5,语法,3,
Oscar_336,小组课,Daniel,L002200,2026-02-12,周四,jueves,Thursday,13:00,13:00,+0h,1.5,语法,12,
Lawrence_074,班课,Daniel（教务）,L002200,02/12/2026,周四,jueves,Thursday,13:00,20:00,+7h,1.5,阅读,4,
Nina_295,班课,Daniel,L002201,2026年2月19日,周四,jueves,Thursday,13:00,12:00,-1h,1.0,听力,2,语法掌握一般
Leo476,小组课,Daniel,L002201,2026年2月19日,周四,jueves,Thursday,13:00,20:00,+7h,1.0,听力,9,语法掌握一般
Emma_377（教务）,班课,Daniel,L002201,02/19/2026,周四,jueves,Thursday,13:00,13:00,+0h,1.0,阅读,6,语法掌握一般
Oscar_336,班课,Daniel,L002201,2026-02-19,周四,jueves,Thursday,13:00,13:00,+0h,1.0,口语,12,语法掌握一般
Lawrence_074,小组课,Daniel,L002201,2026-02-19,周四,jueves,Thursday,13:00,20:00,+7h,1.0,听力,11,语法掌握一般
Nina_295,小组课,Daniel,L002202,2026-02-26,周四,jueves,Thursday,13:00,12:00,-1h,1.0,复习,11,语法掌握一般
Leo_476,班课,Daniel,L002202,02/26/2026,周四,jueves,Thursday,13:00,20:00,+7h,1.0,口语,4,语法掌握一般
Emma_377,班课,Daniel,L002202,2026-02-26,周四,jueves,Thursday,13:00,13:00,+0h,1.0,阅读,3,语法掌握一般
Oscar_336,小组课,Daniel,L002202,2026年2月26日,周四,jueves,Thursday,13:00,12:00,-1h,1.0,口语,12,语法掌握一般
Lawrence_074,班课,Daniel,L002202,2026-02-26,周四,jueves,Thursday,13:00,20:00,+7h,1.0,语法,13,语法掌握一般
Nina_295（教务）,班课,Daniel,L002203,03/05/2026,周四,jueves,Thursday,13:00,12:00,-1h,2.0,听力,9,需要加强口语练习
Leo_476（教务）,班课,Daniel,L002203,2026-03-05,周四,jueves,Thursday,13:00,20:00,+7h,2.0,语法,5,需要加强口语练习
Emma_377,小组课,Daniel,L002203,2026年3月5日,周四,jueves,Thursday,13:00,13:00,+0h,2.0,复习,14,需要加强口语练习
Oscar_336,班课,Daniel,L002203,2026-03-05,周四,jueves,Thursday,13:00,13:00,+0h,2.0,复习,5,需要加强口语练习
Lawrence_074,小组课,Daniel,L002203,03/05/2026,周四,jueves,Thursday,13:00,20:00,+7h,2.0,阅读,11,需要加强口语练习
Nina_295,小组课,Daniel,L002204,2026年3月12日,周四,jueves,Thursday,13:00,12:00,-1h,1.0,语法,1,完成本节内容
Leo_476,小组课,Daniel,L002204,03/12/2026,周四,jueves,Thursday,13:00,20:00,+7h,1.0,阅读,12,完成本节内容
Emma_377,班课,Daniel,L002204,2026-03-12,周四,jueves,Thursday,13:00,13:00,+0h,1.0,复习,5,完成本节内容
Oscar_336,小组课,Daniel,L002204,2026/03/12,周四,jueves,Thursday,13:00,16:00,+3h,1.0,口语,13,完成本节内容
Lawrence_074,小组课,Daniel,L002204,03/12/2026,周四,jueves,Thursday,13:00,20:00,+7h,1.0,复习,6,完成本节内容
Nina295,小组课,Daniel,L002205,2026-03-19,周四,jueves,Thursday,13:00,12:00,-1h,1.0,听力,11,课堂参与积极
Leo_476,小组课,Daniel,L002205,2026-03-19,周四,jueves,Thursday,13:00,20:00,+7h,1.0,复习,8,课堂参与积极
Emma_377,班课,Daniel,L002205,2026年3月19日,周四,jueves,Thursday,13:00,13:00,+0h,1.0,语法,14,课堂参与积极
Oscar_336,小组课,Daniel,L002205,2026/03/19,周四,jueves,Thursday,13:00,13:00,+0h,1.0,复习,9,课堂参与积极
Lawrence_074,班课,Daniel,L002205,2026/03/19,周四,jueves,Thursday,13:00,20:00,+7h,1.0,阅读,7,课堂参与积极
Nina_295,小组课,Daniel,L002206,2026-03-26,周四,jueves,Thursday,13:00,12:00,-1h,2.0,口语,2,完成本节内容
Leo_476,班课,Daniel,L002206,2026-03-26,周四,jueves,Thursday,13:00,20:00,+7h,2.0,听力,14,完成本节内容
Emma377,班课,Daniel（教务）,L002206,03/26/2026,周四,jueves,Thursday,13:00,13:00,+0h,2.0,听力,1,完成本节内容
Oscar_336,班课,Daniel,L002206,2026/03/26,周四,jueves,Thursday,13:00,13:00,+0h,2.0,听力,13,完成本节内容
Lawrence_074（教务）,班课,Daniel,L002206,2026-03-26,周四,jueves,Thursday,13:00,20:00,+7h,2.0,阅读,6,完成本节内容
Nina_295,班课,Daniel,L002207,2026/04/02,周四,jueves,Thursday,13:00,12:00,-1h,1.5,口语,3,完成本节内容
Leo_476,班课,Daniel,L002207,2026-04-02,周四,jueves,Thursday,13:00,19:00,+6h,1.5,听力,13,完成本节内容
Emma_377,小组课,Daniel,L002207,2026年4月2日,周四,jueves,Thursday,13:00,13:00,+0h,1.5,口语,11,完成本节内容
Oscar_336,班课,Daniel,L002207,04/02/2026,周四,jueves,Thursday,13:00,13:00,+0h,1.5,阅读,6,完成本节内容
Lawrence_074,小组课,Daniel（教务）,L002207,2026/04/02,周四,jueves,Thursday,13:00,19:00,+6h,1.5,阅读,7,完成本节内容
Nina_295,班课,Daniel,L002208,2026/04/09,周四,jueves,Thursday,13:00,11:00,-2h,1.5,复习,8,课堂参与积极
Leo_476,班课,Daniel,L002208,04/09/2026,周四,jueves,Thursday,13:00,18:00,+5h,1.5,口语,2,课堂参与积极
Emma_377,班课,Daniel,L002208,2026-04-09,周四,jueves,Thursday,13:00,13:00,+0h,1.5,听力,8,课堂参与积极
Oscar_336,小组课,Daniel（教务）,L002208,2026-04-09,周四,jueves,Thursday,13:00,13:00,+0h,1.5,阅读,13,课堂参与积极
Lawrence_074,小组课,Daniel,L002208,2026-04-09,周四,jueves,Thursday,13:00,19:00,+6h,1.5,口语,4,课堂参与积极
Nina_295,小组课,Daniel,L002209,2026-04-16,周四,jueves,Thursday,13:00,13:00,+0h,1.67,语法,10,
Leo_476,小组课,Daniel,L002209,2026-04-16,周四,jueves,Thursday,13:00,19:00,+6h,1.67,复习,4,
Emma_377,班课,Daniel,L002209,2026/04/16,周四,jueves,Thursday,13:00,13:00,+0h,1.67,口语,7,
Oscar_336,班课,Daniel,L002209,2026/04/16,周四,jueves,Thursday,13:00,13:00,+0h,1.67,口语,3,
Lawrence_074,小组课,Daniel,L002209,2026/04/16,周四,jueves,Thursday,13:00,19:00,+6h,1.67,口语,14,
Nina_295（教务）,班课,Daniel（教务）,L002210,2026/04/23,周四,jueves,Thursday,13:00,12:00,-1h,1.0,口语,11,完成本节内容
Leo476,班课,Daniel,L002210,2026/04/23,周四,jueves,Thursday,13:00,19:00,+6h,1.0,阅读,8,完成本节内容
Emma_377,小组课,Daniel,L002210,2026/04/23,周四,jueves,Thursday,13:00,13:00,+0h,1.0,听力,5,完成本节内容
Oscar_336,小组课,Daniel,L002210,2026-04-23,周四,jueves,Thursday,13:00,13:00,+0h,1.0,听力,9,完成本节内容
Lawrence_074,班课,Daniel,L002210,2026/04/23,周四,jueves,Thursday,13:00,19:00,+6h,1.0,听力,14,完成本节内容
Nina295,班课,Daniel,L002211,2026年4月30日,周四,jueves,Thursday,13:00,12:00,-1h,1.0,语法,2,语法掌握一般
Leo476,班课,Daniel（教务）,L002211,04/30/2026,周四,jueves,Thursday,13:00,19:00,+6h,1.0,口语,10,语法掌握一般
Emma_377,小组课,Daniel,L002211,2026-04-30,周四,jueves,Thursday,13:00,13:00,+0h,1.0,语法,6,语法掌握一般
Oscar_336（教务）,小组课,Daniel,L002211,2026/04/30,周四,jueves,Thursday,13:00,13:00,+0h,1.0,语法,6,语法掌握一般
Lawrence_074,班课,Daniel,L002211,04/30/2026,周四,jueves,Thursday,13:00,19:00,+6h,1.0,口语,10,语法掌握一般
Nina_295,班课,Daniel,L002212,2026年5月7日,周四,jueves,Thursday,13:00,12:00,-1h,1.0,语法,14,语法掌握一般
Leo_476,小组课,Daniel,L002212,05/07/2026,周四,jueves,Thursday,13:00,19:00,+6h,1.0,语法,5,语法掌握一般
Emma_377,小组课,Daniel（教务）,L002212,2026年5月7日,周四,jueves,Thursday,13:00,13:00,+0h,1.0,语法,14,语法掌握一般
Oscar_336,班课,Daniel（教务）,L002212,2026-05-07,周四,jueves,Thursday,13:00,13:00,+0h,1.0,口语,7,语法掌握一般
Lawrence_074（教务）,小组课,Daniel,L002212,2026年5月7日,周四,jueves,Thursday,13:00,19:00,+6h,1.0,听力,10,语法掌握一般
Nina295,小组课,Daniel,L002213,2026-05-14,周四,jueves,Thursday,13:00,12:00,-1h,1.0,复习,7,完成本节内容
Leo_476,班课,Daniel,L002213,2026-05-14,周四,jueves,Thursday,13:00,19:00,+6h,1.0,复习,9,完成本节内容
Emma_377（教务）,小组课,Daniel,L002213,05/14/2026,周四,jueves,Thursday,13:00,13:00,+0h,1.0,语法,4,完成本节内容
Oscar_336,班课,Daniel,L002213,2026-05-14,周四,jueves,Thursday,13:00,13:00,+0h,1.0,听力,1,完成本节内容
Lawrence_074,班课,Daniel,L002213,2026/05/14,周四,jueves,Thursday,13:00,19:00,+6h,1.0,复习,8,完成本节内容
Nina295,班课,Daniel,L002214,05/21/2026,周四,jueves,Thursday,13:00,12:00,-1h,1.67,阅读,12,完成本节内容
Leo_476,小组课,Daniel,L002214,2026-05-21,周四,jueves,Thursday,13:00,19:00,+6h,1.67,口语,3,完成本节内容
Emma_377,小组课,Daniel（教务）,L002214,2026-05-21,周四,jueves,Thursday,13:00,16:00,+3h,1.67,复习,7,完成本节内容
Oscar_336,小组课,Daniel（教务）,L002214,2026年5月21日,周四,jueves,Thursday,13:00,13:00,+0h,1.67,口语,12,完成本节内容
Lawrence_074,小组课,Daniel,L002214,05/21/2026,周四,jueves,Thursday,13:00,19:00,+6h,1.67,口语,1,完成本节内容
Nina_295,小组课,Daniel,L002215,2026年5月28日,周四,jueves,Thursday,13:00,12:00,-1h,1.67,口语,9,需要加强口语练习
Leo_476,班课,Daniel,L002215,2026-05-28,周四,jueves,Thursday,13:00,19:00,+6h,1.67,阅读,4,需要加强口语练习
Emma377,班课,Daniel,L002215,05/28/2026,周四,jueves,Thursday,13:00,13:00,+0h,1.67,阅读,5,需要加强口语练习
Oscar_336,班课,Daniel（教务）,L002215,2026/05/28,周四,jueves,Thursday,13:00,13:00,+0h,1.67,语法,5,需要加强口语练习
Lawrence074,小组课,Daniel,L002215,05/28/2026,周四,jueves,Thursday,13:00,19:00,+6h,1.67,口语,4,需要加强口语练习
Nina_295,班课,Daniel,L002216,2026-06-04,周四,jueves,Thursday,13:00,12:00,-1h,2.0,听力,14,完成本节内容
Leo_476,班课,Daniel,L002216,2026/06/04,周四,jueves,Thursday,13:00,19:00,+6h,2.0,口语,8,完成本节内容
Emma_377（教务）,小组课,Daniel,L002216,2026年6月4日,周四,jueves,Thursday,13:00,13:00,+0h,2.0,复习,5,完成本节内容
Oscar336,班课,Daniel,L002216,06/04/2026,周四,jueves,Thursday,13:00,13:00,+0h,2.0,听力,4,完成本节内容
Lawrence_074,小组课,Daniel,L002216,2026/06/04,周四,jueves,Thursday,13:00,20:00,+7h,2.0,复习,5,完成本节内容
Nina_295,班课,Daniel,L002217,2026/06/11,周四,jueves,Thursday,13:00,12:00,-1h,1.0,口语,11,语法掌握一般
Leo_476,班课,Daniel,L002217,2026/06/11,周四,jueves,Thursday,13:00,19:00,+6h,1.0,口语,13,语法掌握一般
Emma_377（教务）,班课,Daniel（教务）,L002217,2026-06-11,周四,jueves,Thursday,13:00,13:00,+0h,1.0,口语,3,语法掌握一般
Oscar_336,小组课,Daniel,L002217,2026-06-11,周四,jueves,Thursday,13:00,13:00,+0h,1.0,语法,4,语法掌握一般
Lawrence_074,小组课,Daniel,L002217,2026/06/11,周四,jueves,Thursday,13:00,19:00,+6h,1.0,复习,14,语法掌握一般
Nina_295,班课,Daniel,L002218,2026-06-18,周四,jueves,Thursday,13:00,11:00,-2h,1.0,听力,9,语法掌握一般
Leo_476,班课,Daniel,L002218,2026年6月18日,周四,jueves,Thursday,13:00,19:00,+6h,1.0,语法,2,语法掌握一般
Emma_377,班课,Daniel,L002218,2026-06-18,周四,jueves,Thursday,13:00,12:00,-1h,1.0,阅读,1,语法掌握一般
Oscar_336,小组课,Daniel,L002218,2026/06/18,周四,jueves,Thursday,13:00,13:00,+0h,1.0,口语,3,语法掌握一般
Lawrence_074,班课,Daniel,L002218,2026-06-18,周四,jueves,Thursday,13:00,19:00,+6h,1.0,听力,9,语法掌握一般
Nina295,班课,Daniel,L002219,2026/06/25,周四,jueves,Thursday,13:00,13:00,+0h,1.0,听力,3,语法掌握一般
Leo_476,小组课,Daniel,L002219,06/25/2026,周四,jueves,Thursday,13:00,19:00,+6h,1.0,口语,8,语法掌握一般
Emma_377,小组课,Daniel,L002219,2026-06-25,周四,jueves,Thursday,13:00,13:00,+0h,1.0,口语,11,语法掌握一般
Oscar_336,小组课,Daniel,L002219,2026年6月25日,周四,jueves,Thursday,13:00,13:00,+0h,1.0,复习,14,语法掌握一般
Lawrence_074,班课,Daniel,L002219,2026-06-25,周四,jueves,Thursday,13:00,20:00,+7h,1.0,口语,2,语法掌握一般
Nina_295（教务）,班课,Daniel,L002220,2026-07-02,周四,jueves,Thursday,13:00,12:00,-1h,1.0,口语,13,语法掌握一般
Leo_476,小组课,Daniel,L002220,2026/07/02,周四,jueves,Thursday,13:00,19:00,+6h,1.0,口语,8,语法掌握一般
Emma_377,班课,Daniel,L002220,2026-07-02,周四,jueves,Thursday,13:00,13:00,+0h,1.0,阅读,10,语法掌握一般
Oscar_336,小组课,Daniel,L002220,2026年7月2日,周四,jueves,Thursday,13:00,13:00,+0h,1.0,复习,9,语法掌握一般
Lawrence_074,班课,Daniel,L002220,07/02/2026,周四,jueves,Thursday,13:00,19:00,+6h,1.0,语法,2,语法掌握一般
Nina_295,班课,Daniel（教务）,L002221,2026年7月9日,周四,jueves,Thursday,13:00,12:00,-1h,1.0,口语,9,语法掌握一般
Leo_476,小组课,Daniel,L002221,2026/07/09,周四,jueves,Thursday,13:00,18:00,+5h,1.0,复习,7,语法掌握一般
Emma377,小组课,Daniel,L002221,2026-07-09,周四,jueves,Thursday,13:00,13:00,+0h,1.0,口语,11,语法掌握一般
Oscar336,小组课,Daniel,L002221,2026/07/09,周四,jueves,Thursday,13:00,12:00,-1h,1.0,语法,6,语法掌握一般
Lawrence_074,班课,Daniel,L002221,2026/07/09,周四,jueves,Thursday,13:00,19:00,+6h,1.0,语法,9,语法掌握一般
Nina_295,班课,Daniel,L002222,2026-07-16,周四,jueves,Thursday,13:00,12:00,-1h,1.0,阅读,12,课堂参与积极
Leo_476,小组课,Daniel,L002222,07/16/2026,周四,jueves,Thursday,13:00,19:00,+6h,1.0,听力,7,课堂参与积极
Emma_377,小组课,Daniel,L002222,07/16/2026,周四,jueves,Thursday,13:00,13:00,+0h,1.0,口语,4,课堂参与积极
Oscar_336,小组课,Daniel（教务）,L002222,2026/07/16,周四,jueves,Thursday,13:00,11:00,-2h,1.0,听力,6,课堂参与积极
Lawrence074,小组课,Daniel,L002222,2026/07/16,周四,jueves,Thursday,13:00,19:00,+6h,1.0,语法,5,课堂参与积极
Nina_295,班课,Daniel,L002223,2026年7月23日,周四,jueves,Thursday,13:00,11:00,-2h,1.5,复习,5,完成本节内容
Leo_476,班课,Daniel,L002223,2026-07-23,周四,jueves,Thursday,13:00,19:00,+6h,1.5,听力,7,完成本节内容
Emma_377,班课,Daniel,L002223,2026/07/23,周四,jueves,Thursday,13:00,13:00,+0h,1.5,语法,1,完成本节内容
Oscar336,班课,Daniel,L002223,07/23/2026,周四,jueves,Thursday,13:00,13:00,+0h,1.5,听力,2,完成本节内容
Lawrence074,班课,Daniel（教务）,L002223,2026-07-23,周四,jueves,Thursday,13:00,18:00,+5h,1.5,听力,1,完成本节内容
Nina_295,班课,Daniel（教务）,L002224,2026-07-30,周四,jueves,Thursday,13:00,12:00,-1h,1.0,语法,1,语法掌握一般
Leo_476,小组课,Daniel,L002224,2026-07-30,周四,jueves,Thursday,13:00,19:00,+6h,1.0,阅读,11,语法掌握一般
Emma_377（教务）,小组课,Daniel,L002224,2026-07-30,周四,jueves,Thursday,13:00,13:00,+0h,1.0,阅读,10,语法掌握一般
Oscar_336,小组课,Daniel,L002224,2026-07-30,周四,jueves,Thursday,13:00,13:00,+0h,1.0,阅读,13,语法掌握一般
Lawrence_074,小组课,Daniel,L002224,2026-07-30,周四,jueves,Thursday,13:00,19:00,+6h,1.0,口语,12,语法掌握一般
Nina_295,班课,Daniel,L002225,2026/08/06,周四,jueves,Thursday,13:00,12:00,-1h,1.0,阅读,9,语法掌握一般
Leo476,班课,Daniel,L002225,2026-08-06,周四,jueves,Thursday,13:00,19:00,+6h,1.0,听力,6,语法掌握一般
Emma_377,班课,Daniel,L002225,2026-08-06,周四,jueves,Thursday,13:00,12:00,-1h,1.0,复习,3,语法掌握一般
Oscar_336,班课,Daniel,L002225,2026-08-06,周四,jueves,Thursday,13:00,13:00,+0h,1.0,听力,10,语法掌握一般
Lawrence_074,小组课,Daniel（教务）,L002225,2026年8月6日,周四,jueves,Thursday,13:00,18:00,+5h,1.0,复习,11,语法掌握一般
Nina_295,小组课,Daniel,L002226,2026年8月13日,周四,jueves,Thursday,13:00,12:00,-1h,1.67,复习,5,完成本节内容
Leo_476,小组课,Daniel,L002226,2026/08/13,周四,jueves,Thursday,13:00,19:00,+6h,1.67,语法,11,完成本节内容
Emma377,班课,Daniel（教务）,L002226,2026-08-13,周四,jueves,Thursday,13:00,16:00,+3h,1.67,语法,12,完成本节内容
Oscar_336,班课,Daniel,L002226,2026/08/13,周四,jueves,Thursday,13:00,13:00,+0h,1.67,口语,3,完成本节内容
Lawrence_074,小组课,Daniel,L002226,2026/08/13,周四,jueves,Thursday,13:00,19:00,+6h,1.67,语法,1,完成本节内容
Nina_295,小组课,Daniel,L002227,2026-08-20,周四,jueves,Thursday,13:00,12:00,-1h,1.5,复习,5,完成本节内容
Leo_476,小组课,Daniel,L002227,2026-08-20,周四,jueves,Thursday,13:00,22:00,+9h,1.5,语法,10,完成本节内容
Emma377,班课,Daniel,L002227,2026-08-20,周四,jueves,Thursday,13:00,14:00,+1h,1.5,阅读,7,完成本节内容
Oscar336,小组课,Daniel（教务）,L002227,2026-08-20,周四,jueves,Thursday,13:00,13:00,+0h,1.5,语法,9,完成本节内容
Lawrence_074,小组课,Daniel,L002227,2026年8月20日,周四,jueves,Thursday,13:00,19:00,+6h,1.5,阅读,11,完成本节内容
Nina_295,班课,Daniel,L002228,2026/08/27,周四,jueves,Thursday,13:00,12:00,-1h,1.5,口语,12,完成本节内容
Leo_476,小组课,Daniel,L002228,2026-08-27,周四,jueves,Thursday,13:00,19:00,+6h,1.5,听力,6,完成本节内容
Emma_377,小组课,Daniel,L002228,2026年8月27日,周四,jueves,Thursday,13:00,12:00,-1h,1.5,语法,13,完成本节内容
Oscar_336,班课,Daniel,L002228,2026-08-27,周四,jueves,Thursday,13:00,13:00,+0h,1.5,口语,6,完成本节内容
Lawrence_074,班课,Daniel,L002228,2026-08-27,周四,jueves,Thursday,13:00,19:00,+6h,1.5,语法,7,完成本节内容
Ava_135,小组课,Rocio,L002229,2025-04-18,周五,viernes,Friday,08:00,07:00,-1h,1.67,口语,11,需要加强口语练习
Emma_477,小组课,Rocio,L002229,2025年4月18日,周五,viernes,Friday,08:00,07:00,-1h,1.67,语法,8,需要加强口语练习
Grace_437,小组课,Rocio,L002229,2025年4月18日,周五,viernes,Friday,08:00,14:00,+6h,1.67,语法,5,需要加强口语练习
Crystal362,班课,Rocio,L002229,2025年4月18日,周五,viernes,Friday,08:00,14:00,+6h,1.67,复习,1,需要加强口语练习
Brian_259,班课,Rocio,L002229,2025年4月18日,周五,viernes,Friday,08:00,08:00,+0h,1.67,语法,2,需要加强口语练习
Ava_135,班课,Rocio,L002230,2025-04-25,周五,viernes,Friday,08:00,07:00,-1h,1.0,复习,11,完成本节内容
Emma_477（教务）,小组课,Rocio,L002230,2025/04/25,周五,viernes,Friday,08:00,07:00,-1h,1.0,语法,1,完成本节内容
Grace_437（教务）,小组课,Rocio,L002230,2025-04-25,周五,viernes,Friday,08:00,14:00,+6h,1.0,阅读,7,完成本节内容
Crystal_362,班课,Rocio,L002230,2025-04-25,周五,viernes,Friday,08:00,14:00,+6h,1.0,口语,8,完成本节内容
Brian_259,班课,Rocio,L002230,2025/04/25,周五,viernes,Friday,08:00,08:00,+0h,1.0,阅读,9,完成本节内容
Ava_135,班课,Rocio,L002231,05/02/2025,周五,viernes,Friday,08:00,07:00,-1h,1.0,听力,13,需要加强口语练习
Emma_477,班课,Rocio,L002231,2025-05-02,周五,viernes,Friday,08:00,06:00,-2h,1.0,语法,13,需要加强口语练习
Grace_437,班课,Rocio,L002231,2025/05/02,周五,viernes,Friday,08:00,14:00,+6h,1.0,口语,11,需要加强口语练习
Crystal_362（教务）,班课,Rocio,L002231,2025年5月2日,周五,viernes,Friday,08:00,14:00,+6h,1.0,语法,4,需要加强口语练习
Brian_259,班课,Rocio,L002231,2025-05-02,周五,viernes,Friday,08:00,08:00,+0h,1.0,阅读,10,需要加强口语练习
Ava_135（教务）,班课,Rocio,L002232,2025年5月9日,周五,viernes,Friday,08:00,07:00,-1h,1.0,语法,1,完成本节内容
Emma_477,班课,Rocio,L002232,2025-05-09,周五,viernes,Friday,08:00,07:00,-1h,1.0,阅读,2,完成本节内容
Grace_437,班课,Rocio,L002232,2025-05-09,周五,viernes,Friday,08:00,14:00,+6h,1.0,语法,1,完成本节内容
Crystal_362,班课,Rocio,L002232,2025-05-09,周五,viernes,Friday,08:00,14:00,+6h,1.0,阅读,8,完成本节内容
Brian_259,班课,Rocio,L002232,2025/05/09,周五,viernes,Friday,08:00,08:00,+0h,1.0,口语,11,完成本节内容
Ava_135,小组课,Rocio,L002233,05/16/2025,周五,viernes,Friday,08:00,07:00,-1h,1.67,语法,9,语法掌握一般
Emma_477,班课,Rocio,L002233,2025-05-16,周五,viernes,Friday,08:00,07:00,-1h,1.67,阅读,11,语法掌握一般
Grace_437,小组课,Rocio,L002233,2025年5月16日,周五,viernes,Friday,08:00,14:00,+6h,1.67,复习,11,语法掌握一般
Crystal_362,班课,Rocio（教务）,L002233,2025-05-16,周五,viernes,Friday,08:00,14:00,+6h,1.67,语法,10,语法掌握一般
Brian_259,小组课,Rocio,L002233,2025年5月16日,周五,viernes,Friday,08:00,11:00,+3h,1.67,语法,6,语法掌握一般
Ava135,班课,Rocio,L002234,2025/05/23,周五,viernes,Friday,08:00,07:00,-1h,1.5,阅读,11,语法掌握一般
Emma_477,小组课,Rocio,L002234,2025年5月23日,周五,viernes,Friday,08:00,07:00,-1h,1.5,口语,4,语法掌握一般
Grace_437,小组课,Rocio,L002234,2025年5月23日,周五,viernes,Friday,08:00,14:00,+6h,1.5,口语,8,语法掌握一般
Crystal_362,小组课,Rocio,L002234,2025/05/23,周五,viernes,Friday,08:00,14:00,+6h,1.5,口语,9,语法掌握一般
Brian_259,班课,Rocio,L002234,05/23/2025,周五,viernes,Friday,08:00,08:00,+0h,1.5,语法,1,语法掌握一般
Ava_135,小组课,Rocio,L002235,2025/05/30,周五,viernes,Friday,08:00,07:00,-1h,1.67,语法,8,课堂参与积极
Emma_477（教务）,班课,Rocio,L002235,2025年5月30日,周五,viernes,Friday,08:00,07:00,-1h,1.67,口语,13,课堂参与积极
Grace_437,班课,Rocio,L002235,2025/05/30,周五,viernes,Friday,08:00,17:00,+9h,1.67,语法,3,课堂参与积极
Crystal_362（教务）,班课,Rocio,L002235,2025年5月30日,周五,viernes,Friday,08:00,14:00,+6h,1.67,听力,1,课堂参与积极
Brian_259,班课,Rocio,L002235,2025/05/30,周五,viernes,Friday,08:00,08:00,+0h,1.67,复习,1,课堂参与积极
Ava_135,小组课,Rocio,L002236,2025-06-06,周五,viernes,Friday,08:00,07:00,-1h,1.0,复习,9,完成本节内容
Emma_477（教务）,班课,Rocio,L002236,2025-06-06,周五,viernes,Friday,08:00,07:00,-1h,1.0,语法,2,完成本节内容
Grace_437,班课,Rocio（教务）,L002236,2025-06-06,周五,viernes,Friday,08:00,14:00,+6h,1.0,阅读,1,完成本节内容
Crystal_362,班课,Rocio,L002236,2025-06-06,周五,viernes,Friday,08:00,14:00,+6h,1.0,阅读,4,完成本节内容
Brian259,班课,Rocio,L002236,2025-06-06,周五,viernes,Friday,08:00,09:00,+1h,1.0,口语,10,完成本节内容
Ava_135,小组课,Rocio,L002237,2025/06/13,周五,viernes,Friday,08:00,07:00,-1h,1.67,阅读,6,
Emma_477,小组课,Rocio,L002237,2025-06-13,周五,viernes,Friday,08:00,07:00,-1h,1.67,口语,10,
Grace_437,小组课,Rocio,L002237,2025-06-13,周五,viernes,Friday,08:00,14:00,+6h,1.67,口语,1,
Crystal_362,小组课,Rocio,L002237,2025-06-13,周五,viernes,Friday,08:00,15:00,+7h,1.67,语法,3,
Brian_259,班课,Rocio,L002237,2025-06-13,周五,viernes,Friday,08:00,08:00,+0h,1.67,语法,10,
Ava_135,班课,Rocio,L002238,2025/06/20,周五,viernes,Friday,08:00,07:00,-1h,1.5,口语,2,课堂参与积极
Emma477,小组课,Rocio（教务）,L002238,2025年6月20日,周五,viernes,Friday,08:00,07:00,-1h,1.5,语法,1,课堂参与积极
Grace437,小组课,Rocio（教务）,L002238,2025-06-20,周五,viernes,Friday,08:00,13:00,+5h,1.5,阅读,11,课堂参与积极
Crystal_362,小组课,Rocio（教务）,L002238,2025年6月20日,周五,viernes,Friday,08:00,14:00,+6h,1.5,口语,1,课堂参与积极
Brian_259,班课,Rocio,L002238,2025/06/20,周五,viernes,Friday,08:00,08:00,+0h,1.5,阅读,13,课堂参与积极
Ava_135（教务）,小组课,Rocio,L002239,2025/06/27,周五,viernes,Friday,08:00,07:00,-1h,1.67,阅读,4,语法掌握一般
Emma_477,班课,Rocio,L002239,2025-06-27,周五,viernes,Friday,08:00,07:00,-1h,1.67,复习,6,语法掌握一般
Grace_437,班课,Rocio,L002239,2025-06-27,周五,viernes,Friday,08:00,14:00,+6h,1.67,语法,11,语法掌握一般
Crystal_362（教务）,班课,Rocio,L002239,2025/06/27,周五,viernes,Friday,08:00,14:00,+6h,1.67,语法,13,语法掌握一般
Brian_259,班课,Rocio,L002239,2025-06-27,周五,viernes,Friday,08:00,08:00,+0h,1.67,语法,3,语法掌握一般
Ava_135,小组课,Rocio,L002240,2025-07-04,周五,viernes,Friday,08:00,07:00,-1h,1.5,复习,14,课堂参与积极
Emma_477,班课,Rocio,L002240,2025-07-04,周五,viernes,Friday,08:00,07:00,-1h,1.5,口语,2,课堂参与积极
Grace_437,班课,Rocio,L002240,2025/07/04,周五,viernes,Friday,08:00,14:00,+6h,1.5,复习,4,课堂参与积极
Crystal362,小组课,Rocio,L002240,07/04/2025,周五,viernes,Friday,08:00,14:00,+6h,1.5,阅读,10,课堂参与积极
Brian_259,小组课,Rocio（教务）,L002240,2025/07/04,周五,viernes,Friday,08:00,08:00,+0h,1.5,听力,9,课堂参与积极
Ava_135,班课,Rocio,L002241,2025年7月11日,周五,viernes,Friday,08:00,07:00,-1h,1.67,阅读,14,完成本节内容
Emma_477,班课,Rocio,L002241,2025-07-11,周五,viernes,Friday,08:00,07:00,-1h,1.67,口语,12,完成本节内容
Grace_437,班课,Rocio,L002241,2025-07-11,周五,viernes,Friday,08:00,14:00,+6h,1.67,复习,2,完成本节内容
Crystal_362,小组课,Rocio,L002241,2025-07-11,周五,viernes,Friday,08:00,14:00,+6h,1.67,口语,14,完成本节内容
Brian259,小组课,Rocio（教务）,L002241,2025-07-11,周五,viernes,Friday,08:00,08:00,+0h,1.67,口语,6,完成本节内容
Ava_135,小组课,Rocio,L002242,07/18/2025,周五,viernes,Friday,08:00,07:00,-1h,1.0,口语,4,完成本节内容
Emma_477,班课,Rocio,L002242,2025年7月18日,周五,viernes,Friday,08:00,07:00,-1h,1.0,听力,5,完成本节内容
Grace_437,班课,Rocio（教务）,L002242,2025-07-18,周五,viernes,Friday,08:00,14:00,+6h,1.0,语法,5,完成本节内容
Crystal_362,小组课,Rocio,L002242,2025-07-18,周五,viernes,Friday,08:00,14:00,+6h,1.0,语法,10,完成本节内容
Brian259,小组课,Rocio,L002242,2025年7月18日,周五,viernes,Friday,08:00,08:00,+0h,1.0,口语,12,完成本节内容
Ava_135（教务）,班课,Rocio,L002243,2025-07-25,周五,viernes,Friday,08:00,08:00,+0h,1.67,口语,1,需要加强口语练习
Emma477,班课,Rocio,L002243,2025/07/25,周五,viernes,Friday,08:00,07:00,-1h,1.67,阅读,5,需要加强口语练习
Grace_437,小组课,Rocio,L002243,2025-07-25,周五,viernes,Friday,08:00,15:00,+7h,1.67,复习,2,需要加强口语练习
Crystal_362,班课,Rocio,L002243,2025-07-25,周五,viernes,Friday,08:00,14:00,+6h,1.67,阅读,12,需要加强口语练习
Brian259,班课,Rocio（教务）,L002243,2025-07-25,周五,viernes,Friday,08:00,08:00,+0h,1.67,阅读,1,需要加强口语练习
Ava_135（教务）,小组课,Rocio,L002244,2025-08-01,周五,viernes,Friday,08:00,07:00,-1h,1.5,复习,2,课堂参与积极
Emma_477,班课,Rocio（教务）,L002244,2025-08-01,周五,viernes,Friday,08:00,08:00,+0h,1.5,阅读,7,课堂参与积极
Grace_437,小组课,Rocio,L002244,2025-08-01,周五,viernes,Friday,08:00,14:00,+6h,1.5,听力,5,课堂参与积极
Crystal_362（教务）,小组课,Rocio,L002244,2025年8月1日,周五,viernes,Friday,08:00,14:00,+6h,1.5,复习,8,课堂参与积极
Brian_259,班课,Rocio,L002244,2025-08-01,周五,viernes,Friday,08:00,08:00,+0h,1.5,复习,13,课堂参与积极
Ava_135,班课,Rocio（教务）,L002245,2025/08/08,周五,viernes,Friday,08:00,07:00,-1h,1.0,口语,7,完成本节内容
Emma_477,班课,Rocio,L002245,2025-08-08,周五,viernes,Friday,08:00,07:00,-1h,1.0,复习,9,完成本节内容
Grace_437,班课,Rocio,L002245,08/08/2025,周五,viernes,Friday,08:00,14:00,+6h,1.0,复习,8,完成本节内容
Crystal_362,小组课,Rocio,L002245,2025-08-08,周五,viernes,Friday,08:00,14:00,+6h,1.0,语法,8,完成本节内容
Brian_259,小组课,Rocio,L002245,2025-08-08,周五,viernes,Friday,08:00,07:00,-1h,1.0,口语,2,完成本节内容
Ava135,班课,Rocio,L002246,2025-08-15,周五,viernes,Friday,08:00,07:00,-1h,1.67,语法,13,课堂参与积极
Emma_477,小组课,Rocio,L002246,2025-08-15,周五,viernes,Friday,08:00,07:00,-1h,1.67,听力,10,课堂参与积极
Grace_437,班课,Rocio,L002246,2025-08-15,周五,viernes,Friday,08:00,14:00,+6h,1.67,复习,5,课堂参与积极
Crystal_362,小组课,Rocio,L002246,2025/08/15,周五,viernes,Friday,08:00,15:00,+7h,1.67,听力,6,课堂参与积极
Brian259,小组课,Rocio,L002246,2025/08/15,周五,viernes,Friday,08:00,08:00,+0h,1.67,语法,14,课堂参与积极
Ava_135,小组课,Rocio,L002247,2025-08-22,周五,viernes,Friday,08:00,08:00,+0h,1.5,口语,9,需要加强口语练习
Emma_477,班课,Rocio,L002247,2025年8月22日,周五,viernes,Friday,08:00,07:00,-1h,1.5,语法,2,需要加强口语练习
Grace_437,班课,Rocio,L002247,2025-08-22,周五,viernes,Friday,08:00,14:00,+6h,1.5,阅读,14,需要加强口语练习
Crystal_362,班课,Rocio,L002247,2025/08/22,周五,viernes,Friday,08:00,16:00,+8h,1.5,口语,11,需要加强口语练习
Brian_259,班课,Rocio,L002247,2025/08/22,周五,viernes,Friday,08:00,08:00,+0h,1.5,阅读,6,需要加强口语练习
Ava_135,班课,Rocio,L002248,08/29/2025,周五,viernes,Friday,08:00,07:00,-1h,1.67,听力,13,语法掌握一般
Emma_477,班课,Rocio,L002248,2025-08-29,周五,viernes,Friday,08:00,07:00,-1h,1.67,阅读,3,语法掌握一般
Grace_437,小组课,Rocio,L002248,2025-08-29,周五,viernes,Friday,08:00,14:00,+6h,1.67,阅读,11,语法掌握一般
Crystal_362,班课,Rocio,L002248,2025年8月29日,周五,viernes,Friday,08:00,14:00,+6h,1.67,阅读,2,语法掌握一般
Brian259,小组课,Rocio,L002248,2025年8月29日,周五,viernes,Friday,08:00,08:00,+0h,1.67,阅读,9,语法掌握一般
Ava_135,班课,Rocio,L002249,09/05/2025,周五,viernes,Friday,08:00,07:00,-1h,1.5,听力,8,课堂参与积极
Emma_477（教务）,班课,Rocio（教务）,L002249,2025/09/05,周五,viernes,Friday,08:00,07:00,-1h,1.5,听力,6,课堂参与积极
Grace_437,小组课,Rocio,L002249,09/05/2025,周五,viernes,Friday,08:00,14:00,+6h,1.5,阅读,4,课堂参与积极
Crystal_362,小组课,Rocio,L002249,2025-09-05,周五,viernes,Friday,08:00,14:00,+6h,1.5,口语,6,课堂参与积极
Brian_259,小组课,Rocio,L002249,2025/09/05,周五,viernes,Friday,08:00,09:00,+1h,1.5,语法,4,课堂参与积极
Ava_135,小组课,Rocio,L002250,09/12/2025,周五,viernes,Friday,08:00,07:00,-1h,2.0,语法,6,需要加强口语练习
Emma_477,小组课,Rocio,L002250,2025/09/12,周五,viernes,Friday,08:00,07:00,-1h,2.0,语法,11,需要加强口语练习
Grace_437,小组课,Rocio,L002250,2025/09/12,周五,viernes,Friday,08:00,14:00,+6h,2.0,阅读,1,需要加强口语练习
Crystal_362,小组课,Rocio,L002250,2025-09-12,周五,viernes,Friday,08:00,13:00,+5h,2.0,口语,6,需要加强口语练习
Brian_259,小组课,Rocio,L002250,2025年9月12日,周五,viernes,Friday,08:00,07:00,-1h,2.0,听力,6,需要加强口语练习
Ava_135（教务）,班课,Rocio,L002251,2025-09-19,周五,viernes,Friday,08:00,07:00,-1h,1.0,语法,13,语法掌握一般
Emma_477,小组课,Rocio,L002251,2025年9月19日,周五,viernes,Friday,08:00,04:00,-4h,1.0,阅读,8,语法掌握一般
Grace_437,小组课,Rocio,L002251,2025-09-19,周五,viernes,Friday,08:00,14:00,+6h,1.0,复习,1,语法掌握一般
Crystal_362,小组课,Rocio,L002251,09/19/2025,周五,viernes,Friday,08:00,13:00,+5h,1.0,听力,9,语法掌握一般
Brian_259（教务）,班课,Rocio,L002251,2025-09-19,周五,viernes,Friday,08:00,08:00,+0h,1.0,口语,7,语法掌握一般
Ava135,小组课,Rocio,L002252,2025/09/26,周五,viernes,Friday,08:00,07:00,-1h,1.0,语法,3,需要加强口语练习
Emma_477（教务）,小组课,Rocio,L002252,09/26/2025,周五,viernes,Friday,08:00,07:00,-1h,1.0,听力,13,需要加强口语练习
Grace_437,班课,Rocio,L002252,2025/09/26,周五,viernes,Friday,08:00,14:00,+6h,1.0,复习,5,需要加强口语练习
Crystal_362,小组课,Rocio,L002252,2025-09-26,周五,viernes,Friday,08:00,14:00,+6h,1.0,语法,2,需要加强口语练习
Brian_259,小组课,Rocio,L002252,2025年9月26日,周五,viernes,Friday,08:00,08:00,+0h,1.0,阅读,8,需要加强口语练习
Ava_135,小组课,Rocio,L002253,2025-10-03,周五,viernes,Friday,08:00,07:00,-1h,1.67,口语,9,完成本节内容
Emma477,班课,Rocio,L002253,2025/10/03,周五,viernes,Friday,08:00,07:00,-1h,1.67,口语,13,完成本节内容
Grace_437,班课,Rocio,L002253,2025年10月3日,周五,viernes,Friday,08:00,14:00,+6h,1.67,语法,14,完成本节内容
Crystal_362,小组课,Rocio,L002253,2025/10/03,周五,viernes,Friday,08:00,14:00,+6h,1.67,阅读,6,完成本节内容
Brian_259,班课,Rocio,L002253,2025-10-03,周五,viernes,Friday,08:00,08:00,+0h,1.67,听力,11,完成本节内容
Ava_135,小组课,Rocio,L002254,2025/10/10,周五,viernes,Friday,08:00,07:00,-1h,1.67,阅读,10,课堂参与积极
Emma_477,小组课,Rocio,L002254,2025/10/10,周五,viernes,Friday,08:00,07:00,-1h,1.67,语法,12,课堂参与积极
Grace_437,班课,Rocio,L002254,2025-10-10,周五,viernes,Friday,08:00,14:00,+6h,1.67,口语,14,课堂参与积极
Crystal_362,小组课,Rocio,L002254,10/10/2025,周五,viernes,Friday,08:00,14:00,+6h,1.67,语法,11,课堂参与积极
Brian_259,班课,Rocio,L002254,2025/10/10,周五,viernes,Friday,08:00,08:00,+0h,1.67,语法,3,课堂参与积极
Ava_135,班课,Rocio,L002255,10/17/2025,周五,viernes,Friday,08:00,08:00,+0h,1.0,复习,1,课堂参与积极
Emma477,小组课,Rocio,L002255,2025-10-17,周五,viernes,Friday,08:00,07:00,-1h,1.0,复习,7,课堂参与积极
Grace_437,小组课,Rocio,L002255,2025/10/17,周五,viernes,Friday,08:00,14:00,+6h,1.0,听力,5,课堂参与积极
Crystal_362（教务）,小组课,Rocio,L002255,2025-10-17,周五,viernes,Friday,08:00,14:00,+6h,1.0,听力,2,课堂参与积极
Brian_259,小组课,Rocio,L002255,2025年10月17日,周五,viernes,Friday,08:00,08:00,+0h,1.0,阅读,3,课堂参与积极
Ava_135,小组课,Rocio,L002256,2025-10-24,周五,viernes,Friday,08:00,07:00,-1h,2.0,口语,9,课堂参与积极
Emma_477,班课,Rocio,L002256,2025-10-24,周五,viernes,Friday,08:00,07:00,-1h,2.0,听力,8,课堂参与积极
Grace_437,班课,Rocio,L002256,2025-10-24,周五,viernes,Friday,08:00,14:00,+6h,2.0,口语,12,课堂参与积极
Crystal_362,班课,Rocio,L002256,2025-10-24,周五,viernes,Friday,08:00,14:00,+6h,2.0,复习,11,课堂参与积极
Brian_259,班课,Rocio,L002256,2025/10/24,周五,viernes,Friday,08:00,08:00,+0h,2.0,口语,9,课堂参与积极
Ava_135,班课,Rocio,L002257,10/31/2025,周五,viernes,Friday,08:00,07:00,-1h,2.0,语法,13,课堂参与积极
Emma_477,班课,Rocio,L002257,2025/10/31,周五,viernes,Friday,08:00,07:00,-1h,2.0,听力,2,课堂参与积极
Grace_437（教务）,班课,Rocio,L002257,10/31/2025,周五,viernes,Friday,08:00,16:00,+8h,2.0,复习,9,课堂参与积极
Crystal_362,小组课,Rocio,L002257,2025/10/31,周五,viernes,Friday,08:00,15:00,+7h,2.0,口语,10,课堂参与积极
Brian_259,班课,Rocio,L002257,2025-10-31,周五,viernes,Friday,08:00,08:00,+0h,2.0,口语,6,课堂参与积极
Ava_135,小组课,Rocio,L002258,2025-11-07,周五,viernes,Friday,08:00,07:00,-1h,1.0,听力,12,完成本节内容
Emma477,小组课,Rocio,L002258,11/07/2025,周五,viernes,Friday,08:00,07:00,-1h,1.0,听力,4,完成本节内容
Grace_437,班课,Rocio,L002258,11/07/2025,周五,viernes,Friday,08:00,15:00,+7h,1.0,阅读,7,完成本节内容
Crystal_362,班课,Rocio（教务）,L002258,2025-11-07,周五,viernes,Friday,08:00,15:00,+7h,1.0,阅读,11,完成本节内容
Brian259,班课,Rocio,L002258,2025-11-07,周五,viernes,Friday,08:00,08:00,+0h,1.0,口语,13,完成本节内容
Ava_135,小组课,Rocio,L002259,2025年11月14日,周五,viernes,Friday,08:00,07:00,-1h,1.5,口语,14,需要加强口语练习
Emma_477,小组课,Rocio,L002259,2025-11-14,周五,viernes,Friday,08:00,07:00,-1h,1.5,阅读,13,需要加强口语练习
Grace_437,班课,Rocio,L002259,2025/11/14,周五,viernes,Friday,08:00,12:00,+4h,1.5,语法,3,需要加强口语练习
Crystal_362,班课,Rocio（教务）,L002259,2025/11/14,周五,viernes,Friday,08:00,15:00,+7h,1.5,语法,9,需要加强口语练习
Brian259,班课,Rocio（教务）,L002259,2025/11/14,周五,viernes,Friday,08:00,08:00,+0h,1.5,口语,1,需要加强口语练习
Ava135,班课,Rocio,L002260,2025/11/21,周五,viernes,Friday,08:00,08:00,+0h,1.5,阅读,7,课堂参与积极
Emma_477,小组课,Rocio,L002260,11/21/2025,周五,viernes,Friday,08:00,07:00,-1h,1.5,口语,5,课堂参与积极
Grace_437,班课,Rocio,L002260,2025-11-21,周五,viernes,Friday,08:00,15:00,+7h,1.5,口语,13,课堂参与积极
Crystal_362,班课,Rocio,L002260,11/21/2025,周五,viernes,Friday,08:00,18:00,+10h,1.5,口语,5,课堂参与积极
Brian259,班课,Rocio,L002260,2025年11月21日,周五,viernes,Friday,08:00,08:00,+0h,1.5,听力,13,课堂参与积极
Ava_135,班课,Rocio（教务）,L002261,2025-11-28,周五,viernes,Friday,08:00,07:00,-1h,1.0,口语,2,完成本节内容
Emma477,班课,Rocio,L002261,2025-11-28,周五,viernes,Friday,08:00,07:00,-1h,1.0,口语,2,完成本节内容
Grace_437,班课,Rocio,L002261,2025年11月28日,周五,viernes,Friday,08:00,14:00,+6h,1.0,听力,13,完成本节内容
Crystal_362,班课,Rocio,L002261,2025-11-28,周五,viernes,Friday,08:00,15:00,+7h,1.0,口语,13,完成本节内容
Brian_259,班课,Rocio,L002261,2025年11月28日,周五,viernes,Friday,08:00,08:00,+0h,1.0,口语,12,完成本节内容
Ava_135,小组课,Rocio,L002262,2025/12/05,周五,viernes,Friday,08:00,07:00,-1h,1.0,听力,7,
Emma_477,班课,Rocio,L002262,2025-12-05,周五,viernes,Friday,08:00,07:00,-1h,1.0,口语,8,
Grace_437,班课,Rocio,L002262,12/05/2025,周五,viernes,Friday,08:00,15:00,+7h,1.0,口语,14,
Crystal_362,班课,Rocio（教务）,L002262,2025-12-05,周五,viernes,Friday,08:00,15:00,+7h,1.0,口语,4,
Brian_259（教务）,小组课,Rocio,L002262,2025年12月5日,周五,viernes,Friday,08:00,08:00,+0h,1.0,语法,10,
Ava_135,班课,Rocio,L002263,2025-12-12,周五,viernes,Friday,08:00,07:00,-1h,1.0,口语,13,完成本节内容
Emma_477,小组课,Rocio,L002263,2025/12/12,周五,viernes,Friday,08:00,07:00,-1h,1.0,阅读,4,完成本节内容
Grace437,班课,Rocio,L002263,2025/12/12,周五,viernes,Friday,08:00,15:00,+7h,1.0,语法,8,完成本节内容
Crystal_362,班课,Rocio,L002263,12/12/2025,周五,viernes,Friday,08:00,15:00,+7h,1.0,语法,1,完成本节内容
Brian259,小组课,Rocio,L002263,2025年12月12日,周五,viernes,Friday,08:00,08:00,+0h,1.0,口语,8,完成本节内容
Ava135,班课,Rocio,L002264,2025-12-19,周五,viernes,Friday,08:00,08:00,+0h,1.5,听力,12,完成本节内容
Emma477,班课,Rocio,L002264,2025年12月19日,周五,viernes,Friday,08:00,07:00,-1h,1.5,口语,9,完成本节内容
Grace437,班课,Rocio,L002264,2025-12-19,周五,viernes,Friday,08:00,16:00,+8h,1.5,语法,5,完成本节内容
Crystal_362,班课,Rocio,L002264,2025/12/19,周五,viernes,Friday,08:00,15:00,+7h,1.5,复习,11,完成本节内容
Brian259,班课,Rocio,L002264,12/19/2025,周五,viernes,Friday,08:00,08:00,+0h,1.5,阅读,8,完成本节内容
Ava_135,班课,Rocio,L002265,2025年12月26日,周五,viernes,Friday,08:00,07:00,-1h,1.5,阅读,10,完成本节内容
Emma_477,小组课,Rocio,L002265,2025-12-26,周五,viernes,Friday,08:00,07:00,-1h,1.5,阅读,14,完成本节内容
Grace_437,班课,Rocio,L002265,2025-12-26,周五,viernes,Friday,08:00,16:00,+8h,1.5,听力,6,完成本节内容
Crystal_362,班课,Rocio,L002265,12/26/2025,周五,viernes,Friday,08:00,15:00,+7h,1.5,口语,7,完成本节内容
Brian_259（教务）,班课,Rocio,L002265,2025-12-26,周五,viernes,Friday,08:00,08:00,+0h,1.5,口语,5,完成本节内容
Ava135,小组课,Rocio,L002266,2026/01/02,周五,viernes,Friday,08:00,07:00,-1h,1.5,语法,1,课堂参与积极
Emma_477,班课,Rocio,L002266,2026-01-02,周五,viernes,Friday,08:00,07:00,-1h,1.5,阅读,3,课堂参与积极
Grace_437（教务）,小组课,Rocio（教务）,L002266,2026-01-02,周五,viernes,Friday,08:00,15:00,+7h,1.5,复习,5,课堂参与积极
Crystal362,小组课,Rocio,L002266,2026年1月2日,周五,viernes,Friday,08:00,15:00,+7h,1.5,听力,5,课堂参与积极
Brian_259,小组课,Rocio,L002266,2026-01-02,周五,viernes,Friday,08:00,08:00,+0h,1.5,复习,9,课堂参与积极
Ava135,小组课,Rocio,L002267,2026年1月9日,周五,viernes,Friday,08:00,09:00,+1h,1.0,口语,3,课堂参与积极
Emma_477,班课,Rocio,L002267,2026/01/09,周五,viernes,Friday,08:00,07:00,-1h,1.0,语法,12,课堂参与积极
Grace_437,小组课,Rocio（教务）,L002267,2026/01/09,周五,viernes,Friday,08:00,15:00,+7h,1.0,阅读,13,课堂参与积极
Crystal_362,班课,Rocio,L002267,2026/01/09,周五,viernes,Friday,08:00,15:00,+7h,1.0,阅读,13,课堂参与积极
Brian_259,班课,Rocio,L002267,2026-01-09,周五,viernes,Friday,08:00,08:00,+0h,1.0,复习,3,课堂参与积极
Ava_135,小组课,Rocio,L002268,2026-01-16,周五,viernes,Friday,08:00,07:00,-1h,1.67,语法,5,语法掌握一般
Emma_477,小组课,Rocio,L002268,2026-01-16,周五,viernes,Friday,08:00,07:00,-1h,1.67,语法,6,语法掌握一般
Grace437,小组课,Rocio（教务）,L002268,2026-01-16,周五,viernes,Friday,08:00,15:00,+7h,1.67,口语,9,语法掌握一般
Crystal_362,小组课,Rocio,L002268,01/16/2026,周五,viernes,Friday,08:00,15:00,+7h,1.67,语法,9,语法掌握一般
Brian_259,班课,Rocio,L002268,2026年1月16日,周五,viernes,Friday,08:00,08:00,+0h,1.67,阅读,10,语法掌握一般
Ava_135,小组课,Rocio,L002269,2026-01-23,周五,viernes,Friday,08:00,07:00,-1h,1.0,口语,4,语法掌握一般
Emma_477,班课,Rocio（教务）,L002269,2026-01-23,周五,viernes,Friday,08:00,07:00,-1h,1.0,听力,13,语法掌握一般
Grace_437（教务）,小组课,Rocio,L002269,2026-01-23,周五,viernes,Friday,08:00,16:00,+8h,1.0,口语,14,语法掌握一般
Crystal_362,小组课,Rocio,L002269,2026-01-23,周五,viernes,Friday,08:00,15:00,+7h,1.0,口语,7,语法掌握一般
Brian_259（教务）,小组课,Rocio,L002269,01/23/2026,周五,viernes,Friday,08:00,08:00,+0h,1.0,语法,12,语法掌握一般
Ava_135,小组课,Rocio,L002270,2026-01-30,周五,viernes,Friday,08:00,07:00,-1h,1.0,口语,7,语法掌握一般
Emma_477,班课,Rocio,L002270,2026-01-30,周五,viernes,Friday,08:00,07:00,-1h,1.0,阅读,10,语法掌握一般
Grace437,班课,Rocio,L002270,2026-01-30,周五,viernes,Friday,08:00,15:00,+7h,1.0,听力,11,语法掌握一般
Crystal_362,小组课,Rocio,L002270,2026/01/30,周五,viernes,Friday,08:00,15:00,+7h,1.0,口语,6,语法掌握一般
Brian_259,班课,Rocio,L002270,2026年1月30日,周五,viernes,Friday,08:00,08:00,+0h,1.0,语法,11,语法掌握一般
Ava_135,小组课,Rocio,L002271,2026/02/06,周五,viernes,Friday,08:00,07:00,-1h,1.0,听力,10,课堂参与积极
Emma477,班课,Rocio,L002271,2026-02-06,周五,viernes,Friday,08:00,07:00,-1h,1.0,阅读,7,课堂参与积极
Grace_437（教务）,小组课,Rocio,L002271,2026-02-06,周五,viernes,Friday,08:00,15:00,+7h,1.0,语法,1,课堂参与积极
Crystal_362（教务）,小组课,Rocio,L002271,2026-02-06,周五,viernes,Friday,08:00,15:00,+7h,1.0,语法,14,课堂参与积极
Brian_259,班课,Rocio,L002271,2026/02/06,周五,viernes,Friday,08:00,08:00,+0h,1.0,语法,12,课堂参与积极
Ava135,小组课,Rocio,L002272,2026年2月13日,周五,viernes,Friday,08:00,07:00,-1h,1.0,口语,14,完成本节内容
Emma_477,小组课,Rocio,L002272,2026/02/13,周五,viernes,Friday,08:00,07:00,-1h,1.0,语法,12,完成本节内容
Grace_437,小组课,Rocio,L002272,2026年2月13日,周五,viernes,Friday,08:00,15:00,+7h,1.0,语法,5,完成本节内容
Crystal_362,小组课,Rocio,L002272,02/13/2026,周五,viernes,Friday,08:00,15:00,+7h,1.0,语法,7,完成本节内容
Brian259,小组课,Rocio,L002272,2026-02-13,周五,viernes,Friday,08:00,08:00,+0h,1.0,语法,12,完成本节内容
Ava135,小组课,Rocio,L002273,2026/02/20,周五,viernes,Friday,08:00,07:00,-1h,1.0,阅读,4,课堂参与积极
Emma_477,小组课,Rocio,L002273,2026年2月20日,周五,viernes,Friday,08:00,07:00,-1h,1.0,口语,12,课堂参与积极
Grace_437,小组课,Rocio（教务）,L002273,02/20/2026,周五,viernes,Friday,08:00,16:00,+8h,1.0,复习,1,课堂参与积极
Crystal_362,班课,Rocio,L002273,2026/02/20,周五,viernes,Friday,08:00,15:00,+7h,1.0,听力,14,课堂参与积极
Brian_259,小组课,Rocio,L002273,2026-02-20,周五,viernes,Friday,08:00,08:00,+0h,1.0,听力,8,课堂参与积极
Ava_135,班课,Rocio,L002274,2026-02-27,周五,viernes,Friday,08:00,07:00,-1h,1.0,口语,3,需要加强口语练习
Emma477,班课,Rocio（教务）,L002274,2026-02-27,周五,viernes,Friday,08:00,07:00,-1h,1.0,复习,12,需要加强口语练习
Grace_437,班课,Rocio,L002274,02/27/2026,周五,viernes,Friday,08:00,15:00,+7h,1.0,复习,10,需要加强口语练习
Crystal_362,班课,Rocio,L002274,2026-02-27,周五,viernes,Friday,08:00,16:00,+8h,1.0,口语,9,需要加强口语练习
Brian_259,小组课,Rocio,L002274,2026年2月27日,周五,viernes,Friday,08:00,09:00,+1h,1.0,复习,3,需要加强口语练习
Ava_135,班课,Rocio,L002275,2026/03/06,周五,viernes,Friday,08:00,07:00,-1h,1.67,语法,8,完成本节内容
Emma_477,小组课,Rocio,L002275,2026/03/06,周五,viernes,Friday,08:00,07:00,-1h,1.67,阅读,4,完成本节内容
Grace_437,小组课,Rocio,L002275,2026-03-06,周五,viernes,Friday,08:00,15:00,+7h,1.67,语法,12,完成本节内容
Crystal_362,班课,Rocio,L002275,2026-03-06,周五,viernes,Friday,08:00,15:00,+7h,1.67,语法,3,完成本节内容
Brian_259,小组课,Rocio,L002275,2026-03-06,周五,viernes,Friday,08:00,08:00,+0h,1.67,语法,5,完成本节内容
Ava135,班课,Rocio（教务）,L002276,03/13/2026,周五,viernes,Friday,08:00,07:00,-1h,1.0,阅读,1,完成本节内容
Emma477,班课,Rocio,L002276,2026-03-13,周五,viernes,Friday,08:00,07:00,-1h,1.0,听力,2,完成本节内容
Grace_437（教务）,小组课,Rocio,L002276,2026-03-13,周五,viernes,Friday,08:00,15:00,+7h,1.0,听力,7,完成本节内容
Crystal_362,小组课,Rocio,L002276,2026-03-13,周五,viernes,Friday,08:00,15:00,+7h,1.0,语法,14,完成本节内容
Brian_259（教务）,班课,Rocio,L002276,2026年3月13日,周五,viernes,Friday,08:00,08:00,+0h,1.0,听力,3,完成本节内容
Ava_135,小组课,Rocio（教务）,L002277,2026年3月20日,周五,viernes,Friday,08:00,06:00,-2h,1.0,口语,2,完成本节内容
Emma_477（教务）,班课,Rocio,L002277,2026年3月20日,周五,viernes,Friday,08:00,07:00,-1h,1.0,阅读,5,完成本节内容
Grace_437,小组课,Rocio,L002277,2026年3月20日,周五,viernes,Friday,08:00,15:00,+7h,1.0,复习,3,完成本节内容
Crystal_362,小组课,Rocio（教务）,L002277,2026/03/20,周五,viernes,Friday,08:00,15:00,+7h,1.0,口语,10,完成本节内容
Brian_259,小组课,Rocio,L002277,2026/03/20,周五,viernes,Friday,08:00,08:00,+0h,1.0,语法,11,完成本节内容
Ava_135,小组课,Rocio,L002278,2026年3月27日,周五,viernes,Friday,08:00,07:00,-1h,1.5,口语,3,
Emma_477,小组课,Rocio,L002278,03/27/2026,周五,viernes,Friday,08:00,07:00,-1h,1.5,口语,2,
Grace437,小组课,Rocio,L002278,03/27/2026,周五,viernes,Friday,08:00,15:00,+7h,1.5,阅读,7,
Crystal_362,班课,Rocio（教务）,L002278,03/27/2026,周五,viernes,Friday,08:00,15:00,+7h,1.5,口语,4,
Brian_259（教务）,小组课,Rocio,L002278,03/27/2026,周五,viernes,Friday,08:00,08:00,+0h,1.5,复习,9,
Ava_135（教务）,班课,Rocio,L002279,2026-04-03,周五,viernes,Friday,08:00,10:00,+2h,1.67,复习,6,语法掌握一般
Emma477,班课,Rocio,L002279,2026/04/03,周五,viernes,Friday,08:00,10:00,+2h,1.67,语法,11,语法掌握一般
Grace_437,小组课,Rocio,L002279,2026-04-03,周五,viernes,Friday,08:00,15:00,+7h,1.67,听力,7,语法掌握一般
Crystal362,班课,Rocio（教务）,L002279,2026-04-03,周五,viernes,Friday,08:00,14:00,+6h,1.67,语法,11,语法掌握一般
Brian_259,小组课,Rocio（教务）,L002279,2026/04/03,周五,viernes,Friday,08:00,08:00,+0h,1.67,口语,3,语法掌握一般
Ava_135,班课,Rocio,L002280,2026-04-10,周五,viernes,Friday,08:00,07:00,-1h,1.0,阅读,11,课堂参与积极
Emma_477,班课,Rocio,L002280,04/10/2026,周五,viernes,Friday,08:00,07:00,-1h,1.0,语法,10,课堂参与积极
Grace_437,小组课,Rocio,L002280,2026-04-10,周五,viernes,Friday,08:00,14:00,+6h,1.0,语法,6,课堂参与积极
Crystal362,小组课,Rocio,L002280,2026-04-10,周五,viernes,Friday,08:00,14:00,+6h,1.0,语法,12,课堂参与积极
Brian_259,小组课,Rocio,L002280,2026-04-10,周五,viernes,Friday,08:00,08:00,+0h,1.0,阅读,8,课堂参与积极
Ava135,班课,Rocio,L002281,04/17/2026,周五,viernes,Friday,08:00,08:00,+0h,1.5,复习,10,需要加强口语练习
Emma_477,班课,Rocio,L002281,2026-04-17,周五,viernes,Friday,08:00,07:00,-1h,1.5,语法,7,需要加强口语练习
Grace_437,小组课,Rocio,L002281,2026-04-17,周五,viernes,Friday,08:00,14:00,+6h,1.5,阅读,10,需要加强口语练习
Crystal_362,班课,Rocio,L002281,2026/04/17,周五,viernes,Friday,08:00,14:00,+6h,1.5,复习,9,需要加强口语练习
Brian_259,班课,Rocio,L002281,2026/04/17,周五,viernes,Friday,08:00,07:00,-1h,1.5,阅读,3,需要加强口语练习
Ava_135,小组课,Rocio,L002282,2026-04-24,周五,viernes,Friday,08:00,07:00,-1h,2.0,阅读,14,完成本节内容
Emma_477（教务）,小组课,Rocio,L002282,2026-04-24,周五,viernes,Friday,08:00,07:00,-1h,2.0,语法,11,完成本节内容
Grace_437,小组课,Rocio（教务）,L002282,2026-04-24,周五,viernes,Friday,08:00,14:00,+6h,2.0,复习,6,完成本节内容
Crystal_362（教务）,小组课,Rocio（教务）,L002282,04/24/2026,周五,viernes,Friday,08:00,14:00,+6h,2.0,复习,7,完成本节内容
Brian_259,小组课,Rocio,L002282,04/24/2026,周五,viernes,Friday,08:00,08:00,+0h,2.0,口语,4,完成本节内容
Ava_135,班课,Rocio,L002283,2026-05-01,周五,viernes,Friday,08:00,07:00,-1h,1.5,语法,14,需要加强口语练习
Emma_477,班课,Rocio,L002283,05/01/2026,周五,viernes,Friday,08:00,07:00,-1h,1.5,口语,8,需要加强口语练习
Grace_437（教务）,班课,Rocio,L002283,2026年5月1日,周五,viernes,Friday,08:00,14:00,+6h,1.5,复习,4,需要加强口语练习
Crystal_362,小组课,Rocio,L002283,2026-05-01,周五,viernes,Friday,08:00,14:00,+6h,1.5,语法,14,需要加强口语练习
Brian_259（教务）,班课,Rocio,L002283,2026/05/01,周五,viernes,Friday,08:00,08:00,+0h,1.5,语法,12,需要加强口语练习
Ava135,小组课,Rocio,L002284,2026-05-08,周五,viernes,Friday,08:00,06:00,-2h,1.5,阅读,10,完成本节内容
Emma_477,班课,Rocio,L002284,2026年5月8日,周五,viernes,Friday,08:00,07:00,-1h,1.5,听力,9,完成本节内容
Grace_437,小组课,Rocio,L002284,2026-05-08,周五,viernes,Friday,08:00,14:00,+6h,1.5,口语,8,完成本节内容
Crystal_362,班课,Rocio,L002284,2026/05/08,周五,viernes,Friday,08:00,14:00,+6h,1.5,复习,4,完成本节内容
Brian_259,小组课,Rocio,L002284,2026年5月8日,周五,viernes,Friday,08:00,08:00,+0h,1.5,口语,13,完成本节内容
Ava135,小组课,Rocio,L002285,2026/05/15,周五,viernes,Friday,08:00,07:00,-1h,1.67,听力,6,语法掌握一般
Emma_477,小组课,Rocio,L002285,2026-05-15,周五,viernes,Friday,08:00,08:00,+0h,1.67,阅读,1,语法掌握一般
Grace437,小组课,Rocio（教务）,L002285,2026年5月15日,周五,viernes,Friday,08:00,14:00,+6h,1.67,语法,3,语法掌握一般
Crystal_362（教务）,小组课,Rocio,L002285,2026-05-15,周五,viernes,Friday,08:00,14:00,+6h,1.67,口语,11,语法掌握一般
Brian_259,小组课,Rocio,L002285,05/15/2026,周五,viernes,Friday,08:00,08:00,+0h,1.67,阅读,9,语法掌握一般
Ava135,小组课,Rocio,L002286,2026年5月22日,周五,viernes,Friday,08:00,07:00,-1h,1.5,口语,9,语法掌握一般
Emma_477,班课,Rocio,L002286,05/22/2026,周五,viernes,Friday,08:00,06:00,-2h,1.5,口语,6,语法掌握一般
Grace437,班课,Rocio（教务）,L002286,2026-05-22,周五,viernes,Friday,08:00,14:00,+6h,1.5,阅读,3,语法掌握一般
Crystal362,小组课,Rocio,L002286,2026-05-22,周五,viernes,Friday,08:00,14:00,+6h,1.5,听力,2,语法掌握一般
Brian_259,小组课,Rocio,L002286,05/22/2026,周五,viernes,Friday,08:00,08:00,+0h,1.5,阅读,14,语法掌握一般
Ava135,小组课,Rocio,L002287,2026-05-29,周五,viernes,Friday,08:00,07:00,-1h,1.0,复习,2,需要加强口语练习
Emma_477,班课,Rocio,L002287,05/29/2026,周五,viernes,Friday,08:00,07:00,-1h,1.0,口语,6,需要加强口语练习
Grace437,班课,Rocio（教务）,L002287,2026/05/29,周五,viernes,Friday,08:00,14:00,+6h,1.0,阅读,2,需要加强口语练习
Crystal362,小组课,Rocio,L002287,2026/05/29,周五,viernes,Friday,08:00,14:00,+6h,1.0,复习,8,需要加强口语练习
Brian_259,班课,Rocio,L002287,2026年5月29日,周五,viernes,Friday,08:00,08:00,+0h,1.0,语法,3,需要加强口语练习
Ava_135,小组课,Rocio,L002288,2026/06/05,周五,viernes,Friday,08:00,05:00,-3h,1.0,复习,9,完成本节内容
Emma_477,小组课,Rocio（教务）,L002288,2026/06/05,周五,viernes,Friday,08:00,07:00,-1h,1.0,阅读,1,完成本节内容
Grace437,班课,Rocio,L002288,06/05/2026,周五,viernes,Friday,08:00,14:00,+6h,1.0,听力,3,完成本节内容
Crystal_362,小组课,Rocio,L002288,2026-06-05,周五,viernes,Friday,08:00,14:00,+6h,1.0,口语,1,完成本节内容
Brian_259,班课,Rocio,L002288,06/05/2026,周五,viernes,Friday,08:00,08:00,+0h,1.0,听力,3,完成本节内容
Ava_135,小组课,Rocio,L002289,2026-06-12,周五,viernes,Friday,08:00,07:00,-1h,1.5,语法,7,语法掌握一般
Emma477,小组课,Rocio（教务）,L002289,2026/06/12,周五,viernes,Friday,08:00,07:00,-1h,1.5,听力,3,语法掌握一般
Grace_437,班课,Rocio,L002289,2026-06-12,周五,viernes,Friday,08:00,14:00,+6h,1.5,听力,13,语法掌握一般
Crystal_362,班课,Rocio,L002289,2026年6月12日,周五,viernes,Friday,08:00,14:00,+6h,1.5,听力,9,语法掌握一般
Brian_259,班课,Rocio,L002289,2026-06-12,周五,viernes,Friday,08:00,08:00,+0h,1.5,语法,8,语法掌握一般
Ava_135,班课,Rocio（教务）,L002290,2026-06-19,周五,viernes,Friday,08:00,07:00,-1h,1.0,语法,12,
Emma_477（教务）,班课,Rocio（教务）,L002290,2026/06/19,周五,viernes,Friday,08:00,08:00,+0h,1.0,阅读,14,
Grace_437,班课,Rocio（教务）,L002290,2026-06-19,周五,viernes,Friday,08:00,14:00,+6h,1.0,听力,3,
Crystal362,班课,Rocio,L002290,2026/06/19,周五,viernes,Friday,08:00,14:00,+6h,1.0,阅读,6,
Brian_259,小组课,Rocio,L002290,2026-06-19,周五,viernes,Friday,08:00,08:00,+0h,1.0,口语,14,
Ava_135,小组课,Rocio,L002291,06/26/2026,周五,viernes,Friday,08:00,07:00,-1h,1.0,口语,10,语法掌握一般
Emma_477,小组课,Rocio（教务）,L002291,2026-06-26,周五,viernes,Friday,08:00,07:00,-1h,1.0,复习,11,语法掌握一般
Grace_437,小组课,Rocio,L002291,2026-06-26,周五,viernes,Friday,08:00,14:00,+6h,1.0,语法,4,语法掌握一般
Crystal_362,班课,Rocio,L002291,06/26/2026,周五,viernes,Friday,08:00,14:00,+6h,1.0,语法,14,语法掌握一般
Brian_259,小组课,Rocio,L002291,2026-06-26,周五,viernes,Friday,08:00,08:00,+0h,1.0,阅读,5,语法掌握一般
Ava135,班课,Rocio,L002292,07/03/2026,周五,viernes,Friday,08:00,07:00,-1h,1.0,阅读,4,课堂参与积极
Emma_477,小组课,Rocio,L002292,2026/07/03,周五,viernes,Friday,08:00,06:00,-2h,1.0,听力,8,课堂参与积极
Grace_437,小组课,Rocio,L002292,2026-07-03,周五,viernes,Friday,08:00,14:00,+6h,1.0,语法,10,课堂参与积极
Crystal_362,班课,Rocio,L002292,2026-07-03,周五,viernes,Friday,08:00,15:00,+7h,1.0,口语,12,课堂参与积极
Brian_259,小组课,Rocio,L002292,2026-07-03,周五,viernes,Friday,08:00,08:00,+0h,1.0,口语,5,课堂参与积极
Ava_135,小组课,Rocio,L002293,2026-07-10,周五,viernes,Friday,08:00,07:00,-1h,1.0,复习,12,课堂参与积极
Emma_477,班课,Rocio,L002293,2026/07/10,周五,viernes,Friday,08:00,07:00,-1h,1.0,语法,4,课堂参与积极
Grace437,班课,Rocio,L002293,07/10/2026,周五,viernes,Friday,08:00,15:00,+7h,1.0,阅读,13,课堂参与积极
Crystal_362,小组课,Rocio,L002293,2026-07-10,周五,viernes,Friday,08:00,15:00,+7h,1.0,语法,12,课堂参与积极
Brian_259,班课,Rocio,L002293,2026-07-10,周五,viernes,Friday,08:00,08:00,+0h,1.0,口语,6,课堂参与积极
Ava_135（教务）,小组课,Rocio,L002294,2026/07/17,周五,viernes,Friday,08:00,07:00,-1h,1.0,复习,3,语法掌握一般
Emma_477,班课,Rocio,L002294,07/17/2026,周五,viernes,Friday,08:00,07:00,-1h,1.0,听力,6,语法掌握一般
Grace_437,小组课,Rocio,L002294,2026年7月17日,周五,viernes,Friday,08:00,15:00,+7h,1.0,口语,6,语法掌握一般
Crystal_362,班课,Rocio,L002294,2026/07/17,周五,viernes,Friday,08:00,13:00,+5h,1.0,听力,2,语法掌握一般
Brian_259,班课,Rocio,L002294,2026/07/17,周五,viernes,Friday,08:00,08:00,+0h,1.0,语法,13,语法掌握一般
Ava_135（教务）,班课,Rocio,L002295,2026/07/24,周五,viernes,Friday,08:00,07:00,-1h,1.0,语法,11,语法掌握一般
Emma_477（教务）,小组课,Rocio,L002295,2026/07/24,周五,viernes,Friday,08:00,07:00,-1h,1.0,口语,12,语法掌握一般
Grace_437,小组课,Rocio,L002295,07/24/2026,周五,viernes,Friday,08:00,14:00,+6h,1.0,听力,11,语法掌握一般
Crystal_362,班课,Rocio,L002295,2026-07-24,周五,viernes,Friday,08:00,14:00,+6h,1.0,口语,5,语法掌握一般
Brian259,小组课,Rocio,L002295,2026-07-24,周五,viernes,Friday,08:00,08:00,+0h,1.0,阅读,12,语法掌握一般
Ava_135,小组课,Rocio,L002296,2026年7月31日,周五,viernes,Friday,08:00,07:00,-1h,1.67,语法,8,需要加强口语练习
Emma_477,班课,Rocio,L002296,2026/07/31,周五,viernes,Friday,08:00,07:00,-1h,1.67,听力,2,需要加强口语练习
Grace_437,班课,Rocio,L002296,2026-07-31,周五,viernes,Friday,08:00,14:00,+6h,1.67,听力,9,需要加强口语练习
Crystal_362,班课,Rocio,L002296,2026年7月31日,周五,viernes,Friday,08:00,14:00,+6h,1.67,语法,2,需要加强口语练习
Brian_259,班课,Rocio,L002296,2026-07-31,周五,viernes,Friday,08:00,08:00,+0h,1.67,语法,4,需要加强口语练习
Ava_135（教务）,小组课,Rocio,L002297,2026/08/07,周五,viernes,Friday,08:00,07:00,-1h,1.0,听力,6,语法掌握一般
Emma_477（教务）,班课,Rocio,L002297,2026年8月7日,周五,viernes,Friday,08:00,07:00,-1h,1.0,语法,4,语法掌握一般
Grace437,小组课,Rocio,L002297,2026-08-07,周五,viernes,Friday,08:00,14:00,+6h,1.0,语法,1,语法掌握一般
Crystal_362,班课,Rocio,L002297,2026-08-07,周五,viernes,Friday,08:00,14:00,+6h,1.0,听力,14,语法掌握一般
Brian_259,小组课,Rocio,L002297,08/07/2026,周五,viernes,Friday,08:00,08:00,+0h,1.0,口语,8,语法掌握一般
Ava_135,小组课,Rocio,L002298,08/14/2026,周五,viernes,Friday,08:00,06:00,-2h,1.5,复习,14,语法掌握一般
Emma_477,小组课,Rocio,L002298,2026-08-14,周五,viernes,Friday,08:00,07:00,-1h,1.5,口语,3,语法掌握一般
Grace_437（教务）,小组课,Rocio,L002298,2026-08-14,周五,viernes,Friday,08:00,14:00,+6h,1.5,复习,3,语法掌握一般
Crystal362,班课,Rocio,L002298,2026-08-14,周五,viernes,Friday,08:00,14:00,+6h,1.5,口语,5,语法掌握一般
Brian_259,班课,Rocio,L002298,08/14/2026,周五,viernes,Friday,08:00,06:00,-2h,1.5,阅读,5,语法掌握一般
Ava_135,小组课,Rocio,L002299,2026-08-21,周五,viernes,Friday,08:00,08:00,+0h,1.5,复习,8,课堂参与积极
Emma_477,班课,Rocio（教务）,L002299,08/21/2026,周五,viernes,Friday,08:00,07:00,-1h,1.5,复习,13,课堂参与积极
Grace_437,班课,Rocio,L002299,2026/08/21,周五,viernes,Friday,08:00,14:00,+6h,1.5,语法,4,课堂参与积极
Crystal_362,班课,Rocio（教务）,L002299,2026/08/21,周五,viernes,Friday,08:00,15:00,+7h,1.5,语法,13,课堂参与积极
Brian_259（教务）,班课,Rocio,L002299,2026-08-21,周五,viernes,Friday,08:00,08:00,+0h,1.5,复习,11,课堂参与积极
Ava_135,小组课,Rocio,L002300,2026-08-28,周五,viernes,Friday,08:00,07:00,-1h,1.5,听力,9,完成本节内容
Emma_477,班课,Rocio（教务）,L002300,08/28/2026,周五,viernes,Friday,08:00,07:00,-1h,1.5,口语,9,完成本节内容
Grace_437,班课,Rocio,L002300,2026/08/28,周五,viernes,Friday,08:00,14:00,+6h,1.5,语法,13,完成本节内容
Crystal_362,班课,Rocio,L002300,2026-08-28,周五,viernes,Friday,08:00,14:00,+6h,1.5,口语,13,完成本节内容
Brian259,班课,Rocio,L002300,2026/08/28,周五,viernes,Friday,08:00,09:00,+1h,1.5,语法,6,完成本节内容
Alfred_472,班课,Elena,L002301,2025年9月3日,周三,miércoles,Wednesday,08:00,16:00,+8h,1.67,语法,6,课堂参与积极
Alice_399,小组课,Elena,L002301,2025-09-03,周三,miércoles,Wednesday,08:00,08:00,+0h,1.67,口语,6,课堂参与积极
Alfred_472,班课,Elena,L002302,2025-09-10,周三,miércoles,Wednesday,08:00,13:00,+5h,1.5,阅读,11,完成本节内容
Alice_399,班课,Elena,L002302,2025年9月10日,周三,miércoles,Wednesday,08:00,07:00,-1h,1.5,听力,8,完成本节内容
Alfred_472,小组课,Elena,L002303,2025-09-17,周三,miércoles,Wednesday,08:00,16:00,+8h,1.0,阅读,10,课堂参与积极
Alice_399,班课,Elena（教务）,L002303,2025-09-17,周三,miércoles,Wednesday,08:00,08:00,+0h,1.0,复习,2,课堂参与积极
Alfred_472,班课,Elena,L002304,2025-09-24,周三,miércoles,Wednesday,08:00,16:00,+8h,1.0,复习,9,需要加强口语练习
Alice_399,小组课,Elena,L002304,09/24/2025,周三,miércoles,Wednesday,08:00,11:00,+3h,1.0,阅读,11,需要加强口语练习
Alfred472,班课,Elena,L002305,2025-10-01,周三,miércoles,Wednesday,08:00,16:00,+8h,1.0,口语,8,完成本节内容
Alice399,小组课,Elena,L002305,10/01/2025,周三,miércoles,Wednesday,08:00,07:00,-1h,1.0,复习,9,完成本节内容
Alfred_472,班课,Elena,L002306,2025年10月8日,周三,miércoles,Wednesday,08:00,17:00,+9h,2.0,听力,6,课堂参与积极
Alice_399,小组课,Elena,L002306,2025/10/08,周三,miércoles,Wednesday,08:00,08:00,+0h,2.0,口语,7,课堂参与积极
Alfred_472,班课,Elena,L002307,2025/10/15,周三,miércoles,Wednesday,08:00,14:00,+6h,1.67,口语,6,语法掌握一般
Alice_399（教务）,小组课,Elena,L002307,2025/10/15,周三,miércoles,Wednesday,08:00,08:00,+0h,1.67,口语,6,语法掌握一般
Alfred_472,班课,Elena,L002308,2025/10/22,周三,miércoles,Wednesday,08:00,18:00,+10h,1.0,阅读,14,完成本节内容
Alice_399（教务）,班课,Elena,L002308,10/22/2025,周三,miércoles,Wednesday,08:00,08:00,+0h,1.0,复习,2,完成本节内容
Alfred472,班课,Elena,L002309,2025年10月29日,周三,miércoles,Wednesday,08:00,18:00,+10h,1.0,口语,1,需要加强口语练习
Alice_399（教务）,小组课,Elena,L002309,2025-10-29,周三,miércoles,Wednesday,08:00,08:00,+0h,1.0,听力,9,需要加强口语练习
Alfred_472,班课,Elena,L002310,11/05/2025,周三,miércoles,Wednesday,08:00,18:00,+10h,1.67,口语,7,语法掌握一般
Alice_399,小组课,Elena,L002310,2025-11-05,周三,miércoles,Wednesday,08:00,08:00,+0h,1.67,语法,3,语法掌握一般
Alfred_472,小组课,Elena,L002311,2025-11-12,周三,miércoles,Wednesday,08:00,18:00,+10h,1.0,阅读,5,
Alice_399,班课,Elena,L002311,2025-11-12,周三,miércoles,Wednesday,08:00,08:00,+0h,1.0,语法,4,
Alfred472,小组课,Elena,L002312,2025/11/19,周三,miércoles,Wednesday,08:00,18:00,+10h,1.5,复习,3,语法掌握一般
Alice_399,小组课,Elena,L002312,2025-11-19,周三,miércoles,Wednesday,08:00,08:00,+0h,1.5,复习,12,语法掌握一般
Alfred_472,小组课,Elena,L002313,2025-11-26,周三,miércoles,Wednesday,08:00,18:00,+10h,1.0,阅读,4,语法掌握一般
Alice_399,小组课,Elena,L002313,2025/11/26,周三,miércoles,Wednesday,08:00,08:00,+0h,1.0,语法,5,语法掌握一般
Alfred_472（教务）,小组课,Elena,L002314,12/03/2025,周三,miércoles,Wednesday,08:00,18:00,+10h,1.5,语法,7,完成本节内容
Alice_399,小组课,Elena,L002314,2025/12/03,周三,miércoles,Wednesday,08:00,08:00,+0h,1.5,口语,12,完成本节内容
Alfred_472（教务）,小组课,Elena,L002315,2025年12月10日,周三,miércoles,Wednesday,08:00,18:00,+10h,1.67,听力,4,完成本节内容
Alice399,班课,Elena,L002315,12/10/2025,周三,miércoles,Wednesday,08:00,08:00,+0h,1.67,阅读,12,完成本节内容
Alfred_472,小组课,Elena,L002316,12/17/2025,周三,miércoles,Wednesday,08:00,18:00,+10h,1.67,听力,8,需要加强口语练习
Alice399,小组课,Elena,L002316,2025/12/17,周三,miércoles,Wednesday,08:00,08:00,+0h,1.67,语法,12,需要加强口语练习
Alfred_472,班课,Elena,L002317,2025-12-24,周三,miércoles,Wednesday,08:00,19:00,+11h,1.67,口语,4,需要加强口语练习
Alice_399,班课,Elena,L002317,2025/12/24,周三,miércoles,Wednesday,08:00,05:00,-3h,1.67,语法,10,需要加强口语练习
Alfred472,班课,Elena（教务）,L002318,2025-12-31,周三,miércoles,Wednesday,08:00,18:00,+10h,2.0,复习,1,语法掌握一般
Alice_399（教务）,班课,Elena,L002318,2025/12/31,周三,miércoles,Wednesday,08:00,08:00,+0h,2.0,阅读,7,语法掌握一般
Alfred472,小组课,Elena,L002319,2026/01/07,周三,miércoles,Wednesday,08:00,18:00,+10h,1.5,口语,4,完成本节内容
Alice_399,班课,Elena,L002319,01/07/2026,周三,miércoles,Wednesday,08:00,08:00,+0h,1.5,语法,10,完成本节内容
Alfred_472,小组课,Elena,L002320,2026-01-14,周三,miércoles,Wednesday,08:00,17:00,+9h,1.0,口语,4,
Alice_399,班课,Elena,L002320,2026-01-14,周三,miércoles,Wednesday,08:00,08:00,+0h,1.0,听力,13,
Alfred472,小组课,Elena,L002321,2026-01-21,周三,miércoles,Wednesday,08:00,18:00,+10h,1.0,语法,13,课堂参与积极
Alice_399（教务）,小组课,Elena,L002321,2026-01-21,周三,miércoles,Wednesday,08:00,08:00,+0h,1.0,语法,9,课堂参与积极
Alfred_472,小组课,Elena（教务）,L002322,2026/01/28,周三,miércoles,Wednesday,08:00,18:00,+10h,1.0,听力,1,需要加强口语练习
Alice_399,小组课,Elena,L002322,2026-01-28,周三,miércoles,Wednesday,08:00,08:00,+0h,1.0,复习,13,需要加强口语练习
Alfred_472,班课,Elena,L002323,2026-02-04,周三,miércoles,Wednesday,08:00,18:00,+10h,1.0,口语,5,
Alice_399,小组课,Elena,L002323,02/04/2026,周三,miércoles,Wednesday,08:00,08:00,+0h,1.0,听力,5,
Alfred_472,小组课,Elena,L002324,02/11/2026,周三,miércoles,Wednesday,08:00,18:00,+10h,1.0,口语,14,完成本节内容
Alice_399,班课,Elena,L002324,2026/02/11,周三,miércoles,Wednesday,08:00,08:00,+0h,1.0,听力,13,完成本节内容
Alfred_472,小组课,Elena,L002325,2026/02/18,周三,miércoles,Wednesday,08:00,18:00,+10h,1.67,复习,13,
Alice_399（教务）,小组课,Elena,L002325,2026-02-18,周三,miércoles,Wednesday,08:00,08:00,+0h,1.67,阅读,11,
Alfred_472,小组课,Elena,L002326,2026-02-25,周三,miércoles,Wednesday,08:00,18:00,+10h,1.0,复习,4,需要加强口语练习
Alice_399,小组课,Elena,L002326,2026-02-25,周三,miércoles,Wednesday,08:00,08:00,+0h,1.0,语法,4,需要加强口语练习
Alfred_472,班课,Elena,L002327,2026/03/04,周三,miércoles,Wednesday,08:00,18:00,+10h,1.0,语法,2,需要加强口语练习
Alice399,小组课,Elena（教务）,L002327,2026-03-04,周三,miércoles,Wednesday,08:00,08:00,+0h,1.0,口语,11,需要加强口语练习
Alfred_472,班课,Elena,L002328,03/11/2026,周三,miércoles,Wednesday,08:00,19:00,+11h,1.67,阅读,8,语法掌握一般
Alice_399,班课,Elena,L002328,2026-03-11,周三,miércoles,Wednesday,08:00,08:00,+0h,1.67,语法,4,语法掌握一般
Alfred_472,小组课,Elena,L002329,2026-03-18,周三,miércoles,Wednesday,08:00,18:00,+10h,1.67,口语,11,课堂参与积极
Alice_399（教务）,班课,Elena（教务）,L002329,2026-03-18,周三,miércoles,Wednesday,08:00,08:00,+0h,1.67,复习,2,课堂参与积极
Alfred472,班课,Elena,L002330,2026-03-25,周三,miércoles,Wednesday,08:00,18:00,+10h,1.0,语法,8,课堂参与积极
Alice_399,班课,Elena,L002330,2026-03-25,周三,miércoles,Wednesday,08:00,08:00,+0h,1.0,复习,10,课堂参与积极
Alfred_472,小组课,Elena,L002331,2026年4月1日,周三,miércoles,Wednesday,08:00,17:00,+9h,1.67,口语,10,语法掌握一般
Alice_399,小组课,Elena,L002331,2026-04-01,周三,miércoles,Wednesday,08:00,08:00,+0h,1.67,语法,6,语法掌握一般
Alfred_472,小组课,Elena,L002332,2026-04-08,周三,miércoles,Wednesday,08:00,17:00,+9h,2.0,口语,7,语法掌握一般
Alice_399,小组课,Elena,L002332,2026-04-08,周三,miércoles,Wednesday,08:00,08:00,+0h,2.0,语法,5,语法掌握一般
Alfred_472,小组课,Elena（教务）,L002333,2026-04-15,周三,miércoles,Wednesday,08:00,16:00,+8h,1.0,听力,13,课堂参与积极
Alice_399,小组课,Elena,L002333,2026-04-15,周三,miércoles,Wednesday,08:00,08:00,+0h,1.0,口语,7,课堂参与积极
Alfred_472,小组课,Elena,L002334,2026/04/22,周三,miércoles,Wednesday,08:00,16:00,+8h,1.0,语法,14,需要加强口语练习
Alice_399,班课,Elena,L002334,2026-04-22,周三,miércoles,Wednesday,08:00,08:00,+0h,1.0,语法,10,需要加强口语练习
Alfred_472,小组课,Elena,L002335,2026年4月29日,周三,miércoles,Wednesday,08:00,16:00,+8h,1.5,口语,14,语法掌握一般
Alice_399,班课,Elena,L002335,2026/04/29,周三,miércoles,Wednesday,08:00,08:00,+0h,1.5,语法,11,语法掌握一般
Alfred_472,小组课,Elena,L002336,2026年5月6日,周三,miércoles,Wednesday,08:00,16:00,+8h,1.0,口语,13,
Alice_399（教务）,班课,Elena,L002336,2026-05-06,周三,miércoles,Wednesday,08:00,08:00,+0h,1.0,口语,4,
Alfred_472,班课,Elena,L002337,05/13/2026,周三,miércoles,Wednesday,08:00,16:00,+8h,1.0,语法,7,课堂参与积极
Alice_399,小组课,Elena,L002337,05/13/2026,周三,miércoles,Wednesday,08:00,08:00,+0h,1.0,语法,9,课堂参与积极
Alfred_472,班课,Elena,L002338,2026/05/20,周三,miércoles,Wednesday,08:00,16:00,+8h,1.0,阅读,11,完成本节内容
Alice_399,小组课,Elena,L002338,2026-05-20,周三,miércoles,Wednesday,08:00,10:00,+2h,1.0,语法,14,完成本节内容
Alfred_472（教务）,小组课,Elena,L002339,2026/05/27,周三,miércoles,Wednesday,08:00,17:00,+9h,2.0,阅读,1,课堂参与积极
Alice_399,班课,Elena,L002339,2026-05-27,周三,miércoles,Wednesday,08:00,05:00,-3h,2.0,口语,4,课堂参与积极
Alfred_472,小组课,Elena,L002340,2026-06-03,周三,miércoles,Wednesday,08:00,16:00,+8h,1.0,复习,12,语法掌握一般
Alice_399（教务）,班课,Elena（教务）,L002340,06/03/2026,周三,miércoles,Wednesday,08:00,08:00,+0h,1.0,复习,11,语法掌握一般
Alfred_472,小组课,Elena,L002341,2026-06-10,周三,miércoles,Wednesday,08:00,16:00,+8h,1.67,口语,10,语法掌握一般
Alice_399,班课,Elena,L002341,06/10/2026,周三,miércoles,Wednesday,08:00,08:00,+0h,1.67,口语,10,语法掌握一般
Alfred472,班课,Elena,L002342,2026年6月17日,周三,miércoles,Wednesday,08:00,16:00,+8h,1.0,语法,5,完成本节内容
Alice399,小组课,Elena,L002342,2026/06/17,周三,miércoles,Wednesday,08:00,09:00,+1h,1.0,口语,14,完成本节内容
Alfred_472,小组课,Elena,L002343,2026-06-24,周三,miércoles,Wednesday,08:00,16:00,+8h,1.67,语法,7,课堂参与积极
Alice_399,小组课,Elena,L002343,2026-06-24,周三,miércoles,Wednesday,08:00,08:00,+0h,1.67,语法,4,课堂参与积极
Alfred_472,班课,Elena,L002344,2026-07-01,周三,miércoles,Wednesday,08:00,16:00,+8h,1.0,复习,1,课堂参与积极
Alice_399,班课,Elena,L002344,2026年7月1日,周三,miércoles,Wednesday,08:00,08:00,+0h,1.0,听力,9,课堂参与积极
Alfred472,班课,Elena,L002345,2026/07/08,周三,miércoles,Wednesday,08:00,16:00,+8h,1.67,语法,5,完成本节内容
Alice_399,小组课,Elena,L002345,2026-07-08,周三,miércoles,Wednesday,08:00,08:00,+0h,1.67,听力,6,完成本节内容
Alfred_472,班课,Elena,L002346,2026-07-15,周三,miércoles,Wednesday,08:00,17:00,+9h,1.0,听力,4,完成本节内容
Alice_399,小组课,Elena,L002346,2026-07-15,周三,miércoles,Wednesday,08:00,08:00,+0h,1.0,阅读,7,完成本节内容
Alfred472,班课,Elena,L002347,2026/07/22,周三,miércoles,Wednesday,08:00,15:00,+7h,1.0,复习,7,需要加强口语练习
Alice_399,小组课,Elena,L002347,2026-07-22,周三,miércoles,Wednesday,08:00,08:00,+0h,1.0,语法,8,需要加强口语练习
Alfred_472,班课,Elena,L002348,2026年7月29日,周三,miércoles,Wednesday,08:00,16:00,+8h,1.5,口语,4,课堂参与积极
Alice_399,班课,Elena,L002348,2026-07-29,周三,miércoles,Wednesday,08:00,08:00,+0h,1.5,听力,4,课堂参与积极
Alfred_472（教务）,小组课,Elena,L002349,2026/08/05,周三,miércoles,Wednesday,08:00,16:00,+8h,1.67,语法,11,课堂参与积极
Alice399,小组课,Elena,L002349,08/05/2026,周三,miércoles,Wednesday,08:00,08:00,+0h,1.67,听力,8,课堂参与积极
Alfred472,小组课,Elena,L002350,2026-08-12,周三,miércoles,Wednesday,08:00,16:00,+8h,2.0,复习,2,完成本节内容
Alice399,班课,Elena,L002350,2026-08-12,周三,miércoles,Wednesday,08:00,08:00,+0h,2.0,口语,13,完成本节内容
Alfred_472,班课,Elena,L002351,2026年8月19日,周三,miércoles,Wednesday,08:00,16:00,+8h,1.0,语法,12,完成本节内容
Alice_399,小组课,Elena,L002351,2026/08/19,周三,miércoles,Wednesday,08:00,08:00,+0h,1.0,语法,4,完成本节内容
Alfred_472,小组课,Elena,L002352,2026-08-26,周三,miércoles,Wednesday,08:00,16:00,+8h,1.0,听力,8,需要加强口语练习
Alice_399（教务）,小组课,Elena,L002352,2026-08-26,周三,miércoles,Wednesday,08:00,08:00,+0h,1.0,口语,1,需要加强口语练习
Jack_118,班课,Sandra,L002353,2025/07/21,周一,lunes,Monday,11:00,19:00,+8h,1.5,阅读,3,课堂参与积极
Brian_009,小组课,Sandra,L002353,2025-07-21,周一,lunes,Monday,11:00,10:00,-1h,1.5,阅读,4,课堂参与积极
Jack_118,小组课,Sandra,L002354,2025-07-28,周一,lunes,Monday,11:00,19:00,+8h,1.67,语法,3,完成本节内容
Brian009,班课,Sandra,L002354,2025-07-28,周一,lunes,Monday,11:00,10:00,-1h,1.67,口语,6,完成本节内容
Jack_118,小组课,Sandra,L002355,2025-08-04,周一,lunes,Monday,11:00,19:00,+8h,1.67,语法,10,需要加强口语练习
Brian_009,小组课,Sandra,L002355,2025/08/04,周一,lunes,Monday,11:00,10:00,-1h,1.67,口语,1,需要加强口语练习
Jack118,班课,Sandra,L002356,2025/08/11,周一,lunes,Monday,11:00,19:00,+8h,1.5,口语,2,语法掌握一般
Brian009,小组课,Sandra,L002356,2025/08/11,周一,lunes,Monday,11:00,10:00,-1h,1.5,语法,7,语法掌握一般
Jack_118,小组课,Sandra,L002357,2025-08-18,周一,lunes,Monday,11:00,19:00,+8h,2.0,口语,8,课堂参与积极
Brian_009,班课,Sandra,L002357,08/18/2025,周一,lunes,Monday,11:00,10:00,-1h,2.0,阅读,2,课堂参与积极
Jack_118,班课,Sandra,L002358,2025/08/25,周一,lunes,Monday,11:00,19:00,+8h,2.0,阅读,1,课堂参与积极
Brian_009（教务）,小组课,Sandra（教务）,L002358,2025-08-25,周一,lunes,Monday,11:00,10:00,-1h,2.0,听力,6,课堂参与积极
Jack_118,班课,Sandra,L002359,2025/09/01,周一,lunes,Monday,11:00,18:00,+7h,1.0,听力,9,需要加强口语练习
Brian_009,小组课,Sandra,L002359,2025-09-01,周一,lunes,Monday,11:00,10:00,-1h,1.0,听力,10,需要加强口语练习
Jack_118,小组课,Sandra,L002360,2025-09-08,周一,lunes,Monday,11:00,19:00,+8h,2.0,阅读,3,课堂参与积极
Brian_009（教务）,小组课,Sandra,L002360,09/08/2025,周一,lunes,Monday,11:00,10:00,-1h,2.0,复习,13,课堂参与积极
Jack118,小组课,Sandra（教务）,L002361,2025/09/15,周一,lunes,Monday,11:00,19:00,+8h,1.0,复习,14,语法掌握一般
Brian_009,班课,Sandra,L002361,2025-09-15,周一,lunes,Monday,11:00,10:00,-1h,1.0,听力,2,语法掌握一般
Jack_118,班课,Sandra,L002362,2025/09/22,周一,lunes,Monday,11:00,19:00,+8h,1.5,阅读,11,完成本节内容
Brian_009,班课,Sandra,L002362,2025-09-22,周一,lunes,Monday,11:00,10:00,-1h,1.5,语法,4,完成本节内容
Jack_118,班课,Sandra,L002363,2025年9月29日,周一,lunes,Monday,11:00,19:00,+8h,1.5,复习,3,
Brian_009,班课,Sandra（教务）,L002363,2025-09-29,周一,lunes,Monday,11:00,10:00,-1h,1.5,阅读,6,
Jack_118,班课,Sandra（教务）,L002364,2025/10/06,周一,lunes,Monday,11:00,20:00,+9h,1.0,口语,2,完成本节内容
Brian_009（教务）,班课,Sandra,L002364,2025/10/06,周一,lunes,Monday,11:00,10:00,-1h,1.0,语法,9,完成本节内容
Jack_118,班课,Sandra,L002365,10/13/2025,周一,lunes,Monday,11:00,20:00,+9h,2.0,语法,4,
Brian_009,班课,Sandra,L002365,2025-10-13,周一,lunes,Monday,11:00,10:00,-1h,2.0,复习,9,
Jack_118,班课,Sandra,L002366,2025-10-20,周一,lunes,Monday,11:00,20:00,+9h,1.0,听力,8,语法掌握一般
Brian_009,班课,Sandra,L002366,2025年10月20日,周一,lunes,Monday,11:00,10:00,-1h,1.0,语法,12,语法掌握一般
Jack_118,小组课,Sandra,L002367,2025-10-27,周一,lunes,Monday,11:00,22:00,+11h,1.67,语法,9,课堂参与积极
Brian_009,班课,Sandra,L002367,2025-10-27,周一,lunes,Monday,11:00,10:00,-1h,1.67,语法,4,课堂参与积极
Jack_118,班课,Sandra,L002368,11/03/2025,周一,lunes,Monday,11:00,22:00,+11h,2.0,口语,11,
Brian009,班课,Sandra,L002368,2025/11/03,周一,lunes,Monday,11:00,10:00,-1h,2.0,复习,8,
Jack_118,小组课,Sandra,L002369,2025/11/10,周一,lunes,Monday,11:00,21:00,+10h,1.67,口语,6,
Brian_009,小组课,Sandra,L002369,2025-11-10,周一,lunes,Monday,11:00,10:00,-1h,1.67,语法,8,
Jack_118（教务）,小组课,Sandra,L002370,2025-11-17,周一,lunes,Monday,11:00,21:00,+10h,1.0,阅读,5,课堂参与积极
Brian_009,小组课,Sandra（教务）,L002370,11/17/2025,周一,lunes,Monday,11:00,10:00,-1h,1.0,口语,11,课堂参与积极
Jack118,班课,Sandra,L002371,2025年11月24日,周一,lunes,Monday,11:00,21:00,+10h,1.5,口语,9,完成本节内容
Brian_009,班课,Sandra,L002371,11/24/2025,周一,lunes,Monday,11:00,10:00,-1h,1.5,听力,8,完成本节内容
Jack_118（教务）,小组课,Sandra,L002372,2025-12-01,周一,lunes,Monday,11:00,21:00,+10h,2.0,阅读,10,课堂参与积极
Brian_009,班课,Sandra,L002372,2025年12月1日,周一,lunes,Monday,11:00,10:00,-1h,2.0,语法,2,课堂参与积极
Jack_118（教务）,班课,Sandra（教务）,L002373,2025-12-08,周一,lunes,Monday,11:00,21:00,+10h,1.0,复习,5,需要加强口语练习
Brian_009,小组课,Sandra,L002373,12/08/2025,周一,lunes,Monday,11:00,10:00,-1h,1.0,听力,7,需要加强口语练习
Jack118,班课,Sandra,L002374,2025-12-15,周一,lunes,Monday,11:00,21:00,+10h,1.0,听力,2,需要加强口语练习
Brian_009,班课,Sandra,L002374,2025年12月15日,周一,lunes,Monday,11:00,10:00,-1h,1.0,口语,10,需要加强口语练习
Jack_118,班课,Sandra,L002375,2025年12月22日,周一,lunes,Monday,11:00,21:00,+10h,1.0,语法,13,课堂参与积极
Brian_009,班课,Sandra（教务）,L002375,12/22/2025,周一,lunes,Monday,11:00,10:00,-1h,1.0,复习,10,课堂参与积极
Jack_118,班课,Sandra,L002376,2025-12-29,周一,lunes,Monday,11:00,21:00,+10h,2.0,口语,10,需要加强口语练习
Brian_009,班课,Sandra,L002376,12/29/2025,周一,lunes,Monday,11:00,11:00,+0h,2.0,口语,3,需要加强口语练习
Jack118,班课,Sandra,L002377,2026-01-05,周一,lunes,Monday,11:00,21:00,+10h,2.0,口语,1,课堂参与积极
Brian_009,班课,Sandra,L002377,2026/01/05,周一,lunes,Monday,11:00,12:00,+1h,2.0,复习,6,课堂参与积极
Jack_118,小组课,Sandra,L002378,2026-01-12,周一,lunes,Monday,11:00,21:00,+10h,2.0,口语,1,
Brian_009,小组课,Sandra,L002378,2026-01-12,周一,lunes,Monday,11:00,10:00,-1h,2.0,口语,9,
Jack118,小组课,Sandra,L002379,2026-01-19,周一,lunes,Monday,11:00,21:00,+10h,1.67,口语,8,语法掌握一般
Brian_009,小组课,Sandra,L002379,2026年1月19日,周一,lunes,Monday,11:00,11:00,+0h,1.67,听力,7,语法掌握一般
Jack_118,小组课,Sandra,L002380,2026-01-26,周一,lunes,Monday,11:00,21:00,+10h,1.5,听力,14,需要加强口语练习
Brian_009,班课,Sandra,L002380,2026/01/26,周一,lunes,Monday,11:00,10:00,-1h,1.5,阅读,8,需要加强口语练习
Jack_118,班课,Sandra,L002381,2026-02-02,周一,lunes,Monday,11:00,21:00,+10h,1.67,口语,8,
Brian009,小组课,Sandra,L002381,02/02/2026,周一,lunes,Monday,11:00,10:00,-1h,1.67,语法,6,
Jack_118,小组课,Sandra,L002382,02/09/2026,周一,lunes,Monday,11:00,21:00,+10h,1.0,口语,6,完成本节内容
Brian_009,小组课,Sandra,L002382,2026-02-09,周一,lunes,Monday,11:00,10:00,-1h,1.0,语法,11,完成本节内容
Jack_118（教务）,小组课,Sandra,L002383,2026/02/16,周一,lunes,Monday,11:00,21:00,+10h,1.0,听力,6,课堂参与积极
Brian_009,小组课,Sandra,L002383,2026-02-16,周一,lunes,Monday,11:00,09:00,-2h,1.0,听力,2,课堂参与积极
Jack118,班课,Sandra,L002384,2026年2月23日,周一,lunes,Monday,11:00,21:00,+10h,1.67,语法,4,完成本节内容
Brian_009（教务）,小组课,Sandra,L002384,2026/02/23,周一,lunes,Monday,11:00,10:00,-1h,1.67,口语,6,完成本节内容
Jack_118,班课,Sandra,L002385,2026-03-02,周一,lunes,Monday,11:00,21:00,+10h,1.5,阅读,1,需要加强口语练习
Brian_009,小组课,Sandra,L002385,2026/03/02,周一,lunes,Monday,11:00,10:00,-1h,1.5,语法,10,需要加强口语练习
Jack_118,班课,Sandra,L002386,2026-03-09,周一,lunes,Monday,11:00,21:00,+10h,1.0,听力,7,
Brian009,班课,Sandra,L002386,2026-03-09,周一,lunes,Monday,11:00,10:00,-1h,1.0,听力,7,
Jack_118,班课,Sandra,L002387,2026-03-16,周一,lunes,Monday,11:00,21:00,+10h,1.67,听力,12,需要加强口语练习
Brian_009,班课,Sandra,L002387,03/16/2026,周一,lunes,Monday,11:00,10:00,-1h,1.67,口语,12,需要加强口语练习
Jack_118,小组课,Sandra,L002388,03/23/2026,周一,lunes,Monday,11:00,21:00,+10h,1.0,口语,14,语法掌握一般
Brian_009,班课,Sandra,L002388,03/23/2026,周一,lunes,Monday,11:00,10:00,-1h,1.0,语法,6,语法掌握一般
Jack_118,小组课,Sandra,L002389,2026-03-30,周一,lunes,Monday,11:00,20:00,+9h,1.5,听力,12,
Brian_009（教务）,小组课,Sandra,L002389,2026/03/30,周一,lunes,Monday,11:00,10:00,-1h,1.5,语法,12,
Jack_118,小组课,Sandra,L002390,04/06/2026,周一,lunes,Monday,11:00,19:00,+8h,1.5,语法,1,完成本节内容
Brian_009（教务）,班课,Sandra,L002390,2026-04-06,周一,lunes,Monday,11:00,10:00,-1h,1.5,口语,11,完成本节内容
Jack_118,小组课,Sandra,L002391,2026/04/13,周一,lunes,Monday,11:00,19:00,+8h,1.5,口语,13,需要加强口语练习
Brian009,班课,Sandra,L002391,2026-04-13,周一,lunes,Monday,11:00,10:00,-1h,1.5,口语,13,需要加强口语练习
Jack_118,小组课,Sandra,L002392,2026-04-20,周一,lunes,Monday,11:00,19:00,+8h,1.67,语法,11,需要加强口语练习
Brian_009,小组课,Sandra（教务）,L002392,2026-04-20,周一,lunes,Monday,11:00,11:00,+0h,1.67,听力,11,需要加强口语练习
Jack_118,班课,Sandra,L002393,2026-04-27,周一,lunes,Monday,11:00,20:00,+9h,1.0,口语,5,需要加强口语练习
Brian009,小组课,Sandra,L002393,2026-04-27,周一,lunes,Monday,11:00,10:00,-1h,1.0,阅读,3,需要加强口语练习
Jack_118,小组课,Sandra,L002394,2026-05-04,周一,lunes,Monday,11:00,19:00,+8h,1.67,复习,8,需要加强口语练习
Brian_009,班课,Sandra,L002394,2026-05-04,周一,lunes,Monday,11:00,10:00,-1h,1.67,听力,9,需要加强口语练习
Jack_118,班课,Sandra,L002395,2026年5月11日,周一,lunes,Monday,11:00,21:00,+10h,1.5,阅读,12,课堂参与积极
Brian009,小组课,Sandra,L002395,2026年5月11日,周一,lunes,Monday,11:00,10:00,-1h,1.5,听力,3,课堂参与积极
Jack118,班课,Sandra,L002396,05/18/2026,周一,lunes,Monday,11:00,19:00,+8h,1.5,语法,11,课堂参与积极
Brian_009,小组课,Sandra,L002396,2026-05-18,周一,lunes,Monday,11:00,10:00,-1h,1.5,语法,11,课堂参与积极
Jack_118,小组课,Sandra,L002397,05/25/2026,周一,lunes,Monday,11:00,19:00,+8h,1.5,口语,8,语法掌握一般
Brian_009,班课,Sandra,L002397,2026-05-25,周一,lunes,Monday,11:00,10:00,-1h,1.5,复习,6,语法掌握一般
Jack118,班课,Sandra（教务）,L002398,2026年6月1日,周一,lunes,Monday,11:00,19:00,+8h,1.0,口语,6,
Brian_009（教务）,班课,Sandra（教务）,L002398,2026-06-01,周一,lunes,Monday,11:00,10:00,-1h,1.0,口语,7,
Jack118,班课,Sandra,L002399,2026-06-08,周一,lunes,Monday,11:00,19:00,+8h,1.0,口语,14,课堂参与积极
Brian_009,小组课,Sandra,L002399,2026-06-08,周一,lunes,Monday,11:00,10:00,-1h,1.0,听力,3,课堂参与积极
Jack_118,班课,Sandra（教务）,L002400,06/15/2026,周一,lunes,Monday,11:00,19:00,+8h,1.0,口语,8,语法掌握一般
Brian_009,小组课,Sandra,L002400,2026-06-15,周一,lunes,Monday,11:00,10:00,-1h,1.0,语法,1,语法掌握一般
Jack_118（教务）,小组课,Sandra,L002401,2026-06-22,周一,lunes,Monday,11:00,19:00,+8h,2.0,口语,11,完成本节内容
Brian009,班课,Sandra,L002401,2026/06/22,周一,lunes,Monday,11:00,10:00,-1h,2.0,语法,14,完成本节内容
Jack_118,班课,Sandra（教务）,L002402,2026-06-29,周一,lunes,Monday,11:00,19:00,+8h,1.0,语法,14,语法掌握一般
Brian_009,小组课,Sandra,L002402,2026年6月29日,周一,lunes,Monday,11:00,10:00,-1h,1.0,口语,2,语法掌握一般
Jack_118,小组课,Sandra,L002403,2026-07-06,周一,lunes,Monday,11:00,20:00,+9h,1.0,语法,5,完成本节内容
Brian_009,小组课,Sandra,L002403,07/06/2026,周一,lunes,Monday,11:00,10:00,-1h,1.0,阅读,10,完成本节内容
Jack_118,小组课,Sandra,L002404,2026/07/13,周一,lunes,Monday,11:00,19:00,+8h,1.67,复习,6,
Brian_009,班课,Sandra,L002404,07/13/2026,周一,lunes,Monday,11:00,10:00,-1h,1.67,口语,11,
Jack118,班课,Sandra,L002405,2026年7月20日,周一,lunes,Monday,11:00,19:00,+8h,1.0,听力,14,
Brian_009,班课,Sandra,L002405,2026-07-20,周一,lunes,Monday,11:00,10:00,-1h,1.0,口语,1,
Jack_118,班课,Sandra,L002406,2026年7月27日,周一,lunes,Monday,11:00,20:00,+9h,1.67,口语,3,完成本节内容
Brian_009,小组课,Sandra,L002406,2026-07-27,周一,lunes,Monday,11:00,10:00,-1h,1.67,语法,2,完成本节内容
Jack_118,班课,Sandra,L002407,2026-08-03,周一,lunes,Monday,11:00,20:00,+9h,1.67,听力,2,课堂参与积极
Brian_009,小组课,Sandra,L002407,2026-08-03,周一,lunes,Monday,11:00,10:00,-1h,1.67,口语,12,课堂参与积极
Jack_118,小组课,Sandra（教务）,L002408,08/10/2026,周一,lunes,Monday,11:00,19:00,+8h,1.67,口语,11,语法掌握一般
Brian009,小组课,Sandra,L002408,2026/08/10,周一,lunes,Monday,11:00,10:00,-1h,1.67,阅读,3,语法掌握一般
Jack_118,班课,Sandra,L002409,2026/08/17,周一,lunes,Monday,11:00,19:00,+8h,1.67,听力,3,需要加强口语练习
Brian009,小组课,Sandra,L002409,2026/08/17,周一,lunes,Monday,11:00,09:00,-2h,1.67,听力,7,需要加强口语练习
Jack_118,小组课,Sandra,L002410,08/24/2026,周一,lunes,Monday,11:00,19:00,+8h,1.0,口语,11,需要加强口语练习
Brian_009,班课,Sandra,L002410,08/24/2026,周一,lunes,Monday,11:00,10:00,-1h,1.0,复习,5,需要加强口语练习
Henry_440,小组课,Sara,L002411,2025/12/18,周四,jueves,Thursday,15:00,22:00,+7h,1.0,口语,9,
Elva_313,班课,Sara,L002411,12/18/2025,周四,jueves,Thursday,15:00,01:00,+10h,1.0,阅读,10,
Lucy_156,班课,Sara,L002411,2025年12月18日,周四,jueves,Thursday,15:00,14:00,-1h,1.0,语法,6,
Ella_492,小组课,Sara,L002411,2025-12-18,周四,jueves,Thursday,15:00,09:00,-6h,1.0,语法,1,
Henry_440,班课,Sara,L002412,2025年12月25日,周四,jueves,Thursday,15:00,22:00,+7h,1.0,复习,10,完成本节内容
Elva_313,班课,Sara,L002412,2025年12月25日,周四,jueves,Thursday,15:00,02:00,+11h,1.0,语法,4,完成本节内容
Lucy_156,小组课,Sara,L002412,2025-12-25,周四,jueves,Thursday,15:00,14:00,-1h,1.0,阅读,12,完成本节内容
Ella_492,小组课,Sara,L002412,2025/12/25,周四,jueves,Thursday,15:00,09:00,-6h,1.0,语法,3,完成本节内容
Henry_440,小组课,Sara,L002413,01/01/2026,周四,jueves,Thursday,15:00,22:00,+7h,1.5,听力,3,
Elva_313,班课,Sara,L002413,01/01/2026,周四,jueves,Thursday,15:00,01:00,+10h,1.5,听力,7,
Lucy156,小组课,Sara（教务）,L002413,2026年1月1日,周四,jueves,Thursday,15:00,14:00,-1h,1.5,阅读,12,
Ella_492,班课,Sara,L002413,01/01/2026,周四,jueves,Thursday,15:00,09:00,-6h,1.5,听力,1,
Henry_440（教务）,班课,Sara,L002414,01/08/2026,周四,jueves,Thursday,15:00,22:00,+7h,1.0,语法,13,需要加强口语练习
Elva_313,班课,Sara,L002414,2026年1月8日,周四,jueves,Thursday,15:00,01:00,+10h,1.0,语法,2,需要加强口语练习
Lucy_156,班课,Sara,L002414,2026-01-08,周四,jueves,Thursday,15:00,14:00,-1h,1.0,口语,6,需要加强口语练习
Ella_492,班课,Sara,L002414,01/08/2026,周四,jueves,Thursday,15:00,09:00,-6h,1.0,阅读,10,需要加强口语练习
Henry_440,班课,Sara,L002415,01/15/2026,周四,jueves,Thursday,15:00,22:00,+7h,1.0,语法,14,
Elva313,班课,Sara,L002415,01/15/2026,周四,jueves,Thursday,15:00,00:00,+9h,1.0,口语,6,
Lucy_156（教务）,小组课,Sara,L002415,2026年1月15日,周四,jueves,Thursday,15:00,14:00,-1h,1.0,语法,8,
Ella_492,小组课,Sara,L002415,2026/01/15,周四,jueves,Thursday,15:00,09:00,-6h,1.0,口语,10,
Henry440,班课,Sara（教务）,L002416,2026-01-22,周四,jueves,Thursday,15:00,22:00,+7h,1.0,口语,1,完成本节内容
Elva_313（教务）,班课,Sara（教务）,L002416,2026年1月22日,周四,jueves,Thursday,15:00,04:00,+13h,1.0,复习,10,完成本节内容
Lucy_156,班课,Sara,L002416,2026/01/22,周四,jueves,Thursday,15:00,14:00,-1h,1.0,复习,5,完成本节内容
Ella492,小组课,Sara,L002416,01/22/2026,周四,jueves,Thursday,15:00,09:00,-6h,1.0,口语,4,完成本节内容
Henry440,班课,Sara,L002417,01/29/2026,周四,jueves,Thursday,15:00,22:00,+7h,1.5,听力,13,
Elva_313,小组课,Sara,L002417,2026-01-29,周四,jueves,Thursday,15:00,01:00,+10h,1.5,语法,1,
Lucy_156,班课,Sara,L002417,2026/01/29,周四,jueves,Thursday,15:00,14:00,-1h,1.5,阅读,10,
Ella_492,班课,Sara,L002417,2026-01-29,周四,jueves,Thursday,15:00,09:00,-6h,1.5,语法,2,
Henry_440,小组课,Sara,L002418,2026-02-05,周四,jueves,Thursday,15:00,22:00,+7h,1.0,口语,10,完成本节内容
Elva_313,班课,Sara,L002418,2026/02/05,周四,jueves,Thursday,15:00,00:00,+9h,1.0,听力,6,完成本节内容
Lucy_156,班课,Sara,L002418,2026年2月5日,周四,jueves,Thursday,15:00,13:00,-2h,1.0,口语,9,完成本节内容
Ella_492,小组课,Sara,L002418,2026/02/05,周四,jueves,Thursday,15:00,09:00,-6h,1.0,复习,13,完成本节内容
Henry440,小组课,Sara,L002419,2026/02/12,周四,jueves,Thursday,15:00,22:00,+7h,2.0,口语,6,
Elva_313,小组课,Sara,L002419,2026/02/12,周四,jueves,Thursday,15:00,01:00,+10h,2.0,语法,13,
Lucy156,小组课,Sara（教务）,L002419,2026-02-12,周四,jueves,Thursday,15:00,16:00,+1h,2.0,口语,8,
Ella492,班课,Sara,L002419,2026年2月12日,周四,jueves,Thursday,15:00,09:00,-6h,2.0,阅读,6,
Henry_440,小组课,Sara,L002420,2026-02-19,周四,jueves,Thursday,15:00,22:00,+7h,1.0,复习,6,完成本节内容
Elva_313,班课,Sara,L002420,02/19/2026,周四,jueves,Thursday,15:00,02:00,+11h,1.0,口语,6,完成本节内容
Lucy_156,小组课,Sara,L002420,2026年2月19日,周四,jueves,Thursday,15:00,14:00,-1h,1.0,听力,5,完成本节内容
Ella_492,小组课,Sara,L002420,02/19/2026,周四,jueves,Thursday,15:00,09:00,-6h,1.0,听力,9,完成本节内容
Henry_440,班课,Sara,L002421,2026/02/26,周四,jueves,Thursday,15:00,22:00,+7h,1.0,语法,14,完成本节内容
Elva_313,班课,Sara,L002421,2026年2月26日,周四,jueves,Thursday,15:00,01:00,+10h,1.0,口语,1,完成本节内容
Lucy156,班课,Sara,L002421,2026/02/26,周四,jueves,Thursday,15:00,14:00,-1h,1.0,口语,11,完成本节内容
Ella_492,小组课,Sara,L002421,2026年2月26日,周四,jueves,Thursday,15:00,09:00,-6h,1.0,口语,1,完成本节内容
Henry440,班课,Sara,L002422,2026-03-05,周四,jueves,Thursday,15:00,22:00,+7h,1.0,口语,6,课堂参与积极
Elva_313,班课,Sara,L002422,2026年3月5日,周四,jueves,Thursday,15:00,01:00,+10h,1.0,语法,14,课堂参与积极
Lucy_156,班课,Sara（教务）,L002422,2026/03/05,周四,jueves,Thursday,15:00,14:00,-1h,1.0,口语,9,课堂参与积极
Ella_492,小组课,Sara,L002422,2026-03-05,周四,jueves,Thursday,15:00,09:00,-6h,1.0,听力,8,课堂参与积极
Henry440,小组课,Sara,L002423,2026年3月12日,周四,jueves,Thursday,15:00,22:00,+7h,1.67,阅读,8,语法掌握一般
Elva_313,小组课,Sara,L002423,03/12/2026,周四,jueves,Thursday,15:00,01:00,+10h,1.67,阅读,8,语法掌握一般
Lucy156,班课,Sara,L002423,2026-03-12,周四,jueves,Thursday,15:00,15:00,+0h,1.67,复习,5,语法掌握一般
Ella_492,班课,Sara,L002423,2026年3月12日,周四,jueves,Thursday,15:00,10:00,-5h,1.67,口语,4,语法掌握一般
Henry_440,班课,Sara,L002424,2026年3月19日,周四,jueves,Thursday,15:00,23:00,+8h,1.0,语法,11,
Elva_313,小组课,Sara,L002424,2026-03-19,周四,jueves,Thursday,15:00,01:00,+10h,1.0,阅读,5,
Lucy156,小组课,Sara,L002424,2026-03-19,周四,jueves,Thursday,15:00,14:00,-1h,1.0,阅读,1,
Ella_492,小组课,Sara,L002424,2026-03-19,周四,jueves,Thursday,15:00,10:00,-5h,1.0,听力,12,
Henry_440,小组课,Sara,L002425,2026-03-26,周四,jueves,Thursday,15:00,22:00,+7h,1.0,语法,5,完成本节内容
Elva_313,小组课,Sara,L002425,2026-03-26,周四,jueves,Thursday,15:00,01:00,+10h,1.0,复习,8,完成本节内容
Lucy_156,班课,Sara,L002425,03/26/2026,周四,jueves,Thursday,15:00,14:00,-1h,1.0,复习,4,完成本节内容
Ella_492（教务）,班课,Sara,L002425,2026/03/26,周四,jueves,Thursday,15:00,10:00,-5h,1.0,听力,7,完成本节内容
Henry_440,小组课,Sara,L002426,04/02/2026,周四,jueves,Thursday,15:00,21:00,+6h,1.0,阅读,7,语法掌握一般
Elva_313,班课,Sara,L002426,2026/04/02,周四,jueves,Thursday,15:00,00:00,+9h,1.0,语法,11,语法掌握一般
Lucy_156,小组课,Sara,L002426,2026年4月2日,周四,jueves,Thursday,15:00,14:00,-1h,1.0,复习,9,语法掌握一般
Ella492,小组课,Sara,L002426,2026-04-02,周四,jueves,Thursday,15:00,09:00,-6h,1.0,阅读,10,语法掌握一般
Henry_440,班课,Sara,L002427,2026-04-09,周四,jueves,Thursday,15:00,22:00,+7h,1.0,口语,8,需要加强口语练习
Elva_313,小组课,Sara,L002427,2026/04/09,周四,jueves,Thursday,15:00,23:00,+8h,1.0,语法,7,需要加强口语练习
Lucy_156,小组课,Sara,L002427,2026年4月9日,周四,jueves,Thursday,15:00,14:00,-1h,1.0,听力,10,需要加强口语练习
Ella_492,班课,Sara,L002427,2026/04/09,周四,jueves,Thursday,15:00,09:00,-6h,1.0,语法,8,需要加强口语练习
Henry440,小组课,Sara,L002428,2026-04-16,周四,jueves,Thursday,15:00,21:00,+6h,1.0,口语,3,语法掌握一般
Elva_313（教务）,班课,Sara,L002428,2026年4月16日,周四,jueves,Thursday,15:00,22:00,+7h,1.0,口语,8,语法掌握一般
Lucy156,小组课,Sara,L002428,04/16/2026,周四,jueves,Thursday,15:00,14:00,-1h,1.0,语法,13,语法掌握一般
Ella492,班课,Sara,L002428,2026-04-16,周四,jueves,Thursday,15:00,09:00,-6h,1.0,语法,9,语法掌握一般
Henry440,班课,Sara,L002429,2026-04-23,周四,jueves,Thursday,15:00,21:00,+6h,1.0,听力,6,课堂参与积极
Elva_313,班课,Sara（教务）,L002429,2026年4月23日,周四,jueves,Thursday,15:00,23:00,+8h,1.0,复习,1,课堂参与积极
Lucy_156（教务）,小组课,Sara,L002429,04/23/2026,周四,jueves,Thursday,15:00,13:00,-2h,1.0,阅读,7,课堂参与积极
Ella_492,小组课,Sara,L002429,2026/04/23,周四,jueves,Thursday,15:00,09:00,-6h,1.0,语法,5,课堂参与积极
Henry440,班课,Sara,L002430,2026-04-30,周四,jueves,Thursday,15:00,21:00,+6h,1.0,口语,4,完成本节内容
Elva_313（教务）,小组课,Sara,L002430,2026-04-30,周四,jueves,Thursday,15:00,23:00,+8h,1.0,听力,7,完成本节内容
Lucy_156（教务）,小组课,Sara,L002430,2026/04/30,周四,jueves,Thursday,15:00,16:00,+1h,1.0,口语,8,完成本节内容
Ella492,班课,Sara,L002430,2026年4月30日,周四,jueves,Thursday,15:00,09:00,-6h,1.0,阅读,8,完成本节内容
Henry_440,班课,Sara,L002431,2026-05-07,周四,jueves,Thursday,15:00,21:00,+6h,1.0,复习,4,完成本节内容
Elva_313,小组课,Sara,L002431,2026/05/07,周四,jueves,Thursday,15:00,23:00,+8h,1.0,阅读,12,完成本节内容
Lucy_156,小组课,Sara,L002431,2026-05-07,周四,jueves,Thursday,15:00,14:00,-1h,1.0,听力,11,完成本节内容
Ella_492,班课,Sara,L002431,2026-05-07,周四,jueves,Thursday,15:00,09:00,-6h,1.0,阅读,10,完成本节内容
Henry_440,班课,Sara,L002432,2026/05/14,周四,jueves,Thursday,15:00,21:00,+6h,1.0,语法,14,需要加强口语练习
Elva_313,小组课,Sara,L002432,2026/05/14,周四,jueves,Thursday,15:00,23:00,+8h,1.0,复习,13,需要加强口语练习
Lucy156,班课,Sara,L002432,2026年5月14日,周四,jueves,Thursday,15:00,14:00,-1h,1.0,复习,14,需要加强口语练习
Ella_492,小组课,Sara,L002432,2026-05-14,周四,jueves,Thursday,15:00,09:00,-6h,1.0,阅读,4,需要加强口语练习
Henry_440,小组课,Sara,L002433,2026-05-21,周四,jueves,Thursday,15:00,21:00,+6h,1.0,复习,4,课堂参与积极
Elva_313,班课,Sara（教务）,L002433,2026/05/21,周四,jueves,Thursday,15:00,23:00,+8h,1.0,复习,9,课堂参与积极
Lucy156,小组课,Sara,L002433,2026-05-21,周四,jueves,Thursday,15:00,14:00,-1h,1.0,语法,11,课堂参与积极
Ella_492,小组课,Sara,L002433,05/21/2026,周四,jueves,Thursday,15:00,08:00,-7h,1.0,口语,6,课堂参与积极
Henry_440,班课,Sara,L002434,2026/05/28,周四,jueves,Thursday,15:00,21:00,+6h,1.0,听力,1,课堂参与积极
Elva313,班课,Sara,L002434,2026年5月28日,周四,jueves,Thursday,15:00,23:00,+8h,1.0,复习,6,课堂参与积极
Lucy_156,小组课,Sara,L002434,2026-05-28,周四,jueves,Thursday,15:00,14:00,-1h,1.0,语法,4,课堂参与积极
Ella_492,班课,Sara,L002434,2026-05-28,周四,jueves,Thursday,15:00,08:00,-7h,1.0,听力,13,课堂参与积极
Henry_440,小组课,Sara,L002435,2026-06-04,周四,jueves,Thursday,15:00,21:00,+6h,1.0,口语,4,需要加强口语练习
Elva_313（教务）,班课,Sara,L002435,2026-06-04,周四,jueves,Thursday,15:00,00:00,+9h,1.0,听力,1,需要加强口语练习
Lucy_156,小组课,Sara,L002435,2026-06-04,周四,jueves,Thursday,15:00,14:00,-1h,1.0,听力,8,需要加强口语练习
Ella_492,班课,Sara,L002435,2026-06-04,周四,jueves,Thursday,15:00,09:00,-6h,1.0,语法,2,需要加强口语练习
Henry440,班课,Sara,L002436,2026-06-11,周四,jueves,Thursday,15:00,21:00,+6h,1.0,阅读,9,完成本节内容
Elva_313（教务）,小组课,Sara（教务）,L002436,2026/06/11,周四,jueves,Thursday,15:00,23:00,+8h,1.0,语法,5,完成本节内容
Lucy156,班课,Sara,L002436,2026年6月11日,周四,jueves,Thursday,15:00,14:00,-1h,1.0,阅读,3,完成本节内容
Ella492,小组课,Sara,L002436,2026-06-11,周四,jueves,Thursday,15:00,09:00,-6h,1.0,听力,9,完成本节内容
Henry_440,小组课,Sara,L002437,2026/06/18,周四,jueves,Thursday,15:00,21:00,+6h,1.67,语法,6,语法掌握一般
Elva_313（教务）,班课,Sara,L002437,2026年6月18日,周四,jueves,Thursday,15:00,23:00,+8h,1.67,语法,14,语法掌握一般
Lucy_156,小组课,Sara,L002437,2026-06-18,周四,jueves,Thursday,15:00,14:00,-1h,1.67,阅读,5,语法掌握一般
Ella492,班课,Sara,L002437,2026-06-18,周四,jueves,Thursday,15:00,09:00,-6h,1.67,听力,12,语法掌握一般
Henry_440,小组课,Sara,L002438,2026/06/25,周四,jueves,Thursday,15:00,19:00,+4h,1.0,阅读,8,课堂参与积极
Elva_313,班课,Sara,L002438,2026-06-25,周四,jueves,Thursday,15:00,23:00,+8h,1.0,语法,1,课堂参与积极
Lucy_156,小组课,Sara,L002438,2026年6月25日,周四,jueves,Thursday,15:00,14:00,-1h,1.0,语法,4,课堂参与积极
Ella_492（教务）,班课,Sara,L002438,2026年6月25日,周四,jueves,Thursday,15:00,06:00,-9h,1.0,语法,8,课堂参与积极
Henry_440,班课,Sara,L002439,2026年7月2日,周四,jueves,Thursday,15:00,21:00,+6h,1.67,口语,12,完成本节内容
Elva_313,班课,Sara,L002439,2026年7月2日,周四,jueves,Thursday,15:00,23:00,+8h,1.67,口语,5,完成本节内容
Lucy_156,班课,Sara,L002439,2026年7月2日,周四,jueves,Thursday,15:00,14:00,-1h,1.67,语法,7,完成本节内容
Ella_492,班课,Sara,L002439,2026年7月2日,周四,jueves,Thursday,15:00,09:00,-6h,1.67,语法,1,完成本节内容
Henry440,班课,Sara,L002440,2026年7月9日,周四,jueves,Thursday,15:00,20:00,+5h,1.0,语法,3,完成本节内容
Elva313,小组课,Sara,L002440,07/09/2026,周四,jueves,Thursday,15:00,23:00,+8h,1.0,听力,5,完成本节内容
Lucy_156,班课,Sara,L002440,2026-07-09,周四,jueves,Thursday,15:00,14:00,-1h,1.0,阅读,9,完成本节内容
Ella_492,班课,Sara,L002440,07/09/2026,周四,jueves,Thursday,15:00,06:00,-9h,1.0,口语,5,完成本节内容
Henry_440,小组课,Sara（教务）,L002441,2026-07-16,周四,jueves,Thursday,15:00,21:00,+6h,1.0,语法,3,需要加强口语练习
Elva_313,班课,Sara,L002441,2026-07-16,周四,jueves,Thursday,15:00,23:00,+8h,1.0,听力,1,需要加强口语练习
Lucy156,小组课,Sara（教务）,L002441,2026年7月16日,周四,jueves,Thursday,15:00,14:00,-1h,1.0,口语,8,需要加强口语练习
Ella_492,小组课,Sara,L002441,2026-07-16,周四,jueves,Thursday,15:00,09:00,-6h,1.0,口语,1,需要加强口语练习
Henry_440,班课,Sara（教务）,L002442,2026-07-23,周四,jueves,Thursday,15:00,21:00,+6h,1.5,阅读,3,需要加强口语练习
Elva_313,班课,Sara,L002442,07/23/2026,周四,jueves,Thursday,15:00,23:00,+8h,1.5,语法,5,需要加强口语练习
Lucy156,班课,Sara,L002442,07/23/2026,周四,jueves,Thursday,15:00,14:00,-1h,1.5,口语,5,需要加强口语练习
Ella_492,班课,Sara,L002442,2026-07-23,周四,jueves,Thursday,15:00,09:00,-6h,1.5,语法,9,需要加强口语练习
Henry_440,小组课,Sara,L002443,2026-07-30,周四,jueves,Thursday,15:00,21:00,+6h,1.0,听力,6,
Elva_313,小组课,Sara,L002443,2026年7月30日,周四,jueves,Thursday,15:00,23:00,+8h,1.0,语法,2,
Lucy_156,小组课,Sara,L002443,2026-07-30,周四,jueves,Thursday,15:00,14:00,-1h,1.0,语法,13,
Ella_492,班课,Sara,L002443,2026/07/30,周四,jueves,Thursday,15:00,09:00,-6h,1.0,听力,10,
Henry_440,小组课,Sara,L002444,2026-08-06,周四,jueves,Thursday,15:00,20:00,+5h,2.0,阅读,3,完成本节内容
Elva_313,班课,Sara,L002444,2026-08-06,周四,jueves,Thursday,15:00,23:00,+8h,2.0,语法,2,完成本节内容
Lucy156,班课,Sara,L002444,2026-08-06,周四,jueves,Thursday,15:00,14:00,-1h,2.0,阅读,4,完成本节内容
Ella_492（教务）,班课,Sara,L002444,2026-08-06,周四,jueves,Thursday,15:00,09:00,-6h,2.0,听力,12,完成本节内容
Henry440,小组课,Sara,L002445,2026-08-13,周四,jueves,Thursday,15:00,21:00,+6h,1.0,复习,13,完成本节内容
Elva_313,班课,Sara,L002445,2026-08-13,周四,jueves,Thursday,15:00,23:00,+8h,1.0,口语,5,完成本节内容
Lucy156,班课,Sara,L002445,2026年8月13日,周四,jueves,Thursday,15:00,14:00,-1h,1.0,听力,5,完成本节内容
Ella_492,班课,Sara,L002445,08/13/2026,周四,jueves,Thursday,15:00,09:00,-6h,1.0,阅读,13,完成本节内容
Henry_440,小组课,Sara（教务）,L002446,2026-08-20,周四,jueves,Thursday,15:00,21:00,+6h,1.67,口语,1,完成本节内容
Elva_313,小组课,Sara,L002446,2026-08-20,周四,jueves,Thursday,15:00,23:00,+8h,1.67,口语,6,完成本节内容
Lucy_156（教务）,小组课,Sara,L002446,2026-08-20,周四,jueves,Thursday,15:00,14:00,-1h,1.67,复习,5,完成本节内容
Ella_492,班课,Sara（教务）,L002446,2026-08-20,周四,jueves,Thursday,15:00,09:00,-6h,1.67,复习,9,完成本节内容
Henry_440,班课,Sara,L002447,2026年8月27日,周四,jueves,Thursday,15:00,21:00,+6h,1.0,口语,4,需要加强口语练习
Elva_313,小组课,Sara,L002447,2026/08/27,周四,jueves,Thursday,15:00,23:00,+8h,1.0,口语,2,需要加强口语练习
Lucy_156,班课,Sara,L002447,2026-08-27,周四,jueves,Thursday,15:00,14:00,-1h,1.0,复习,14,需要加强口语练习
Ella_492,班课,Sara,L002447,08/27/2026,周四,jueves,Thursday,15:00,09:00,-6h,1.0,口语,9,需要加强口语练习
Alfred222,小组课,Anna,L002448,2025/04/10,周四,jueves,Thursday,17:00,17:00,+0h,1.0,口语,12,完成本节内容
Etta_321（教务）,小组课,Anna,L002448,2025年4月10日,周四,jueves,Thursday,17:00,17:00,+0h,1.0,阅读,11,完成本节内容
Leo_026,小组课,Anna,L002448,2025-04-10,周四,jueves,Thursday,17:00,10:00,-7h,1.0,语法,5,完成本节内容
Snow_369,班课,Anna,L002448,2025年4月10日,周四,jueves,Thursday,17:00,23:00,+6h,1.0,阅读,3,完成本节内容
Lucy056,小组课,Anna,L002448,2025-04-10,周四,jueves,Thursday,17:00,17:00,+0h,1.0,听力,13,完成本节内容
Olivia_179,小组课,Anna,L002448,2025-04-10,周四,jueves,Thursday,17:00,23:00,+6h,1.0,口语,1,完成本节内容
Alfred222,小组课,Anna,L002449,2025-04-17,周四,jueves,Thursday,17:00,17:00,+0h,1.0,复习,14,
Etta_321（教务）,班课,Anna,L002449,2025/04/17,周四,jueves,Thursday,17:00,17:00,+0h,1.0,口语,10,
Leo_026,小组课,Anna,L002449,2025/04/17,周四,jueves,Thursday,17:00,10:00,-7h,1.0,口语,12,
Snow_369,小组课,Anna,L002449,2025/04/17,周四,jueves,Thursday,17:00,23:00,+6h,1.0,阅读,3,
Lucy_056,班课,Anna,L002449,04/17/2025,周四,jueves,Thursday,17:00,17:00,+0h,1.0,复习,12,
Olivia_179,班课,Anna,L002449,2025-04-17,周四,jueves,Thursday,17:00,23:00,+6h,1.0,口语,13,
Alfred222,班课,Anna,L002450,2025-04-24,周四,jueves,Thursday,17:00,17:00,+0h,1.0,听力,4,课堂参与积极
Etta_321,小组课,Anna,L002450,2025-04-24,周四,jueves,Thursday,17:00,14:00,-3h,1.0,语法,1,课堂参与积极
Leo_026,班课,Anna,L002450,2025年4月24日,周四,jueves,Thursday,17:00,08:00,-9h,1.0,语法,5,课堂参与积极
Snow_369,小组课,Anna,L002450,04/24/2025,周四,jueves,Thursday,17:00,23:00,+6h,1.0,口语,6,课堂参与积极
Lucy_056,班课,Anna,L002450,04/24/2025,周四,jueves,Thursday,17:00,17:00,+0h,1.0,口语,5,课堂参与积极
Olivia_179,班课,Anna,L002450,2025-04-24,周四,jueves,Thursday,17:00,23:00,+6h,1.0,复习,11,课堂参与积极
Alfred_222,班课,Anna,L002451,2025-05-01,周四,jueves,Thursday,17:00,17:00,+0h,1.67,听力,1,语法掌握一般
Etta_321,班课,Anna,L002451,2025年5月1日,周四,jueves,Thursday,17:00,17:00,+0h,1.67,语法,4,语法掌握一般
Leo_026,班课,Anna（教务）,L002451,2025-05-01,周四,jueves,Thursday,17:00,08:00,-9h,1.67,复习,4,语法掌握一般
Snow_369,班课,Anna,L002451,2025-05-01,周四,jueves,Thursday,17:00,23:00,+6h,1.67,语法,11,语法掌握一般
Lucy_056,班课,Anna,L002451,2025-05-01,周四,jueves,Thursday,17:00,17:00,+0h,1.67,语法,6,语法掌握一般
Olivia_179,小组课,Anna,L002451,05/01/2025,周四,jueves,Thursday,17:00,23:00,+6h,1.67,复习,11,语法掌握一般
Alfred_222（教务）,小组课,Anna,L002452,2025-05-08,周四,jueves,Thursday,17:00,17:00,+0h,1.0,语法,14,完成本节内容
Etta_321,小组课,Anna,L002452,2025-05-08,周四,jueves,Thursday,17:00,17:00,+0h,1.0,语法,12,完成本节内容
Leo_026,小组课,Anna,L002452,2025-05-08,周四,jueves,Thursday,17:00,08:00,-9h,1.0,阅读,3,完成本节内容
Snow_369,小组课,Anna（教务）,L002452,05/08/2025,周四,jueves,Thursday,17:00,00:00,+7h,1.0,阅读,13,完成本节内容
Lucy_056,班课,Anna,L002452,05/08/2025,周四,jueves,Thursday,17:00,17:00,+0h,1.0,语法,10,完成本节内容
Olivia_179,小组课,Anna,L002452,05/08/2025,周四,jueves,Thursday,17:00,23:00,+6h,1.0,语法,8,完成本节内容
Alfred222,小组课,Anna（教务）,L002453,2025/05/15,周四,jueves,Thursday,17:00,17:00,+0h,1.0,听力,7,语法掌握一般
Etta_321,班课,Anna,L002453,2025/05/15,周四,jueves,Thursday,17:00,17:00,+0h,1.0,阅读,12,语法掌握一般
Leo_026（教务）,班课,Anna,L002453,2025/05/15,周四,jueves,Thursday,17:00,08:00,-9h,1.0,语法,10,语法掌握一般
Snow_369（教务）,班课,Anna（教务）,L002453,2025/05/15,周四,jueves,Thursday,17:00,23:00,+6h,1.0,复习,11,语法掌握一般
Lucy056,小组课,Anna,L002453,2025-05-15,周四,jueves,Thursday,17:00,17:00,+0h,1.0,阅读,6,语法掌握一般
Olivia_179（教务）,班课,Anna,L002453,2025/05/15,周四,jueves,Thursday,17:00,23:00,+6h,1.0,阅读,1,语法掌握一般
Alfred222,班课,Anna,L002454,2025/05/22,周四,jueves,Thursday,17:00,15:00,-2h,1.5,口语,13,语法掌握一般
Etta_321,班课,Anna,L002454,2025-05-22,周四,jueves,Thursday,17:00,17:00,+0h,1.5,语法,12,语法掌握一般
Leo026,班课,Anna,L002454,05/22/2025,周四,jueves,Thursday,17:00,08:00,-9h,1.5,复习,3,语法掌握一般
Snow_369,小组课,Anna（教务）,L002454,2025-05-22,周四,jueves,Thursday,17:00,23:00,+6h,1.5,语法,12,语法掌握一般
Lucy056,班课,Anna（教务）,L002454,2025-05-22,周四,jueves,Thursday,17:00,17:00,+0h,1.5,语法,1,语法掌握一般
Olivia_179,小组课,Anna,L002454,2025年5月22日,周四,jueves,Thursday,17:00,02:00,+9h,1.5,口语,10,语法掌握一般
Alfred_222,小组课,Anna,L002455,2025年5月29日,周四,jueves,Thursday,17:00,17:00,+0h,1.0,阅读,13,
Etta321,班课,Anna,L002455,2025-05-29,周四,jueves,Thursday,17:00,17:00,+0h,1.0,复习,4,
Leo_026,小组课,Anna（教务）,L002455,2025/05/29,周四,jueves,Thursday,17:00,09:00,-8h,1.0,复习,7,
Snow_369,班课,Anna,L002455,2025-05-29,周四,jueves,Thursday,17:00,23:00,+6h,1.0,语法,8,
Lucy_056,小组课,Anna,L002455,2025-05-29,周四,jueves,Thursday,17:00,17:00,+0h,1.0,语法,13,
Olivia_179,班课,Anna,L002455,2025-05-29,周四,jueves,Thursday,17:00,23:00,+6h,1.0,复习,6,
Alfred222,小组课,Anna,L002456,06/05/2025,周四,jueves,Thursday,17:00,17:00,+0h,1.0,语法,9,完成本节内容
Etta_321,小组课,Anna（教务）,L002456,2025-06-05,周四,jueves,Thursday,17:00,17:00,+0h,1.0,语法,1,完成本节内容
Leo_026,小组课,Anna,L002456,2025-06-05,周四,jueves,Thursday,17:00,08:00,-9h,1.0,口语,6,完成本节内容
Snow_369,班课,Anna,L002456,2025-06-05,周四,jueves,Thursday,17:00,23:00,+6h,1.0,口语,13,完成本节内容
Lucy_056（教务）,小组课,Anna,L002456,06/05/2025,周四,jueves,Thursday,17:00,16:00,-1h,1.0,语法,5,完成本节内容
Olivia_179,班课,Anna,L002456,2025-06-05,周四,jueves,Thursday,17:00,22:00,+5h,1.0,语法,12,完成本节内容
Alfred_222（教务）,小组课,Anna,L002457,2025年6月12日,周四,jueves,Thursday,17:00,17:00,+0h,1.67,语法,10,
Etta_321,班课,Anna（教务）,L002457,2025/06/12,周四,jueves,Thursday,17:00,17:00,+0h,1.67,阅读,5,
Leo_026,小组课,Anna,L002457,06/12/2025,周四,jueves,Thursday,17:00,08:00,-9h,1.67,阅读,10,
Snow_369,小组课,Anna,L002457,2025年6月12日,周四,jueves,Thursday,17:00,23:00,+6h,1.67,口语,3,
Lucy_056,小组课,Anna,L002457,2025年6月12日,周四,jueves,Thursday,17:00,18:00,+1h,1.67,语法,3,
Olivia179,班课,Anna,L002457,2025/06/12,周四,jueves,Thursday,17:00,00:00,+7h,1.67,口语,5,
Alfred_222（教务）,班课,Anna,L002458,2025/06/19,周四,jueves,Thursday,17:00,17:00,+0h,2.0,听力,10,完成本节内容
Etta_321,班课,Anna,L002458,2025-06-19,周四,jueves,Thursday,17:00,16:00,-1h,2.0,语法,5,完成本节内容
Leo_026,小组课,Anna（教务）,L002458,2025/06/19,周四,jueves,Thursday,17:00,08:00,-9h,2.0,口语,8,完成本节内容
Snow_369,小组课,Anna,L002458,2025年6月19日,周四,jueves,Thursday,17:00,23:00,+6h,2.0,听力,9,完成本节内容
Lucy056,小组课,Anna,L002458,2025/06/19,周四,jueves,Thursday,17:00,17:00,+0h,2.0,阅读,10,完成本节内容
Olivia_179,班课,Anna,L002458,2025-06-19,周四,jueves,Thursday,17:00,23:00,+6h,2.0,口语,13,完成本节内容
Alfred_222,班课,Anna（教务）,L002459,2025年6月26日,周四,jueves,Thursday,17:00,16:00,-1h,1.0,语法,12,完成本节内容
Etta_321,班课,Anna,L002459,2025-06-26,周四,jueves,Thursday,17:00,17:00,+0h,1.0,阅读,9,完成本节内容
Leo_026,小组课,Anna,L002459,2025/06/26,周四,jueves,Thursday,17:00,08:00,-9h,1.0,复习,3,完成本节内容
Snow_369,班课,Anna,L002459,2025/06/26,周四,jueves,Thursday,17:00,23:00,+6h,1.0,复习,6,完成本节内容
Lucy_056,小组课,Anna,L002459,2025/06/26,周四,jueves,Thursday,17:00,17:00,+0h,1.0,语法,12,完成本节内容
Olivia_179,小组课,Anna,L002459,2025-06-26,周四,jueves,Thursday,17:00,23:00,+6h,1.0,口语,13,完成本节内容
Alfred_222,班课,Anna,L002460,2025-07-03,周四,jueves,Thursday,17:00,17:00,+0h,1.0,阅读,7,语法掌握一般
Etta_321（教务）,班课,Anna,L002460,2025-07-03,周四,jueves,Thursday,17:00,17:00,+0h,1.0,阅读,12,语法掌握一般
Leo026,小组课,Anna,L002460,07/03/2025,周四,jueves,Thursday,17:00,08:00,-9h,1.0,听力,5,语法掌握一般
Snow_369,小组课,Anna,L002460,2025/07/03,周四,jueves,Thursday,17:00,23:00,+6h,1.0,口语,6,语法掌握一般
Lucy_056,班课,Anna,L002460,2025/07/03,周四,jueves,Thursday,17:00,18:00,+1h,1.0,语法,3,语法掌握一般
Olivia179,班课,Anna,L002460,2025/07/03,周四,jueves,Thursday,17:00,23:00,+6h,1.0,阅读,12,语法掌握一般
Alfred222,班课,Anna,L002461,2025年7月10日,周四,jueves,Thursday,17:00,17:00,+0h,1.0,语法,1,完成本节内容
Etta321,班课,Anna,L002461,2025-07-10,周四,jueves,Thursday,17:00,17:00,+0h,1.0,语法,6,完成本节内容
Leo_026,小组课,Anna,L002461,2025/07/10,周四,jueves,Thursday,17:00,09:00,-8h,1.0,语法,14,完成本节内容
Snow_369,班课,Anna,L002461,2025/07/10,周四,jueves,Thursday,17:00,23:00,+6h,1.0,复习,11,完成本节内容
Lucy_056,小组课,Anna,L002461,2025年7月10日,周四,jueves,Thursday,17:00,17:00,+0h,1.0,听力,4,完成本节内容
Olivia179,小组课,Anna,L002461,2025-07-10,周四,jueves,Thursday,17:00,23:00,+6h,1.0,阅读,9,完成本节内容
Alfred_222,小组课,Anna,L002462,2025-07-17,周四,jueves,Thursday,17:00,17:00,+0h,1.5,语法,1,需要加强口语练习
Etta_321,小组课,Anna,L002462,2025-07-17,周四,jueves,Thursday,17:00,18:00,+1h,1.5,听力,5,需要加强口语练习
Leo_026,班课,Anna,L002462,2025/07/17,周四,jueves,Thursday,17:00,08:00,-9h,1.5,听力,13,需要加强口语练习
Snow_369,班课,Anna,L002462,2025/07/17,周四,jueves,Thursday,17:00,23:00,+6h,1.5,复习,5,需要加强口语练习
Lucy_056,班课,Anna,L002462,2025/07/17,周四,jueves,Thursday,17:00,17:00,+0h,1.5,语法,8,需要加强口语练习
Olivia_179,班课,Anna,L002462,2025-07-17,周四,jueves,Thursday,17:00,23:00,+6h,1.5,口语,2,需要加强口语练习
Alfred_222,小组课,Anna,L002463,2025-07-24,周四,jueves,Thursday,17:00,18:00,+1h,1.5,口语,1,
Etta_321,班课,Anna,L002463,07/24/2025,周四,jueves,Thursday,17:00,18:00,+1h,1.5,阅读,13,
Leo_026,班课,Anna,L002463,07/24/2025,周四,jueves,Thursday,17:00,08:00,-9h,1.5,阅读,8,
Snow_369,班课,Anna,L002463,07/24/2025,周四,jueves,Thursday,17:00,23:00,+6h,1.5,语法,7,
Lucy_056,班课,Anna,L002463,2025-07-24,周四,jueves,Thursday,17:00,17:00,+0h,1.5,复习,9,
Olivia_179,班课,Anna,L002463,2025/07/24,周四,jueves,Thursday,17:00,23:00,+6h,1.5,语法,4,
Alfred_222,班课,Anna,L002464,2025/07/31,周四,jueves,Thursday,17:00,17:00,+0h,1.0,口语,4,完成本节内容
Etta_321,班课,Anna,L002464,2025/07/31,周四,jueves,Thursday,17:00,17:00,+0h,1.0,阅读,6,完成本节内容
Leo_026,班课,Anna,L002464,2025年7月31日,周四,jueves,Thursday,17:00,08:00,-9h,1.0,语法,4,完成本节内容
Snow369,小组课,Anna,L002464,07/31/2025,周四,jueves,Thursday,17:00,23:00,+6h,1.0,口语,8,完成本节内容
Lucy_056（教务）,班课,Anna,L002464,07/31/2025,周四,jueves,Thursday,17:00,17:00,+0h,1.0,阅读,14,完成本节内容
Olivia_179,班课,Anna,L002464,07/31/2025,周四,jueves,Thursday,17:00,23:00,+6h,1.0,语法,10,完成本节内容
Alfred_222,小组课,Anna,L002465,2025-08-07,周四,jueves,Thursday,17:00,17:00,+0h,1.67,语法,1,需要加强口语练习
Etta_321,班课,Anna（教务）,L002465,2025-08-07,周四,jueves,Thursday,17:00,17:00,+0h,1.67,听力,3,需要加强口语练习
Leo026,小组课,Anna,L002465,2025-08-07,周四,jueves,Thursday,17:00,08:00,-9h,1.67,口语,12,需要加强口语练习
Snow_369,班课,Anna,L002465,08/07/2025,周四,jueves,Thursday,17:00,23:00,+6h,1.67,阅读,6,需要加强口语练习
Lucy_056,小组课,Anna,L002465,2025/08/07,周四,jueves,Thursday,17:00,18:00,+1h,1.67,听力,8,需要加强口语练习
Olivia_179,小组课,Anna,L002465,2025/08/07,周四,jueves,Thursday,17:00,23:00,+6h,1.67,口语,10,需要加强口语练习
Alfred_222（教务）,小组课,Anna,L002466,2025-08-14,周四,jueves,Thursday,17:00,17:00,+0h,1.67,听力,1,课堂参与积极
Etta_321（教务）,小组课,Anna,L002466,2025-08-14,周四,jueves,Thursday,17:00,17:00,+0h,1.67,复习,7,课堂参与积极
Leo_026,班课,Anna,L002466,2025-08-14,周四,jueves,Thursday,17:00,08:00,-9h,1.67,口语,5,课堂参与积极
Snow_369,班课,Anna,L002466,2025-08-14,周四,jueves,Thursday,17:00,23:00,+6h,1.67,口语,2,课堂参与积极
Lucy_056,班课,Anna,L002466,08/14/2025,周四,jueves,Thursday,17:00,17:00,+0h,1.67,听力,7,课堂参与积极
Olivia_179,小组课,Anna,L002466,2025-08-14,周四,jueves,Thursday,17:00,23:00,+6h,1.67,听力,10,课堂参与积极
Alfred_222,小组课,Anna,L002467,2025-08-21,周四,jueves,Thursday,17:00,16:00,-1h,1.0,口语,9,完成本节内容
Etta_321,班课,Anna,L002467,08/21/2025,周四,jueves,Thursday,17:00,16:00,-1h,1.0,口语,4,完成本节内容
Leo_026,小组课,Anna,L002467,2025-08-21,周四,jueves,Thursday,17:00,08:00,-9h,1.0,复习,11,完成本节内容
Snow_369,班课,Anna,L002467,08/21/2025,周四,jueves,Thursday,17:00,23:00,+6h,1.0,语法,1,完成本节内容
Lucy_056,小组课,Anna,L002467,08/21/2025,周四,jueves,Thursday,17:00,17:00,+0h,1.0,复习,14,完成本节内容
Olivia179,班课,Anna,L002467,2025/08/21,周四,jueves,Thursday,17:00,00:00,+7h,1.0,语法,14,完成本节内容
Alfred_222,班课,Anna,L002468,08/28/2025,周四,jueves,Thursday,17:00,17:00,+0h,1.5,听力,6,课堂参与积极
Etta321,小组课,Anna,L002468,08/28/2025,周四,jueves,Thursday,17:00,19:00,+2h,1.5,口语,4,课堂参与积极
Leo_026,班课,Anna,L002468,2025-08-28,周四,jueves,Thursday,17:00,08:00,-9h,1.5,语法,11,课堂参与积极
Snow_369,班课,Anna,L002468,08/28/2025,周四,jueves,Thursday,17:00,23:00,+6h,1.5,复习,12,课堂参与积极
Lucy_056,班课,Anna,L002468,2025年8月28日,周四,jueves,Thursday,17:00,17:00,+0h,1.5,听力,7,课堂参与积极
Olivia_179,班课,Anna,L002468,2025-08-28,周四,jueves,Thursday,17:00,23:00,+6h,1.5,阅读,6,课堂参与积极
Alfred_222,小组课,Anna,L002469,2025-09-04,周四,jueves,Thursday,17:00,17:00,+0h,1.0,阅读,14,完成本节内容
Etta_321,班课,Anna,L002469,2025年9月4日,周四,jueves,Thursday,17:00,18:00,+1h,1.0,听力,10,完成本节内容
Leo026,小组课,Anna,L002469,2025-09-04,周四,jueves,Thursday,17:00,08:00,-9h,1.0,复习,12,完成本节内容
Snow_369,班课,Anna,L002469,2025-09-04,周四,jueves,Thursday,17:00,23:00,+6h,1.0,听力,6,完成本节内容
Lucy_056,班课,Anna,L002469,09/04/2025,周四,jueves,Thursday,17:00,17:00,+0h,1.0,口语,2,完成本节内容
Olivia_179,小组课,Anna,L002469,2025/09/04,周四,jueves,Thursday,17:00,23:00,+6h,1.0,听力,5,完成本节内容
Alfred_222（教务）,班课,Anna（教务）,L002470,2025/09/11,周四,jueves,Thursday,17:00,17:00,+0h,2.0,口语,9,需要加强口语练习
Etta321,小组课,Anna,L002470,2025-09-11,周四,jueves,Thursday,17:00,17:00,+0h,2.0,阅读,7,需要加强口语练习
Leo026,小组课,Anna,L002470,2025/09/11,周四,jueves,Thursday,17:00,08:00,-9h,2.0,复习,14,需要加强口语练习
Snow369,班课,Anna,L002470,2025-09-11,周四,jueves,Thursday,17:00,23:00,+6h,2.0,语法,8,需要加强口语练习
Lucy_056,小组课,Anna（教务）,L002470,2025-09-11,周四,jueves,Thursday,17:00,17:00,+0h,2.0,语法,2,需要加强口语练习
Olivia_179,班课,Anna,L002470,2025/09/11,周四,jueves,Thursday,17:00,23:00,+6h,2.0,听力,12,需要加强口语练习
Alfred222,班课,Anna,L002471,2025-09-18,周四,jueves,Thursday,17:00,17:00,+0h,1.0,阅读,11,课堂参与积极
Etta_321,班课,Anna,L002471,2025-09-18,周四,jueves,Thursday,17:00,17:00,+0h,1.0,语法,5,课堂参与积极
Leo026,班课,Anna,L002471,2025-09-18,周四,jueves,Thursday,17:00,08:00,-9h,1.0,口语,2,课堂参与积极
Snow_369,班课,Anna（教务）,L002471,2025-09-18,周四,jueves,Thursday,17:00,23:00,+6h,1.0,听力,11,课堂参与积极
Lucy_056（教务）,班课,Anna（教务）,L002471,09/18/2025,周四,jueves,Thursday,17:00,17:00,+0h,1.0,听力,10,课堂参与积极
Olivia_179,班课,Anna,L002471,2025/09/18,周四,jueves,Thursday,17:00,23:00,+6h,1.0,复习,1,课堂参与积极
Alfred_222,班课,Anna,L002472,2025-09-25,周四,jueves,Thursday,17:00,17:00,+0h,1.0,阅读,9,完成本节内容
Etta_321,班课,Anna,L002472,2025年9月25日,周四,jueves,Thursday,17:00,17:00,+0h,1.0,语法,1,完成本节内容
Leo026,小组课,Anna,L002472,2025年9月25日,周四,jueves,Thursday,17:00,08:00,-9h,1.0,复习,5,完成本节内容
Snow_369,班课,Anna,L002472,2025-09-25,周四,jueves,Thursday,17:00,23:00,+6h,1.0,复习,5,完成本节内容
Lucy056,小组课,Anna（教务）,L002472,2025-09-25,周四,jueves,Thursday,17:00,17:00,+0h,1.0,口语,6,完成本节内容
Olivia_179（教务）,班课,Anna,L002472,2025-09-25,周四,jueves,Thursday,17:00,23:00,+6h,1.0,口语,14,完成本节内容
Alfred_222,班课,Anna,L002473,10/02/2025,周四,jueves,Thursday,17:00,17:00,+0h,1.67,听力,5,完成本节内容
Etta_321,班课,Anna,L002473,10/02/2025,周四,jueves,Thursday,17:00,15:00,-2h,1.67,口语,1,完成本节内容
Leo_026（教务）,小组课,Anna,L002473,2025/10/02,周四,jueves,Thursday,17:00,08:00,-9h,1.67,语法,11,完成本节内容
Snow_369,班课,Anna,L002473,10/02/2025,周四,jueves,Thursday,17:00,23:00,+6h,1.67,阅读,8,完成本节内容
Lucy_056,小组课,Anna（教务）,L002473,2025/10/02,周四,jueves,Thursday,17:00,17:00,+0h,1.67,听力,12,完成本节内容
Olivia_179,小组课,Anna,L002473,2025-10-02,周四,jueves,Thursday,17:00,23:00,+6h,1.67,语法,4,完成本节内容
Alfred_222,小组课,Anna,L002474,10/09/2025,周四,jueves,Thursday,17:00,17:00,+0h,1.0,复习,7,课堂参与积极
Etta_321（教务）,小组课,Anna,L002474,2025-10-09,周四,jueves,Thursday,17:00,17:00,+0h,1.0,复习,8,课堂参与积极
Leo026,班课,Anna,L002474,2025-10-09,周四,jueves,Thursday,17:00,08:00,-9h,1.0,复习,14,课堂参与积极
Snow_369,小组课,Anna,L002474,2025/10/09,周四,jueves,Thursday,17:00,23:00,+6h,1.0,复习,8,课堂参与积极
Lucy_056,小组课,Anna,L002474,10/09/2025,周四,jueves,Thursday,17:00,17:00,+0h,1.0,复习,6,课堂参与积极
Olivia179,小组课,Anna（教务）,L002474,2025-10-09,周四,jueves,Thursday,17:00,23:00,+6h,1.0,口语,13,课堂参与积极
Alfred_222,班课,Anna,L002475,2025/10/16,周四,jueves,Thursday,17:00,17:00,+0h,1.67,复习,3,语法掌握一般
Etta_321,小组课,Anna（教务）,L002475,10/16/2025,周四,jueves,Thursday,17:00,17:00,+0h,1.67,语法,11,语法掌握一般
Leo_026,班课,Anna,L002475,2025-10-16,周四,jueves,Thursday,17:00,08:00,-9h,1.67,阅读,10,语法掌握一般
Snow_369（教务）,小组课,Anna,L002475,2025-10-16,周四,jueves,Thursday,17:00,23:00,+6h,1.67,阅读,10,语法掌握一般
Lucy_056,班课,Anna,L002475,2025/10/16,周四,jueves,Thursday,17:00,17:00,+0h,1.67,口语,3,语法掌握一般
Olivia_179,班课,Anna,L002475,2025-10-16,周四,jueves,Thursday,17:00,23:00,+6h,1.67,语法,4,语法掌握一般
Alfred_222,小组课,Anna,L002476,2025/10/23,周四,jueves,Thursday,17:00,17:00,+0h,1.67,复习,4,语法掌握一般
Etta_321,小组课,Anna,L002476,2025/10/23,周四,jueves,Thursday,17:00,17:00,+0h,1.67,听力,6,语法掌握一般
Leo_026,小组课,Anna,L002476,10/23/2025,周四,jueves,Thursday,17:00,08:00,-9h,1.67,听力,4,语法掌握一般
Snow_369（教务）,小组课,Anna,L002476,2025-10-23,周四,jueves,Thursday,17:00,23:00,+6h,1.67,语法,8,语法掌握一般
Lucy056,小组课,Anna,L002476,10/23/2025,周四,jueves,Thursday,17:00,17:00,+0h,1.67,听力,3,语法掌握一般
Olivia_179,班课,Anna,L002476,2025/10/23,周四,jueves,Thursday,17:00,23:00,+6h,1.67,口语,6,语法掌握一般
Alfred222,班课,Anna,L002477,2025/10/30,周四,jueves,Thursday,17:00,17:00,+0h,1.0,阅读,8,
Etta_321,班课,Anna（教务）,L002477,2025/10/30,周四,jueves,Thursday,17:00,17:00,+0h,1.0,复习,2,
Leo026,班课,Anna,L002477,2025-10-30,周四,jueves,Thursday,17:00,09:00,-8h,1.0,复习,3,
Snow_369,班课,Anna,L002477,2025/10/30,周四,jueves,Thursday,17:00,00:00,+7h,1.0,口语,2,
Lucy_056,小组课,Anna,L002477,2025-10-30,周四,jueves,Thursday,17:00,15:00,-2h,1.0,语法,7,
Olivia179,班课,Anna,L002477,2025-10-30,周四,jueves,Thursday,17:00,00:00,+7h,1.0,阅读,1,
Alfred_222,小组课,Anna,L002478,2025/11/06,周四,jueves,Thursday,17:00,17:00,+0h,1.5,听力,9,需要加强口语练习
Etta321,小组课,Anna,L002478,2025年11月6日,周四,jueves,Thursday,17:00,17:00,+0h,1.5,复习,10,需要加强口语练习
Leo_026,小组课,Anna,L002478,2025年11月6日,周四,jueves,Thursday,17:00,08:00,-9h,1.5,阅读,2,需要加强口语练习
Snow_369,班课,Anna,L002478,2025/11/06,周四,jueves,Thursday,17:00,00:00,+7h,1.5,听力,10,需要加强口语练习
Lucy056,班课,Anna（教务）,L002478,2025/11/06,周四,jueves,Thursday,17:00,17:00,+0h,1.5,复习,12,需要加强口语练习
Olivia179,班课,Anna,L002478,2025/11/06,周四,jueves,Thursday,17:00,00:00,+7h,1.5,语法,6,需要加强口语练习
Alfred_222,班课,Anna,L002479,2025-11-13,周四,jueves,Thursday,17:00,17:00,+0h,1.0,语法,2,课堂参与积极
Etta_321,班课,Anna,L002479,11/13/2025,周四,jueves,Thursday,17:00,17:00,+0h,1.0,阅读,3,课堂参与积极
Leo_026,班课,Anna,L002479,2025-11-13,周四,jueves,Thursday,17:00,08:00,-9h,1.0,语法,5,课堂参与积极
Snow369,班课,Anna,L002479,2025/11/13,周四,jueves,Thursday,17:00,00:00,+7h,1.0,口语,14,课堂参与积极
Lucy056,班课,Anna,L002479,11/13/2025,周四,jueves,Thursday,17:00,17:00,+0h,1.0,阅读,1,课堂参与积极
Olivia179,班课,Anna（教务）,L002479,2025年11月13日,周四,jueves,Thursday,17:00,00:00,+7h,1.0,语法,13,课堂参与积极
Alfred_222,小组课,Anna,L002480,2025/11/20,周四,jueves,Thursday,17:00,17:00,+0h,1.0,口语,9,语法掌握一般
Etta_321,班课,Anna,L002480,2025-11-20,周四,jueves,Thursday,17:00,17:00,+0h,1.0,语法,13,语法掌握一般
Leo_026,班课,Anna,L002480,2025-11-20,周四,jueves,Thursday,17:00,08:00,-9h,1.0,听力,6,语法掌握一般
Snow_369,小组课,Anna,L002480,2025-11-20,周四,jueves,Thursday,17:00,03:00,+10h,1.0,听力,11,语法掌握一般
Lucy_056,班课,Anna,L002480,2025-11-20,周四,jueves,Thursday,17:00,17:00,+0h,1.0,语法,7,语法掌握一般
Olivia179,班课,Anna,L002480,11/20/2025,周四,jueves,Thursday,17:00,03:00,+10h,1.0,听力,12,语法掌握一般
Alfred_222,小组课,Anna,L002481,2025-11-27,周四,jueves,Thursday,17:00,17:00,+0h,1.0,口语,9,课堂参与积极
Etta_321,班课,Anna,L002481,2025-11-27,周四,jueves,Thursday,17:00,17:00,+0h,1.0,复习,6,课堂参与积极
Leo026,小组课,Anna,L002481,2025-11-27,周四,jueves,Thursday,17:00,08:00,-9h,1.0,听力,14,课堂参与积极
Snow369,小组课,Anna,L002481,2025-11-27,周四,jueves,Thursday,17:00,00:00,+7h,1.0,语法,13,课堂参与积极
Lucy056,班课,Anna,L002481,2025/11/27,周四,jueves,Thursday,17:00,17:00,+0h,1.0,复习,12,课堂参与积极
Olivia_179,小组课,Anna（教务）,L002481,2025-11-27,周四,jueves,Thursday,17:00,00:00,+7h,1.0,语法,3,课堂参与积极
Alfred_222,小组课,Anna,L002482,2025-12-04,周四,jueves,Thursday,17:00,17:00,+0h,2.0,语法,13,完成本节内容
Etta_321,小组课,Anna,L002482,2025-12-04,周四,jueves,Thursday,17:00,17:00,+0h,2.0,复习,4,完成本节内容
Leo_026,班课,Anna,L002482,2025-12-04,周四,jueves,Thursday,17:00,08:00,-9h,2.0,口语,2,完成本节内容
Snow_369,班课,Anna,L002482,2025/12/04,周四,jueves,Thursday,17:00,00:00,+7h,2.0,语法,8,完成本节内容
Lucy_056,班课,Anna,L002482,2025-12-04,周四,jueves,Thursday,17:00,18:00,+1h,2.0,口语,2,完成本节内容
Olivia_179,小组课,Anna,L002482,2025-12-04,周四,jueves,Thursday,17:00,00:00,+7h,2.0,复习,6,完成本节内容
Alfred_222,小组课,Anna,L002483,12/11/2025,周四,jueves,Thursday,17:00,17:00,+0h,2.0,阅读,8,完成本节内容
Etta_321,小组课,Anna,L002483,2025/12/11,周四,jueves,Thursday,17:00,17:00,+0h,2.0,听力,14,完成本节内容
Leo026,班课,Anna,L002483,2025-12-11,周四,jueves,Thursday,17:00,08:00,-9h,2.0,语法,10,完成本节内容
Snow369,小组课,Anna,L002483,2025/12/11,周四,jueves,Thursday,17:00,00:00,+7h,2.0,阅读,14,完成本节内容
Lucy_056,班课,Anna,L002483,2025-12-11,周四,jueves,Thursday,17:00,17:00,+0h,2.0,口语,4,完成本节内容
Olivia_179,小组课,Anna,L002483,2025-12-11,周四,jueves,Thursday,17:00,00:00,+7h,2.0,阅读,3,完成本节内容
Alfred_222,班课,Anna,L002484,2025-12-18,周四,jueves,Thursday,17:00,16:00,-1h,1.0,语法,9,课堂参与积极
Etta321,小组课,Anna,L002484,12/18/2025,周四,jueves,Thursday,17:00,17:00,+0h,1.0,阅读,10,课堂参与积极
Leo_026,班课,Anna,L002484,2025/12/18,周四,jueves,Thursday,17:00,08:00,-9h,1.0,语法,11,课堂参与积极
Snow_369,小组课,Anna,L002484,2025年12月18日,周四,jueves,Thursday,17:00,00:00,+7h,1.0,口语,13,课堂参与积极
Lucy_056,小组课,Anna,L002484,2025年12月18日,周四,jueves,Thursday,17:00,17:00,+0h,1.0,口语,13,课堂参与积极
Olivia179,小组课,Anna（教务）,L002484,2025-12-18,周四,jueves,Thursday,17:00,00:00,+7h,1.0,口语,4,课堂参与积极
Alfred_222,班课,Anna（教务）,L002485,2025-12-25,周四,jueves,Thursday,17:00,17:00,+0h,1.0,复习,6,需要加强口语练习
Etta_321,班课,Anna,L002485,2025/12/25,周四,jueves,Thursday,17:00,17:00,+0h,1.0,语法,14,需要加强口语练习
Leo_026,小组课,Anna,L002485,2025年12月25日,周四,jueves,Thursday,17:00,08:00,-9h,1.0,语法,13,需要加强口语练习
Snow_369,班课,Anna,L002485,12/25/2025,周四,jueves,Thursday,17:00,00:00,+7h,1.0,语法,13,需要加强口语练习
Lucy_056,小组课,Anna,L002485,2025年12月25日,周四,jueves,Thursday,17:00,17:00,+0h,1.0,听力,2,需要加强口语练习
Olivia_179（教务）,小组课,Anna（教务）,L002485,2025-12-25,周四,jueves,Thursday,17:00,00:00,+7h,1.0,复习,6,需要加强口语练习
Alfred_222,班课,Anna,L002486,2026-01-01,周四,jueves,Thursday,17:00,17:00,+0h,1.67,听力,11,课堂参与积极
Etta_321,小组课,Anna,L002486,2026/01/01,周四,jueves,Thursday,17:00,17:00,+0h,1.67,口语,14,课堂参与积极
Leo_026,班课,Anna,L002486,2026-01-01,周四,jueves,Thursday,17:00,06:00,-11h,1.67,复习,14,课堂参与积极
Snow369,小组课,Anna,L002486,2026年1月1日,周四,jueves,Thursday,17:00,00:00,+7h,1.67,听力,6,课堂参与积极
Lucy_056,小组课,Anna,L002486,2026/01/01,周四,jueves,Thursday,17:00,17:00,+0h,1.67,语法,6,课堂参与积极
Olivia_179,小组课,Anna,L002486,01/01/2026,周四,jueves,Thursday,17:00,00:00,+7h,1.67,听力,10,课堂参与积极
Alfred_222,班课,Anna（教务）,L002487,2026/01/08,周四,jueves,Thursday,17:00,17:00,+0h,2.0,口语,10,课堂参与积极
Etta321,班课,Anna,L002487,2026年1月8日,周四,jueves,Thursday,17:00,17:00,+0h,2.0,复习,8,课堂参与积极
Leo_026,小组课,Anna,L002487,2026-01-08,周四,jueves,Thursday,17:00,08:00,-9h,2.0,阅读,5,课堂参与积极
Snow_369,小组课,Anna（教务）,L002487,2026/01/08,周四,jueves,Thursday,17:00,00:00,+7h,2.0,阅读,1,课堂参与积极
Lucy_056,班课,Anna,L002487,2026/01/08,周四,jueves,Thursday,17:00,17:00,+0h,2.0,口语,9,课堂参与积极
Olivia179,班课,Anna,L002487,01/08/2026,周四,jueves,Thursday,17:00,00:00,+7h,2.0,语法,14,课堂参与积极
Alfred_222,小组课,Anna,L002488,2026/01/15,周四,jueves,Thursday,17:00,17:00,+0h,1.5,语法,10,课堂参与积极
Etta_321,班课,Anna,L002488,2026-01-15,周四,jueves,Thursday,17:00,19:00,+2h,1.5,听力,12,课堂参与积极
Leo_026,班课,Anna,L002488,2026-01-15,周四,jueves,Thursday,17:00,08:00,-9h,1.5,复习,10,课堂参与积极
Snow_369,小组课,Anna,L002488,2026-01-15,周四,jueves,Thursday,17:00,23:00,+6h,1.5,听力,9,课堂参与积极
Lucy_056,班课,Anna,L002488,2026/01/15,周四,jueves,Thursday,17:00,17:00,+0h,1.5,口语,6,课堂参与积极
Olivia_179,班课,Anna,L002488,2026/01/15,周四,jueves,Thursday,17:00,00:00,+7h,1.5,语法,4,课堂参与积极
Alfred_222（教务）,小组课,Anna,L002489,2026-01-22,周四,jueves,Thursday,17:00,17:00,+0h,1.67,阅读,14,课堂参与积极
Etta_321（教务）,班课,Anna,L002489,2026/01/22,周四,jueves,Thursday,17:00,17:00,+0h,1.67,语法,3,课堂参与积极
Leo_026,小组课,Anna,L002489,2026-01-22,周四,jueves,Thursday,17:00,08:00,-9h,1.67,口语,5,课堂参与积极
Snow_369,班课,Anna,L002489,2026/01/22,周四,jueves,Thursday,17:00,00:00,+7h,1.67,复习,12,课堂参与积极
Lucy_056,小组课,Anna,L002489,2026-01-22,周四,jueves,Thursday,17:00,17:00,+0h,1.67,听力,1,课堂参与积极
Olivia_179,小组课,Anna,L002489,2026-01-22,周四,jueves,Thursday,17:00,00:00,+7h,1.67,口语,2,课堂参与积极
Alfred_222,小组课,Anna,L002490,2026年1月29日,周四,jueves,Thursday,17:00,18:00,+1h,1.0,语法,13,语法掌握一般
Etta_321,班课,Anna,L002490,2026-01-29,周四,jueves,Thursday,17:00,17:00,+0h,1.0,复习,2,语法掌握一般
Leo_026,小组课,Anna,L002490,2026/01/29,周四,jueves,Thursday,17:00,11:00,-6h,1.0,口语,12,语法掌握一般
Snow_369,小组课,Anna,L002490,01/29/2026,周四,jueves,Thursday,17:00,00:00,+7h,1.0,语法,3,语法掌握一般
Lucy_056,班课,Anna,L002490,2026/01/29,周四,jueves,Thursday,17:00,17:00,+0h,1.0,听力,7,语法掌握一般
Olivia_179,班课,Anna,L002490,2026-01-29,周四,jueves,Thursday,17:00,01:00,+8h,1.0,阅读,9,语法掌握一般
Alfred_222,小组课,Anna（教务）,L002491,2026/02/05,周四,jueves,Thursday,17:00,17:00,+0h,1.0,复习,7,完成本节内容
Etta_321,班课,Anna,L002491,2026/02/05,周四,jueves,Thursday,17:00,16:00,-1h,1.0,口语,4,完成本节内容
Leo_026,小组课,Anna,L002491,2026/02/05,周四,jueves,Thursday,17:00,08:00,-9h,1.0,听力,10,完成本节内容
Snow_369,小组课,Anna,L002491,2026-02-05,周四,jueves,Thursday,17:00,23:00,+6h,1.0,口语,10,完成本节内容
Lucy056,小组课,Anna,L002491,2026-02-05,周四,jueves,Thursday,17:00,17:00,+0h,1.0,口语,12,完成本节内容
Olivia_179,班课,Anna,L002491,2026年2月5日,周四,jueves,Thursday,17:00,00:00,+7h,1.0,口语,4,完成本节内容
Alfred_222,小组课,Anna,L002492,2026-02-12,周四,jueves,Thursday,17:00,18:00,+1h,1.0,语法,11,课堂参与积极
Etta_321（教务）,小组课,Anna,L002492,2026-02-12,周四,jueves,Thursday,17:00,18:00,+1h,1.0,听力,4,课堂参与积极
Leo_026,小组课,Anna,L002492,2026-02-12,周四,jueves,Thursday,17:00,08:00,-9h,1.0,复习,2,课堂参与积极
Snow_369,小组课,Anna,L002492,02/12/2026,周四,jueves,Thursday,17:00,00:00,+7h,1.0,听力,2,课堂参与积极
Lucy_056,小组课,Anna（教务）,L002492,2026-02-12,周四,jueves,Thursday,17:00,17:00,+0h,1.0,语法,13,课堂参与积极
Olivia_179,小组课,Anna,L002492,2026/02/12,周四,jueves,Thursday,17:00,00:00,+7h,1.0,阅读,10,课堂参与积极
Alfred_222,小组课,Anna,L002493,2026-02-19,周四,jueves,Thursday,17:00,17:00,+0h,1.0,阅读,4,语法掌握一般
Etta_321,小组课,Anna,L002493,2026年2月19日,周四,jueves,Thursday,17:00,18:00,+1h,1.0,复习,2,语法掌握一般
Leo026,班课,Anna（教务）,L002493,2026年2月19日,周四,jueves,Thursday,17:00,08:00,-9h,1.0,语法,11,语法掌握一般
Snow_369,小组课,Anna,L002493,02/19/2026,周四,jueves,Thursday,17:00,01:00,+8h,1.0,听力,2,语法掌握一般
Lucy_056,小组课,Anna,L002493,2026/02/19,周四,jueves,Thursday,17:00,17:00,+0h,1.0,口语,7,语法掌握一般
Olivia179,班课,Anna（教务）,L002493,2026-02-19,周四,jueves,Thursday,17:00,00:00,+7h,1.0,复习,5,语法掌握一般
Alfred_222,班课,Anna,L002494,2026年2月26日,周四,jueves,Thursday,17:00,17:00,+0h,1.0,口语,3,课堂参与积极
Etta_321,班课,Anna,L002494,2026-02-26,周四,jueves,Thursday,17:00,17:00,+0h,1.0,阅读,9,课堂参与积极
Leo_026,班课,Anna,L002494,2026-02-26,周四,jueves,Thursday,17:00,08:00,-9h,1.0,语法,14,课堂参与积极
Snow_369,小组课,Anna,L002494,2026-02-26,周四,jueves,Thursday,17:00,00:00,+7h,1.0,听力,8,课堂参与积极
Lucy_056,小组课,Anna,L002494,2026/02/26,周四,jueves,Thursday,17:00,17:00,+0h,1.0,复习,5,课堂参与积极
Olivia179,小组课,Anna,L002494,2026年2月26日,周四,jueves,Thursday,17:00,00:00,+7h,1.0,语法,3,课堂参与积极
Alfred_222,小组课,Anna（教务）,L002495,2026-03-05,周四,jueves,Thursday,17:00,17:00,+0h,1.5,听力,12,完成本节内容
Etta_321,小组课,Anna,L002495,2026-03-05,周四,jueves,Thursday,17:00,17:00,+0h,1.5,语法,10,完成本节内容
Leo_026,班课,Anna,L002495,2026-03-05,周四,jueves,Thursday,17:00,08:00,-9h,1.5,口语,11,完成本节内容
Snow369,小组课,Anna,L002495,2026/03/05,周四,jueves,Thursday,17:00,00:00,+7h,1.5,语法,2,完成本节内容
Lucy_056,班课,Anna,L002495,2026-03-05,周四,jueves,Thursday,17:00,18:00,+1h,1.5,语法,8,完成本节内容
Olivia_179,小组课,Anna,L002495,2026-03-05,周四,jueves,Thursday,17:00,00:00,+7h,1.5,语法,11,完成本节内容
Alfred_222,小组课,Anna,L002496,2026年3月12日,周四,jueves,Thursday,17:00,17:00,+0h,1.0,听力,13,需要加强口语练习
Etta_321,小组课,Anna（教务）,L002496,2026年3月12日,周四,jueves,Thursday,17:00,20:00,+3h,1.0,口语,7,需要加强口语练习
Leo_026,小组课,Anna,L002496,2026/03/12,周四,jueves,Thursday,17:00,09:00,-8h,1.0,复习,10,需要加强口语练习
Snow_369（教务）,班课,Anna,L002496,2026年3月12日,周四,jueves,Thursday,17:00,00:00,+7h,1.0,听力,14,需要加强口语练习
Lucy_056,小组课,Anna,L002496,2026-03-12,周四,jueves,Thursday,17:00,17:00,+0h,1.0,复习,11,需要加强口语练习
Olivia_179,小组课,Anna,L002496,2026年3月12日,周四,jueves,Thursday,17:00,00:00,+7h,1.0,口语,14,需要加强口语练习
Alfred_222,班课,Anna,L002497,2026-03-19,周四,jueves,Thursday,17:00,17:00,+0h,1.67,语法,3,
Etta_321（教务）,班课,Anna,L002497,2026-03-19,周四,jueves,Thursday,17:00,17:00,+0h,1.67,复习,9,
Leo_026,小组课,Anna,L002497,2026/03/19,周四,jueves,Thursday,17:00,10:00,-7h,1.67,口语,5,
Snow369,小组课,Anna,L002497,2026/03/19,周四,jueves,Thursday,17:00,00:00,+7h,1.67,口语,13,
Lucy_056,小组课,Anna,L002497,2026/03/19,周四,jueves,Thursday,17:00,17:00,+0h,1.67,口语,10,
Olivia_179,班课,Anna,L002497,2026/03/19,周四,jueves,Thursday,17:00,00:00,+7h,1.67,口语,7,
Alfred222,小组课,Anna,L002498,2026/03/26,周四,jueves,Thursday,17:00,17:00,+0h,1.5,口语,2,课堂参与积极
Etta_321,小组课,Anna,L002498,2026-03-26,周四,jueves,Thursday,17:00,16:00,-1h,1.5,语法,10,课堂参与积极
Leo_026,小组课,Anna,L002498,2026-03-26,周四,jueves,Thursday,17:00,09:00,-8h,1.5,语法,14,课堂参与积极
Snow_369,班课,Anna,L002498,2026年3月26日,周四,jueves,Thursday,17:00,00:00,+7h,1.5,阅读,6,课堂参与积极
Lucy056,小组课,Anna,L002498,2026-03-26,周四,jueves,Thursday,17:00,17:00,+0h,1.5,阅读,3,课堂参与积极
Olivia_179,班课,Anna,L002498,03/26/2026,周四,jueves,Thursday,17:00,00:00,+7h,1.5,语法,5,课堂参与积极
Alfred_222,班课,Anna,L002499,2026-04-02,周四,jueves,Thursday,17:00,17:00,+0h,1.5,听力,12,语法掌握一般
Etta_321（教务）,班课,Anna,L002499,2026-04-02,周四,jueves,Thursday,17:00,17:00,+0h,1.5,语法,6,语法掌握一般
Leo_026,小组课,Anna,L002499,2026-04-02,周四,jueves,Thursday,17:00,08:00,-9h,1.5,复习,14,语法掌握一般
Snow_369（教务）,小组课,Anna,L002499,2026-04-02,周四,jueves,Thursday,17:00,23:00,+6h,1.5,语法,13,语法掌握一般
Lucy_056,班课,Anna（教务）,L002499,2026/04/02,周四,jueves,Thursday,17:00,17:00,+0h,1.5,口语,11,语法掌握一般
Olivia_179,班课,Anna,L002499,2026/04/02,周四,jueves,Thursday,17:00,23:00,+6h,1.5,听力,10,语法掌握一般
Alfred222,班课,Anna,L002500,2026-04-09,周四,jueves,Thursday,17:00,17:00,+0h,1.0,语法,13,完成本节内容
Etta_321,班课,Anna,L002500,2026-04-09,周四,jueves,Thursday,17:00,17:00,+0h,1.0,口语,4,完成本节内容
Leo026,班课,Anna（教务）,L002500,2026年4月9日,周四,jueves,Thursday,17:00,08:00,-9h,1.0,口语,2,完成本节内容
Snow_369,小组课,Anna,L002500,2026/04/09,周四,jueves,Thursday,17:00,23:00,+6h,1.0,阅读,4,完成本节内容
Lucy_056,班课,Anna（教务）,L002500,2026-04-09,周四,jueves,Thursday,17:00,17:00,+0h,1.0,阅读,11,完成本节内容
Olivia_179（教务）,班课,Anna,L002500,2026/04/09,周四,jueves,Thursday,17:00,23:00,+6h,1.0,听力,11,完成本节内容
Alfred_222,班课,Anna,L002501,04/16/2026,周四,jueves,Thursday,17:00,17:00,+0h,2.0,口语,1,需要加强口语练习
Etta_321,小组课,Anna,L002501,2026-04-16,周四,jueves,Thursday,17:00,17:00,+0h,2.0,语法,5,需要加强口语练习
Leo026,班课,Anna,L002501,2026/04/16,周四,jueves,Thursday,17:00,08:00,-9h,2.0,复习,6,需要加强口语练习
Snow_369,小组课,Anna,L002501,04/16/2026,周四,jueves,Thursday,17:00,23:00,+6h,2.0,阅读,10,需要加强口语练习
Lucy_056,小组课,Anna,L002501,2026-04-16,周四,jueves,Thursday,17:00,17:00,+0h,2.0,语法,13,需要加强口语练习
Olivia_179,班课,Anna,L002501,2026-04-16,周四,jueves,Thursday,17:00,23:00,+6h,2.0,口语,2,需要加强口语练习
Alfred_222,小组课,Anna（教务）,L002502,2026-04-23,周四,jueves,Thursday,17:00,17:00,+0h,2.0,阅读,8,
Etta_321,班课,Anna,L002502,2026/04/23,周四,jueves,Thursday,17:00,17:00,+0h,2.0,口语,14,
Leo_026,班课,Anna,L002502,04/23/2026,周四,jueves,Thursday,17:00,08:00,-9h,2.0,口语,4,
Snow_369,小组课,Anna（教务）,L002502,2026/04/23,周四,jueves,Thursday,17:00,23:00,+6h,2.0,听力,12,
Lucy_056（教务）,班课,Anna,L002502,04/23/2026,周四,jueves,Thursday,17:00,17:00,+0h,2.0,听力,4,
Olivia_179,小组课,Anna（教务）,L002502,2026/04/23,周四,jueves,Thursday,17:00,00:00,+7h,2.0,阅读,2,
Alfred_222,小组课,Anna,L002503,2026/04/30,周四,jueves,Thursday,17:00,17:00,+0h,1.67,阅读,5,需要加强口语练习
Etta_321,小组课,Anna,L002503,2026年4月30日,周四,jueves,Thursday,17:00,17:00,+0h,1.67,听力,14,需要加强口语练习
Leo_026,班课,Anna,L002503,2026-04-30,周四,jueves,Thursday,17:00,07:00,-10h,1.67,口语,7,需要加强口语练习
Snow_369,班课,Anna,L002503,2026-04-30,周四,jueves,Thursday,17:00,23:00,+6h,1.67,语法,7,需要加强口语练习
Lucy056,班课,Anna,L002503,2026/04/30,周四,jueves,Thursday,17:00,17:00,+0h,1.67,语法,3,需要加强口语练习
Olivia_179,班课,Anna,L002503,2026-04-30,周四,jueves,Thursday,17:00,02:00,+9h,1.67,口语,2,需要加强口语练习
Alfred_222（教务）,班课,Anna,L002504,2026/05/07,周四,jueves,Thursday,17:00,17:00,+0h,1.0,语法,9,课堂参与积极
Etta_321,小组课,Anna（教务）,L002504,2026-05-07,周四,jueves,Thursday,17:00,17:00,+0h,1.0,口语,6,课堂参与积极
Leo_026,小组课,Anna,L002504,2026/05/07,周四,jueves,Thursday,17:00,08:00,-9h,1.0,复习,13,课堂参与积极
Snow_369,班课,Anna,L002504,2026-05-07,周四,jueves,Thursday,17:00,23:00,+6h,1.0,口语,12,课堂参与积极
Lucy056,班课,Anna,L002504,2026-05-07,周四,jueves,Thursday,17:00,17:00,+0h,1.0,语法,4,课堂参与积极
Olivia179,班课,Anna,L002504,2026/05/07,周四,jueves,Thursday,17:00,23:00,+6h,1.0,复习,10,课堂参与积极
Alfred_222,小组课,Anna,L002505,2026/05/14,周四,jueves,Thursday,17:00,17:00,+0h,1.5,阅读,14,完成本节内容
Etta_321（教务）,班课,Anna,L002505,2026-05-14,周四,jueves,Thursday,17:00,18:00,+1h,1.5,语法,12,完成本节内容
Leo_026（教务）,班课,Anna,L002505,2026年5月14日,周四,jueves,Thursday,17:00,08:00,-9h,1.5,语法,5,完成本节内容
Snow_369,班课,Anna,L002505,2026-05-14,周四,jueves,Thursday,17:00,23:00,+6h,1.5,口语,4,完成本节内容
Lucy_056,小组课,Anna,L002505,2026-05-14,周四,jueves,Thursday,17:00,17:00,+0h,1.5,口语,8,完成本节内容
Olivia_179,小组课,Anna,L002505,2026-05-14,周四,jueves,Thursday,17:00,23:00,+6h,1.5,复习,14,完成本节内容
Alfred_222,班课,Anna,L002506,2026-05-21,周四,jueves,Thursday,17:00,17:00,+0h,1.67,语法,4,需要加强口语练习
Etta321,班课,Anna,L002506,2026/05/21,周四,jueves,Thursday,17:00,17:00,+0h,1.67,口语,7,需要加强口语练习
Leo_026（教务）,班课,Anna,L002506,05/21/2026,周四,jueves,Thursday,17:00,08:00,-9h,1.67,口语,2,需要加强口语练习
Snow_369,小组课,Anna,L002506,05/21/2026,周四,jueves,Thursday,17:00,23:00,+6h,1.67,语法,2,需要加强口语练习
Lucy_056（教务）,小组课,Anna,L002506,2026-05-21,周四,jueves,Thursday,17:00,18:00,+1h,1.67,口语,6,需要加强口语练习
Olivia_179,小组课,Anna,L002506,2026-05-21,周四,jueves,Thursday,17:00,23:00,+6h,1.67,语法,2,需要加强口语练习
Alfred_222,小组课,Anna（教务）,L002507,05/28/2026,周四,jueves,Thursday,17:00,17:00,+0h,1.5,阅读,10,完成本节内容
Etta_321,班课,Anna,L002507,2026-05-28,周四,jueves,Thursday,17:00,17:00,+0h,1.5,语法,13,完成本节内容
Leo_026,小组课,Anna,L002507,2026-05-28,周四,jueves,Thursday,17:00,10:00,-7h,1.5,口语,11,完成本节内容
Snow_369（教务）,小组课,Anna,L002507,2026-05-28,周四,jueves,Thursday,17:00,23:00,+6h,1.5,口语,7,完成本节内容
Lucy056,小组课,Anna,L002507,2026-05-28,周四,jueves,Thursday,17:00,17:00,+0h,1.5,语法,9,完成本节内容
Olivia_179,小组课,Anna,L002507,2026/05/28,周四,jueves,Thursday,17:00,02:00,+9h,1.5,口语,9,完成本节内容
Alfred_222,小组课,Anna,L002508,2026/06/04,周四,jueves,Thursday,17:00,17:00,+0h,1.0,语法,8,课堂参与积极
Etta_321,班课,Anna,L002508,2026-06-04,周四,jueves,Thursday,17:00,17:00,+0h,1.0,阅读,8,课堂参与积极
Leo026,班课,Anna,L002508,2026-06-04,周四,jueves,Thursday,17:00,08:00,-9h,1.0,语法,4,课堂参与积极
Snow369,小组课,Anna,L002508,2026-06-04,周四,jueves,Thursday,17:00,23:00,+6h,1.0,听力,3,课堂参与积极
Lucy_056,班课,Anna,L002508,2026-06-04,周四,jueves,Thursday,17:00,17:00,+0h,1.0,听力,5,课堂参与积极
Olivia_179,小组课,Anna,L002508,2026-06-04,周四,jueves,Thursday,17:00,23:00,+6h,1.0,阅读,4,课堂参与积极
Alfred_222（教务）,小组课,Anna,L002509,2026-06-11,周四,jueves,Thursday,17:00,18:00,+1h,1.5,复习,3,完成本节内容
Etta_321,小组课,Anna,L002509,2026-06-11,周四,jueves,Thursday,17:00,20:00,+3h,1.5,听力,14,完成本节内容
Leo_026,班课,Anna,L002509,06/11/2026,周四,jueves,Thursday,17:00,08:00,-9h,1.5,阅读,8,完成本节内容
Snow_369,小组课,Anna,L002509,2026-06-11,周四,jueves,Thursday,17:00,23:00,+6h,1.5,语法,6,完成本节内容
Lucy_056,班课,Anna,L002509,2026-06-11,周四,jueves,Thursday,17:00,17:00,+0h,1.5,复习,3,完成本节内容
Olivia_179,小组课,Anna,L002509,2026/06/11,周四,jueves,Thursday,17:00,23:00,+6h,1.5,语法,3,完成本节内容
Alfred_222（教务）,班课,Anna（教务）,L002510,06/18/2026,周四,jueves,Thursday,17:00,17:00,+0h,1.67,语法,14,课堂参与积极
Etta321,班课,Anna,L002510,2026-06-18,周四,jueves,Thursday,17:00,17:00,+0h,1.67,听力,14,课堂参与积极
Leo_026,小组课,Anna,L002510,2026/06/18,周四,jueves,Thursday,17:00,08:00,-9h,1.67,复习,1,课堂参与积极
Snow_369,小组课,Anna,L002510,2026-06-18,周四,jueves,Thursday,17:00,23:00,+6h,1.67,口语,2,课堂参与积极
Lucy_056,班课,Anna,L002510,2026年6月18日,周四,jueves,Thursday,17:00,17:00,+0h,1.67,口语,14,课堂参与积极
Olivia179,小组课,Anna（教务）,L002510,2026/06/18,周四,jueves,Thursday,17:00,23:00,+6h,1.67,听力,7,课堂参与积极
Alfred_222,小组课,Anna,L002511,2026-06-25,周四,jueves,Thursday,17:00,17:00,+0h,1.0,口语,14,语法掌握一般
Etta_321,班课,Anna,L002511,06/25/2026,周四,jueves,Thursday,17:00,17:00,+0h,1.0,阅读,6,语法掌握一般
Leo_026（教务）,班课,Anna,L002511,2026-06-25,周四,jueves,Thursday,17:00,08:00,-9h,1.0,语法,11,语法掌握一般
Snow369,班课,Anna,L002511,2026-06-25,周四,jueves,Thursday,17:00,23:00,+6h,1.0,口语,9,语法掌握一般
Lucy_056,班课,Anna,L002511,2026-06-25,周四,jueves,Thursday,17:00,17:00,+0h,1.0,听力,9,语法掌握一般
Olivia_179,小组课,Anna,L002511,2026-06-25,周四,jueves,Thursday,17:00,23:00,+6h,1.0,阅读,2,语法掌握一般
Alfred_222,班课,Anna,L002512,07/02/2026,周四,jueves,Thursday,17:00,14:00,-3h,1.0,口语,13,
Etta321,小组课,Anna,L002512,2026-07-02,周四,jueves,Thursday,17:00,17:00,+0h,1.0,语法,11,
Leo_026,班课,Anna,L002512,2026-07-02,周四,jueves,Thursday,17:00,08:00,-9h,1.0,听力,7,
Snow369,小组课,Anna（教务）,L002512,2026-07-02,周四,jueves,Thursday,17:00,23:00,+6h,1.0,语法,11,
Lucy_056,小组课,Anna,L002512,2026-07-02,周四,jueves,Thursday,17:00,17:00,+0h,1.0,语法,5,
Olivia_179,小组课,Anna,L002512,2026-07-02,周四,jueves,Thursday,17:00,23:00,+6h,1.0,听力,2,
Alfred_222,小组课,Anna,L002513,2026-07-09,周四,jueves,Thursday,17:00,17:00,+0h,1.0,口语,14,课堂参与积极
Etta_321,班课,Anna（教务）,L002513,2026年7月9日,周四,jueves,Thursday,17:00,17:00,+0h,1.0,复习,13,课堂参与积极
Leo_026（教务）,小组课,Anna,L002513,2026年7月9日,周四,jueves,Thursday,17:00,08:00,-9h,1.0,复习,11,课堂参与积极
Snow_369,班课,Anna,L002513,2026-07-09,周四,jueves,Thursday,17:00,23:00,+6h,1.0,阅读,13,课堂参与积极
Lucy_056,班课,Anna（教务）,L002513,2026-07-09,周四,jueves,Thursday,17:00,17:00,+0h,1.0,口语,6,课堂参与积极
Olivia179,小组课,Anna,L002513,2026-07-09,周四,jueves,Thursday,17:00,23:00,+6h,1.0,阅读,5,课堂参与积极
Alfred_222,小组课,Anna,L002514,07/16/2026,周四,jueves,Thursday,17:00,17:00,+0h,1.0,口语,4,语法掌握一般
Etta_321,小组课,Anna,L002514,07/16/2026,周四,jueves,Thursday,17:00,17:00,+0h,1.0,语法,14,语法掌握一般
Leo_026,班课,Anna,L002514,2026-07-16,周四,jueves,Thursday,17:00,08:00,-9h,1.0,阅读,14,语法掌握一般
Snow_369,小组课,Anna,L002514,2026/07/16,周四,jueves,Thursday,17:00,23:00,+6h,1.0,听力,9,语法掌握一般
Lucy_056,小组课,Anna,L002514,2026-07-16,周四,jueves,Thursday,17:00,17:00,+0h,1.0,阅读,7,语法掌握一般
Olivia_179,小组课,Anna,L002514,2026/07/16,周四,jueves,Thursday,17:00,23:00,+6h,1.0,语法,2,语法掌握一般
Alfred_222,小组课,Anna,L002515,2026/07/23,周四,jueves,Thursday,17:00,17:00,+0h,2.0,口语,1,需要加强口语练习
Etta_321,小组课,Anna,L002515,07/23/2026,周四,jueves,Thursday,17:00,17:00,+0h,2.0,口语,12,需要加强口语练习
Leo026,小组课,Anna,L002515,2026年7月23日,周四,jueves,Thursday,17:00,08:00,-9h,2.0,听力,2,需要加强口语练习
Snow_369（教务）,班课,Anna,L002515,2026/07/23,周四,jueves,Thursday,17:00,23:00,+6h,2.0,语法,10,需要加强口语练习
Lucy_056,班课,Anna（教务）,L002515,2026-07-23,周四,jueves,Thursday,17:00,17:00,+0h,2.0,听力,7,需要加强口语练习
Olivia_179,班课,Anna,L002515,2026-07-23,周四,jueves,Thursday,17:00,23:00,+6h,2.0,复习,12,需要加强口语练习
Alfred_222,小组课,Anna,L002516,07/30/2026,周四,jueves,Thursday,17:00,17:00,+0h,1.67,语法,9,需要加强口语练习
Etta_321（教务）,班课,Anna,L002516,2026-07-30,周四,jueves,Thursday,17:00,17:00,+0h,1.67,阅读,12,需要加强口语练习
Leo026,小组课,Anna,L002516,2026-07-30,周四,jueves,Thursday,17:00,08:00,-9h,1.67,听力,12,需要加强口语练习
Snow_369,小组课,Anna,L002516,07/30/2026,周四,jueves,Thursday,17:00,23:00,+6h,1.67,复习,5,需要加强口语练习
Lucy_056,小组课,Anna,L002516,2026-07-30,周四,jueves,Thursday,17:00,17:00,+0h,1.67,阅读,13,需要加强口语练习
Olivia179,小组课,Anna,L002516,2026/07/30,周四,jueves,Thursday,17:00,23:00,+6h,1.67,听力,7,需要加强口语练习
Alfred222,班课,Anna,L002517,2026/08/06,周四,jueves,Thursday,17:00,17:00,+0h,1.0,语法,5,
Etta321,班课,Anna,L002517,2026/08/06,周四,jueves,Thursday,17:00,17:00,+0h,1.0,阅读,5,
Leo_026（教务）,小组课,Anna,L002517,2026/08/06,周四,jueves,Thursday,17:00,09:00,-8h,1.0,口语,8,
Snow_369,小组课,Anna,L002517,2026-08-06,周四,jueves,Thursday,17:00,23:00,+6h,1.0,听力,12,
Lucy_056,班课,Anna,L002517,2026-08-06,周四,jueves,Thursday,17:00,17:00,+0h,1.0,语法,8,
Olivia179,班课,Anna,L002517,2026/08/06,周四,jueves,Thursday,17:00,23:00,+6h,1.0,阅读,11,
Alfred_222,班课,Anna,L002518,08/13/2026,周四,jueves,Thursday,17:00,17:00,+0h,1.0,口语,7,完成本节内容
Etta_321,小组课,Anna,L002518,2026-08-13,周四,jueves,Thursday,17:00,17:00,+0h,1.0,口语,13,完成本节内容
Leo026,班课,Anna,L002518,2026年8月13日,周四,jueves,Thursday,17:00,08:00,-9h,1.0,语法,11,完成本节内容
Snow_369,小组课,Anna,L002518,2026/08/13,周四,jueves,Thursday,17:00,23:00,+6h,1.0,阅读,6,完成本节内容
Lucy_056,班课,Anna,L002518,2026/08/13,周四,jueves,Thursday,17:00,17:00,+0h,1.0,复习,10,完成本节内容
Olivia_179,小组课,Anna,L002518,08/13/2026,周四,jueves,Thursday,17:00,23:00,+6h,1.0,复习,7,完成本节内容
Alfred222,班课,Anna,L002519,2026-08-20,周四,jueves,Thursday,17:00,17:00,+0h,1.5,阅读,14,完成本节内容
Etta_321,班课,Anna,L002519,2026-08-20,周四,jueves,Thursday,17:00,17:00,+0h,1.5,语法,3,完成本节内容
Leo_026,小组课,Anna,L002519,2026-08-20,周四,jueves,Thursday,17:00,07:00,-10h,1.5,口语,2,完成本节内容
Snow369,小组课,Anna（教务）,L002519,2026-08-20,周四,jueves,Thursday,17:00,23:00,+6h,1.5,阅读,4,完成本节内容
Lucy_056,小组课,Anna,L002519,2026-08-20,周四,jueves,Thursday,17:00,17:00,+0h,1.5,口语,4,完成本节内容
Olivia_179,班课,Anna,L002519,2026/08/20,周四,jueves,Thursday,17:00,02:00,+9h,1.5,语法,2,完成本节内容
Alfred_222（教务）,小组课,Anna,L002520,2026-08-27,周四,jueves,Thursday,17:00,15:00,-2h,1.5,语法,9,课堂参与积极
Etta_321,班课,Anna,L002520,2026/08/27,周四,jueves,Thursday,17:00,17:00,+0h,1.5,阅读,10,课堂参与积极
Leo_026,班课,Anna,L002520,2026/08/27,周四,jueves,Thursday,17:00,08:00,-9h,1.5,语法,6,课堂参与积极
Snow369,小组课,Anna（教务）,L002520,2026-08-27,周四,jueves,Thursday,17:00,22:00,+5h,1.5,听力,1,课堂参与积极
Lucy_056,班课,Anna,L002520,2026/08/27,周四,jueves,Thursday,17:00,17:00,+0h,1.5,语法,9,课堂参与积极
Olivia_179,班课,Anna,L002520,2026-08-27,周四,jueves,Thursday,17:00,23:00,+6h,1.5,听力,4,课堂参与积极
Noah178,班课,Elena,L002521,2025-07-30,周三,miércoles,Wednesday,08:00,14:00,+6h,1.67,口语,11,需要加强口语练习
Ivy489,小组课,Elena（教务）,L002521,2025/07/30,周三,miércoles,Wednesday,08:00,14:00,+6h,1.67,听力,14,需要加强口语练习
Noah_178,小组课,Elena,L002522,2025/08/06,周三,miércoles,Wednesday,08:00,14:00,+6h,2.0,阅读,7,课堂参与积极
Ivy_489,小组课,Elena,L002522,2025/08/06,周三,miércoles,Wednesday,08:00,14:00,+6h,2.0,听力,11,课堂参与积极
Noah_178,小组课,Elena,L002523,08/13/2025,周三,miércoles,Wednesday,08:00,14:00,+6h,1.5,复习,3,
Ivy489,班课,Elena,L002523,2025-08-13,周三,miércoles,Wednesday,08:00,14:00,+6h,1.5,语法,2,
Noah_178（教务）,小组课,Elena,L002524,08/20/2025,周三,miércoles,Wednesday,08:00,14:00,+6h,1.0,口语,10,课堂参与积极
Ivy489,班课,Elena,L002524,08/20/2025,周三,miércoles,Wednesday,08:00,14:00,+6h,1.0,复习,4,课堂参与积极
Noah_178,班课,Elena,L002525,2025-08-27,周三,miércoles,Wednesday,08:00,14:00,+6h,1.67,口语,5,需要加强口语练习
Ivy489,小组课,Elena,L002525,2025年8月27日,周三,miércoles,Wednesday,08:00,14:00,+6h,1.67,口语,7,需要加强口语练习
Noah_178,班课,Elena,L002526,2025-09-03,周三,miércoles,Wednesday,08:00,14:00,+6h,1.0,口语,7,完成本节内容
Ivy489,班课,Elena,L002526,2025年9月3日,周三,miércoles,Wednesday,08:00,14:00,+6h,1.0,听力,2,完成本节内容
Noah178,小组课,Elena,L002527,2025/09/10,周三,miércoles,Wednesday,08:00,14:00,+6h,2.0,口语,4,课堂参与积极
Ivy_489,小组课,Elena,L002527,2025/09/10,周三,miércoles,Wednesday,08:00,14:00,+6h,2.0,听力,6,课堂参与积极
Noah_178,班课,Elena,L002528,2025/09/17,周三,miércoles,Wednesday,08:00,14:00,+6h,1.0,听力,2,需要加强口语练习
Ivy_489,小组课,Elena,L002528,2025-09-17,周三,miércoles,Wednesday,08:00,14:00,+6h,1.0,口语,2,需要加强口语练习
Noah_178,班课,Elena,L002529,2025/09/24,周三,miércoles,Wednesday,08:00,14:00,+6h,1.0,语法,3,完成本节内容
Ivy_489,班课,Elena（教务）,L002529,2025/09/24,周三,miércoles,Wednesday,08:00,14:00,+6h,1.0,语法,11,完成本节内容
Noah178,小组课,Elena,L002530,2025-10-01,周三,miércoles,Wednesday,08:00,14:00,+6h,1.67,口语,2,需要加强口语练习
Ivy_489,班课,Elena（教务）,L002530,2025-10-01,周三,miércoles,Wednesday,08:00,14:00,+6h,1.67,语法,11,需要加强口语练习
Noah_178,小组课,Elena（教务）,L002531,2025-10-08,周三,miércoles,Wednesday,08:00,14:00,+6h,1.67,语法,1,需要加强口语练习
Ivy489,小组课,Elena,L002531,2025/10/08,周三,miércoles,Wednesday,08:00,14:00,+6h,1.67,复习,10,需要加强口语练习
Noah178,小组课,Elena,L002532,10/15/2025,周三,miércoles,Wednesday,08:00,14:00,+6h,1.5,口语,10,需要加强口语练习
Ivy_489,小组课,Elena,L002532,2025/10/15,周三,miércoles,Wednesday,08:00,14:00,+6h,1.5,复习,4,需要加强口语练习
Noah_178,小组课,Elena,L002533,10/22/2025,周三,miércoles,Wednesday,08:00,14:00,+6h,1.0,听力,13,完成本节内容
Ivy_489,小组课,Elena,L002533,2025/10/22,周三,miércoles,Wednesday,08:00,16:00,+8h,1.0,口语,1,完成本节内容
Noah_178,班课,Elena,L002534,2025/10/29,周三,miércoles,Wednesday,08:00,15:00,+7h,1.0,口语,7,需要加强口语练习
Ivy_489,小组课,Elena,L002534,10/29/2025,周三,miércoles,Wednesday,08:00,15:00,+7h,1.0,听力,3,需要加强口语练习
Noah_178,小组课,Elena,L002535,11/05/2025,周三,miércoles,Wednesday,08:00,15:00,+7h,1.0,口语,12,完成本节内容
Ivy_489,班课,Elena,L002535,11/05/2025,周三,miércoles,Wednesday,08:00,15:00,+7h,1.0,阅读,3,完成本节内容
Noah_178,小组课,Elena,L002536,11/12/2025,周三,miércoles,Wednesday,08:00,15:00,+7h,1.67,语法,5,完成本节内容
Ivy_489,班课,Elena,L002536,11/12/2025,周三,miércoles,Wednesday,08:00,15:00,+7h,1.67,听力,14,完成本节内容
Noah_178,班课,Elena,L002537,2025/11/19,周三,miércoles,Wednesday,08:00,15:00,+7h,1.0,复习,6,完成本节内容
Ivy_489,班课,Elena,L002537,2025-11-19,周三,miércoles,Wednesday,08:00,15:00,+7h,1.0,口语,2,完成本节内容
Noah_178,小组课,Elena,L002538,2025-11-26,周三,miércoles,Wednesday,08:00,15:00,+7h,1.0,听力,11,需要加强口语练习
Ivy489,班课,Elena,L002538,2025-11-26,周三,miércoles,Wednesday,08:00,15:00,+7h,1.0,阅读,8,需要加强口语练习
Noah_178,班课,Elena,L002539,2025-12-03,周三,miércoles,Wednesday,08:00,15:00,+7h,1.0,语法,5,完成本节内容
Ivy_489,小组课,Elena,L002539,2025-12-03,周三,miércoles,Wednesday,08:00,15:00,+7h,1.0,语法,2,完成本节内容
Noah178,小组课,Elena,L002540,2025/12/10,周三,miércoles,Wednesday,08:00,15:00,+7h,1.67,听力,5,完成本节内容
Ivy_489,班课,Elena,L002540,2025-12-10,周三,miércoles,Wednesday,08:00,15:00,+7h,1.67,阅读,10,完成本节内容
Noah_178,小组课,Elena,L002541,2025-12-17,周三,miércoles,Wednesday,08:00,15:00,+7h,1.0,听力,9,语法掌握一般
Ivy489,班课,Elena,L002541,2025-12-17,周三,miércoles,Wednesday,08:00,15:00,+7h,1.0,阅读,13,语法掌握一般
Noah_178,小组课,Elena,L002542,12/24/2025,周三,miércoles,Wednesday,08:00,15:00,+7h,1.0,阅读,11,完成本节内容
Ivy_489,小组课,Elena,L002542,2025-12-24,周三,miércoles,Wednesday,08:00,15:00,+7h,1.0,阅读,5,完成本节内容
Noah_178,班课,Elena,L002543,2025/12/31,周三,miércoles,Wednesday,08:00,15:00,+7h,1.5,口语,8,语法掌握一般
Ivy489,班课,Elena,L002543,12/31/2025,周三,miércoles,Wednesday,08:00,15:00,+7h,1.5,阅读,1,语法掌握一般
Noah_178,班课,Elena,L002544,01/07/2026,周三,miércoles,Wednesday,08:00,15:00,+7h,1.0,阅读,5,完成本节内容
Ivy_489,小组课,Elena,L002544,2026年1月7日,周三,miércoles,Wednesday,08:00,15:00,+7h,1.0,口语,12,完成本节内容
Noah_178,班课,Elena,L002545,2026年1月14日,周三,miércoles,Wednesday,08:00,15:00,+7h,1.0,语法,9,语法掌握一般
Ivy_489,班课,Elena,L002545,2026/01/14,周三,miércoles,Wednesday,08:00,15:00,+7h,1.0,阅读,10,语法掌握一般
Noah_178,小组课,Elena,L002546,2026/01/21,周三,miércoles,Wednesday,08:00,15:00,+7h,1.0,口语,8,需要加强口语练习
Ivy_489（教务）,班课,Elena,L002546,2026/01/21,周三,miércoles,Wednesday,08:00,15:00,+7h,1.0,语法,7,需要加强口语练习
Noah_178,班课,Elena,L002547,2026/01/28,周三,miércoles,Wednesday,08:00,15:00,+7h,1.5,口语,2,需要加强口语练习
Ivy_489,小组课,Elena,L002547,2026/01/28,周三,miércoles,Wednesday,08:00,15:00,+7h,1.5,阅读,1,需要加强口语练习
Noah_178（教务）,班课,Elena,L002548,02/04/2026,周三,miércoles,Wednesday,08:00,15:00,+7h,1.0,复习,9,需要加强口语练习
Ivy_489,小组课,Elena,L002548,2026-02-04,周三,miércoles,Wednesday,08:00,15:00,+7h,1.0,语法,2,需要加强口语练习
Noah_178,班课,Elena,L002549,2026/02/11,周三,miércoles,Wednesday,08:00,15:00,+7h,1.0,语法,8,课堂参与积极
Ivy489,班课,Elena（教务）,L002549,2026-02-11,周三,miércoles,Wednesday,08:00,15:00,+7h,1.0,语法,5,课堂参与积极
Noah_178,小组课,Elena,L002550,2026-02-18,周三,miércoles,Wednesday,08:00,16:00,+8h,2.0,复习,14,语法掌握一般
Ivy_489,小组课,Elena,L002550,2026年2月18日,周三,miércoles,Wednesday,08:00,15:00,+7h,2.0,阅读,8,语法掌握一般
Noah178,小组课,Elena,L002551,2026/02/25,周三,miércoles,Wednesday,08:00,15:00,+7h,1.0,复习,13,
Ivy_489,班课,Elena,L002551,2026-02-25,周三,miércoles,Wednesday,08:00,15:00,+7h,1.0,语法,8,
Noah_178,班课,Elena,L002552,2026年3月4日,周三,miércoles,Wednesday,08:00,15:00,+7h,1.5,复习,1,完成本节内容
Ivy489,小组课,Elena,L002552,2026/03/04,周三,miércoles,Wednesday,08:00,15:00,+7h,1.5,阅读,9,完成本节内容
Noah_178,班课,Elena（教务）,L002553,2026-03-11,周三,miércoles,Wednesday,08:00,15:00,+7h,1.0,口语,11,语法掌握一般
Ivy_489,小组课,Elena,L002553,2026-03-11,周三,miércoles,Wednesday,08:00,15:00,+7h,1.0,语法,7,语法掌握一般
Noah_178,班课,Elena（教务）,L002554,03/18/2026,周三,miércoles,Wednesday,08:00,15:00,+7h,1.67,阅读,2,需要加强口语练习
Ivy489,小组课,Elena,L002554,2026-03-18,周三,miércoles,Wednesday,08:00,15:00,+7h,1.67,听力,5,需要加强口语练习
Noah_178,班课,Elena,L002555,03/25/2026,周三,miércoles,Wednesday,08:00,15:00,+7h,1.0,阅读,14,语法掌握一般
Ivy_489,小组课,Elena（教务）,L002555,2026-03-25,周三,miércoles,Wednesday,08:00,15:00,+7h,1.0,口语,7,语法掌握一般
Noah_178,班课,Elena,L002556,04/01/2026,周三,miércoles,Wednesday,08:00,14:00,+6h,2.0,语法,14,需要加强口语练习
Ivy_489,小组课,Elena,L002556,04/01/2026,周三,miércoles,Wednesday,08:00,14:00,+6h,2.0,阅读,3,需要加强口语练习
Noah_178,班课,Elena,L002557,2026-04-08,周三,miércoles,Wednesday,08:00,14:00,+6h,1.0,口语,2,
Ivy_489,班课,Elena,L002557,2026年4月8日,周三,miércoles,Wednesday,08:00,12:00,+4h,1.0,语法,2,
Noah178,班课,Elena（教务）,L002558,2026-04-15,周三,miércoles,Wednesday,08:00,14:00,+6h,1.5,复习,11,课堂参与积极
Ivy_489,班课,Elena,L002558,2026-04-15,周三,miércoles,Wednesday,08:00,14:00,+6h,1.5,听力,12,课堂参与积极
Noah_178（教务）,班课,Elena,L002559,2026-04-22,周三,miércoles,Wednesday,08:00,14:00,+6h,1.67,复习,3,完成本节内容
Ivy_489,小组课,Elena,L002559,2026/04/22,周三,miércoles,Wednesday,08:00,14:00,+6h,1.67,阅读,9,完成本节内容
Noah178,小组课,Elena,L002560,2026-04-29,周三,miércoles,Wednesday,08:00,14:00,+6h,1.67,听力,4,需要加强口语练习
Ivy_489,班课,Elena,L002560,2026-04-29,周三,miércoles,Wednesday,08:00,14:00,+6h,1.67,听力,10,需要加强口语练习
Noah_178,班课,Elena,L002561,2026-05-06,周三,miércoles,Wednesday,08:00,14:00,+6h,1.0,口语,8,完成本节内容
Ivy_489,班课,Elena,L002561,2026-05-06,周三,miércoles,Wednesday,08:00,14:00,+6h,1.0,语法,9,完成本节内容
Noah178,班课,Elena,L002562,2026/05/13,周三,miércoles,Wednesday,08:00,15:00,+7h,1.0,口语,14,需要加强口语练习
Ivy489,小组课,Elena,L002562,2026-05-13,周三,miércoles,Wednesday,08:00,14:00,+6h,1.0,语法,11,需要加强口语练习
Noah178,班课,Elena（教务）,L002563,2026/05/20,周三,miércoles,Wednesday,08:00,14:00,+6h,1.0,语法,1,语法掌握一般
Ivy_489,小组课,Elena,L002563,05/20/2026,周三,miércoles,Wednesday,08:00,14:00,+6h,1.0,听力,14,语法掌握一般
Noah_178,小组课,Elena,L002564,2026-05-27,周三,miércoles,Wednesday,08:00,14:00,+6h,1.67,语法,9,需要加强口语练习
Ivy489,小组课,Elena,L002564,2026-05-27,周三,miércoles,Wednesday,08:00,14:00,+6h,1.67,口语,3,需要加强口语练习
Noah_178,班课,Elena,L002565,2026年6月3日,周三,miércoles,Wednesday,08:00,14:00,+6h,1.0,口语,3,完成本节内容
Ivy_489,班课,Elena,L002565,2026/06/03,周三,miércoles,Wednesday,08:00,14:00,+6h,1.0,复习,10,完成本节内容
Noah_178,班课,Elena,L002566,06/10/2026,周三,miércoles,Wednesday,08:00,12:00,+4h,1.0,阅读,11,
Ivy_489,小组课,Elena（教务）,L002566,2026-06-10,周三,miércoles,Wednesday,08:00,14:00,+6h,1.0,口语,2,
Noah_178,小组课,Elena,L002567,2026-06-17,周三,miércoles,Wednesday,08:00,14:00,+6h,1.0,口语,5,完成本节内容
Ivy489,小组课,Elena,L002567,2026-06-17,周三,miércoles,Wednesday,08:00,14:00,+6h,1.0,语法,8,完成本节内容
Noah178,小组课,Elena,L002568,06/24/2026,周三,miércoles,Wednesday,08:00,14:00,+6h,1.67,语法,8,语法掌握一般
Ivy_489（教务）,班课,Elena,L002568,2026/06/24,周三,miércoles,Wednesday,08:00,14:00,+6h,1.67,口语,9,语法掌握一般
Noah_178（教务）,小组课,Elena,L002569,07/01/2026,周三,miércoles,Wednesday,08:00,14:00,+6h,1.5,口语,5,课堂参与积极
Ivy_489（教务）,小组课,Elena,L002569,2026/07/01,周三,miércoles,Wednesday,08:00,14:00,+6h,1.5,复习,2,课堂参与积极
Noah_178,小组课,Elena,L002570,2026/07/08,周三,miércoles,Wednesday,08:00,14:00,+6h,1.0,听力,2,课堂参与积极
Ivy_489,小组课,Elena,L002570,2026/07/08,周三,miércoles,Wednesday,08:00,14:00,+6h,1.0,语法,5,课堂参与积极
Noah_178（教务）,小组课,Elena（教务）,L002571,07/15/2026,周三,miércoles,Wednesday,08:00,14:00,+6h,1.0,阅读,9,课堂参与积极
Ivy_489,小组课,Elena,L002571,2026/07/15,周三,miércoles,Wednesday,08:00,14:00,+6h,1.0,听力,4,课堂参与积极
Noah178,班课,Elena,L002572,2026年7月22日,周三,miércoles,Wednesday,08:00,14:00,+6h,1.67,听力,9,完成本节内容
Ivy_489（教务）,班课,Elena,L002572,2026年7月22日,周三,miércoles,Wednesday,08:00,14:00,+6h,1.67,复习,5,完成本节内容
Noah_178（教务）,小组课,Elena,L002573,2026-07-29,周三,miércoles,Wednesday,08:00,14:00,+6h,1.0,听力,7,完成本节内容
Ivy_489（教务）,班课,Elena,L002573,07/29/2026,周三,miércoles,Wednesday,08:00,13:00,+5h,1.0,复习,13,完成本节内容
Noah_178,小组课,Elena,L002574,2026-08-05,周三,miércoles,Wednesday,08:00,14:00,+6h,1.5,口语,8,语法掌握一般
Ivy_489,小组课,Elena,L002574,2026/08/05,周三,miércoles,Wednesday,08:00,14:00,+6h,1.5,语法,12,语法掌握一般
Noah_178,班课,Elena,L002575,2026-08-12,周三,miércoles,Wednesday,08:00,14:00,+6h,1.0,听力,2,
Ivy_489,班课,Elena,L002575,2026/08/12,周三,miércoles,Wednesday,08:00,15:00,+7h,1.0,阅读,1,
Noah_178,班课,Elena（教务）,L002576,2026-08-19,周三,miércoles,Wednesday,08:00,11:00,+3h,1.0,口语,14,完成本节内容
Ivy_489,小组课,Elena,L002576,2026-08-19,周三,miércoles,Wednesday,08:00,14:00,+6h,1.0,口语,7,完成本节内容
Noah_178（教务）,班课,Elena,L002577,2026/08/26,周三,miércoles,Wednesday,08:00,13:00,+5h,1.67,阅读,1,
Ivy_489,班课,Elena,L002577,2026-08-26,周三,miércoles,Wednesday,08:00,14:00,+6h,1.67,语法,10,
Sofia_205,小组课,Miguel,L002578,06/29/2025,周日,domingo,Sunday,15:00,15:00,+0h,2.0,口语,1,语法掌握一般
Isabela_320,小组课,Miguel,L002578,2025/06/29,周日,domingo,Sunday,15:00,00:00,+9h,2.0,口语,1,语法掌握一般
Eric_196,班课,Miguel,L002578,2025-06-29,周日,domingo,Sunday,15:00,15:00,+0h,2.0,复习,7,语法掌握一般
Sofia_205（教务）,小组课,Miguel,L002579,2025-07-06,周日,domingo,Sunday,15:00,15:00,+0h,1.0,听力,7,
Isabela_320,小组课,Miguel,L002579,2025-07-06,周日,domingo,Sunday,15:00,21:00,+6h,1.0,听力,9,
Eric_196,班课,Miguel,L002579,2025/07/06,周日,domingo,Sunday,15:00,15:00,+0h,1.0,口语,9,
Sofia_205（教务）,小组课,Miguel,L002580,2025年7月13日,周日,domingo,Sunday,15:00,15:00,+0h,1.67,阅读,6,需要加强口语练习
Isabela_320,小组课,Miguel,L002580,2025-07-13,周日,domingo,Sunday,15:00,21:00,+6h,1.67,口语,8,需要加强口语练习
Eric196,小组课,Miguel,L002580,2025/07/13,周日,domingo,Sunday,15:00,15:00,+0h,1.67,复习,10,需要加强口语练习
Sofia_205,小组课,Miguel,L002581,2025/07/20,周日,domingo,Sunday,15:00,14:00,-1h,1.0,听力,9,需要加强口语练习
Isabela320,班课,Miguel,L002581,2025/07/20,周日,domingo,Sunday,15:00,20:00,+5h,1.0,复习,5,需要加强口语练习
Eric_196,小组课,Miguel,L002581,07/20/2025,周日,domingo,Sunday,15:00,15:00,+0h,1.0,语法,8,需要加强口语练习
Sofia_205,班课,Miguel（教务）,L002582,07/27/2025,周日,domingo,Sunday,15:00,14:00,-1h,1.0,听力,7,完成本节内容
Isabela_320（教务）,班课,Miguel,L002582,2025/07/27,周日,domingo,Sunday,15:00,21:00,+6h,1.0,口语,4,完成本节内容
Eric_196（教务）,小组课,Miguel,L002582,2025年7月27日,周日,domingo,Sunday,15:00,15:00,+0h,1.0,听力,5,完成本节内容
Sofia205,小组课,Miguel,L002583,2025年8月3日,周日,domingo,Sunday,15:00,15:00,+0h,2.0,口语,1,课堂参与积极
Isabela_320（教务）,小组课,Miguel,L002583,2025年8月3日,周日,domingo,Sunday,15:00,21:00,+6h,2.0,复习,9,课堂参与积极
Eric_196,小组课,Miguel,L002583,2025/08/03,周日,domingo,Sunday,15:00,15:00,+0h,2.0,复习,10,课堂参与积极
Sofia_205,班课,Miguel,L002584,2025年8月10日,周日,domingo,Sunday,15:00,15:00,+0h,1.0,口语,6,语法掌握一般
Isabela_320（教务）,班课,Miguel,L002584,2025-08-10,周日,domingo,Sunday,15:00,21:00,+6h,1.0,阅读,2,语法掌握一般
Eric_196,小组课,Miguel,L002584,2025/08/10,周日,domingo,Sunday,15:00,15:00,+0h,1.0,语法,10,语法掌握一般
Sofia_205,小组课,Miguel（教务）,L002585,2025年8月17日,周日,domingo,Sunday,15:00,15:00,+0h,1.0,复习,4,完成本节内容
Isabela_320,班课,Miguel,L002585,2025-08-17,周日,domingo,Sunday,15:00,21:00,+6h,1.0,复习,1,完成本节内容
Eric_196,小组课,Miguel,L002585,2025-08-17,周日,domingo,Sunday,15:00,15:00,+0h,1.0,口语,3,完成本节内容
Sofia_205,班课,Miguel,L002586,2025年8月24日,周日,domingo,Sunday,15:00,15:00,+0h,1.5,语法,6,完成本节内容
Isabela_320,小组课,Miguel,L002586,2025-08-24,周日,domingo,Sunday,15:00,21:00,+6h,1.5,复习,2,完成本节内容
Eric_196,小组课,Miguel,L002586,08/24/2025,周日,domingo,Sunday,15:00,16:00,+1h,1.5,复习,14,完成本节内容
Sofia_205,班课,Miguel（教务）,L002587,2025-08-31,周日,domingo,Sunday,15:00,15:00,+0h,1.67,听力,6,完成本节内容
Isabela_320,班课,Miguel,L002587,2025/08/31,周日,domingo,Sunday,15:00,20:00,+5h,1.67,语法,11,完成本节内容
Eric196,小组课,Miguel,L002587,2025年8月31日,周日,domingo,Sunday,15:00,15:00,+0h,1.67,语法,10,完成本节内容
Sofia_205,小组课,Miguel,L002588,2025/09/07,周日,domingo,Sunday,15:00,15:00,+0h,1.0,语法,6,完成本节内容
Isabela_320,小组课,Miguel,L002588,09/07/2025,周日,domingo,Sunday,15:00,21:00,+6h,1.0,复习,10,完成本节内容
Eric_196,小组课,Miguel,L002588,2025-09-07,周日,domingo,Sunday,15:00,15:00,+0h,1.0,复习,1,完成本节内容
Sofia205,班课,Miguel,L002589,2025-09-14,周日,domingo,Sunday,15:00,15:00,+0h,1.0,口语,6,课堂参与积极
Isabela_320,小组课,Miguel,L002589,2025-09-14,周日,domingo,Sunday,15:00,20:00,+5h,1.0,口语,7,课堂参与积极
Eric_196,小组课,Miguel（教务）,L002589,2025/09/14,周日,domingo,Sunday,15:00,16:00,+1h,1.0,语法,9,课堂参与积极
Sofia_205,小组课,Miguel（教务）,L002590,2025-09-21,周日,domingo,Sunday,15:00,15:00,+0h,1.0,语法,10,需要加强口语练习
Isabela_320,小组课,Miguel,L002590,2025年9月21日,周日,domingo,Sunday,15:00,18:00,+3h,1.0,复习,9,需要加强口语练习
Eric_196,班课,Miguel,L002590,09/21/2025,周日,domingo,Sunday,15:00,13:00,-2h,1.0,阅读,4,需要加强口语练习
Sofia205,小组课,Miguel（教务）,L002591,2025-09-28,周日,domingo,Sunday,15:00,15:00,+0h,1.67,口语,11,完成本节内容
Isabela_320,小组课,Miguel,L002591,2025/09/28,周日,domingo,Sunday,15:00,22:00,+7h,1.67,复习,9,完成本节内容
Eric196,小组课,Miguel,L002591,2025-09-28,周日,domingo,Sunday,15:00,15:00,+0h,1.67,阅读,4,完成本节内容
Sofia_205,小组课,Miguel（教务）,L002592,2025-10-05,周日,domingo,Sunday,15:00,15:00,+0h,1.5,语法,13,
Isabela_320,小组课,Miguel,L002592,10/05/2025,周日,domingo,Sunday,15:00,21:00,+6h,1.5,复习,6,
Eric_196,小组课,Miguel,L002592,2025-10-05,周日,domingo,Sunday,15:00,15:00,+0h,1.5,阅读,1,
Sofia_205,班课,Miguel,L002593,2025-10-12,周日,domingo,Sunday,15:00,15:00,+0h,1.0,阅读,3,
Isabela_320（教务）,小组课,Miguel,L002593,2025/10/12,周日,domingo,Sunday,15:00,21:00,+6h,1.0,语法,1,
Eric_196,小组课,Miguel,L002593,10/12/2025,周日,domingo,Sunday,15:00,15:00,+0h,1.0,阅读,2,
Sofia_205,班课,Miguel,L002594,2025-10-19,周日,domingo,Sunday,15:00,15:00,+0h,1.67,听力,5,需要加强口语练习
Isabela_320,小组课,Miguel,L002594,2025-10-19,周日,domingo,Sunday,15:00,21:00,+6h,1.67,复习,6,需要加强口语练习
Eric196,小组课,Miguel,L002594,2025-10-19,周日,domingo,Sunday,15:00,15:00,+0h,1.67,阅读,9,需要加强口语练习
Sofia_205,小组课,Miguel,L002595,2025-10-26,周日,domingo,Sunday,15:00,15:00,+0h,2.0,语法,3,
Isabela_320（教务）,班课,Miguel,L002595,2025年10月26日,周日,domingo,Sunday,15:00,22:00,+7h,2.0,听力,13,
Eric196,班课,Miguel,L002595,10/26/2025,周日,domingo,Sunday,15:00,15:00,+0h,2.0,口语,13,
Sofia_205,班课,Miguel,L002596,2025年11月2日,周日,domingo,Sunday,15:00,15:00,+0h,1.5,复习,10,需要加强口语练习
Isabela320,小组课,Miguel（教务）,L002596,2025年11月2日,周日,domingo,Sunday,15:00,22:00,+7h,1.5,语法,11,需要加强口语练习
Eric_196,小组课,Miguel,L002596,2025-11-02,周日,domingo,Sunday,15:00,15:00,+0h,1.5,口语,4,需要加强口语练习
Sofia205,班课,Miguel,L002597,2025年11月9日,周日,domingo,Sunday,15:00,15:00,+0h,1.5,听力,13,语法掌握一般
Isabela_320（教务）,小组课,Miguel,L002597,2025/11/09,周日,domingo,Sunday,15:00,22:00,+7h,1.5,口语,9,语法掌握一般
Eric_196,班课,Miguel（教务）,L002597,2025/11/09,周日,domingo,Sunday,15:00,15:00,+0h,1.5,复习,11,语法掌握一般
Sofia_205,班课,Miguel,L002598,11/16/2025,周日,domingo,Sunday,15:00,15:00,+0h,1.0,听力,8,需要加强口语练习
Isabela_320,班课,Miguel,L002598,2025-11-16,周日,domingo,Sunday,15:00,22:00,+7h,1.0,语法,6,需要加强口语练习
Eric_196,小组课,Miguel,L002598,2025-11-16,周日,domingo,Sunday,15:00,15:00,+0h,1.0,口语,10,需要加强口语练习
Sofia_205,小组课,Miguel（教务）,L002599,2025/11/23,周日,domingo,Sunday,15:00,15:00,+0h,1.0,语法,6,需要加强口语练习
Isabela320,小组课,Miguel（教务）,L002599,2025-11-23,周日,domingo,Sunday,15:00,22:00,+7h,1.0,听力,3,需要加强口语练习
Eric_196,班课,Miguel（教务）,L002599,2025-11-23,周日,domingo,Sunday,15:00,15:00,+0h,1.0,语法,11,需要加强口语练习
Sofia_205,小组课,Miguel,L002600,2025-11-30,周日,domingo,Sunday,15:00,14:00,-1h,1.5,复习,10,完成本节内容
Isabela_320（教务）,小组课,Miguel,L002600,2025-11-30,周日,domingo,Sunday,15:00,22:00,+7h,1.5,听力,5,完成本节内容
Eric196,班课,Miguel,L002600,11/30/2025,周日,domingo,Sunday,15:00,15:00,+0h,1.5,复习,4,完成本节内容
Sofia_205,班课,Miguel,L002601,2025-12-07,周日,domingo,Sunday,15:00,15:00,+0h,1.5,阅读,6,完成本节内容
Isabela_320,小组课,Miguel,L002601,2025-12-07,周日,domingo,Sunday,15:00,22:00,+7h,1.5,听力,6,完成本节内容
Eric_196,小组课,Miguel,L002601,2025-12-07,周日,domingo,Sunday,15:00,18:00,+3h,1.5,语法,11,完成本节内容
Sofia_205,小组课,Miguel,L002602,2025年12月14日,周日,domingo,Sunday,15:00,15:00,+0h,2.0,语法,9,语法掌握一般
Isabela_320,小组课,Miguel,L002602,2025-12-14,周日,domingo,Sunday,15:00,22:00,+7h,2.0,听力,12,语法掌握一般
Eric196,小组课,Miguel,L002602,2025-12-14,周日,domingo,Sunday,15:00,15:00,+0h,2.0,阅读,5,语法掌握一般
Sofia_205,小组课,Miguel,L002603,2025/12/21,周日,domingo,Sunday,15:00,15:00,+0h,1.0,语法,7,需要加强口语练习
Isabela_320,班课,Miguel,L002603,2025/12/21,周日,domingo,Sunday,15:00,22:00,+7h,1.0,口语,7,需要加强口语练习
Eric_196,班课,Miguel,L002603,2025年12月21日,周日,domingo,Sunday,15:00,15:00,+0h,1.0,阅读,11,需要加强口语练习
Sofia_205,班课,Miguel,L002604,2025-12-28,周日,domingo,Sunday,15:00,15:00,+0h,1.67,阅读,13,语法掌握一般
Isabela_320（教务）,小组课,Miguel,L002604,2025/12/28,周日,domingo,Sunday,15:00,22:00,+7h,1.67,阅读,5,语法掌握一般
Eric_196,班课,Miguel,L002604,2025/12/28,周日,domingo,Sunday,15:00,15:00,+0h,1.67,复习,2,语法掌握一般
Sofia_205（教务）,小组课,Miguel,L002605,2026-01-04,周日,domingo,Sunday,15:00,15:00,+0h,1.5,听力,7,完成本节内容
Isabela_320（教务）,班课,Miguel,L002605,2026-01-04,周日,domingo,Sunday,15:00,22:00,+7h,1.5,复习,9,完成本节内容
Eric196,班课,Miguel,L002605,2026/01/04,周日,domingo,Sunday,15:00,15:00,+0h,1.5,听力,14,完成本节内容
Sofia_205,班课,Miguel,L002606,2026/01/11,周日,domingo,Sunday,15:00,15:00,+0h,1.0,复习,3,
Isabela_320（教务）,班课,Miguel,L002606,2026-01-11,周日,domingo,Sunday,15:00,22:00,+7h,1.0,听力,7,
Eric196,小组课,Miguel,L002606,2026/01/11,周日,domingo,Sunday,15:00,15:00,+0h,1.0,语法,2,
Sofia_205,班课,Miguel,L002607,2026-01-18,周日,domingo,Sunday,15:00,15:00,+0h,1.67,语法,5,课堂参与积极
Isabela_320,小组课,Miguel,L002607,2026年1月18日,周日,domingo,Sunday,15:00,22:00,+7h,1.67,语法,4,课堂参与积极
Eric_196,班课,Miguel,L002607,2026-01-18,周日,domingo,Sunday,15:00,14:00,-1h,1.67,复习,1,课堂参与积极
Sofia_205,班课,Miguel,L002608,2026-01-25,周日,domingo,Sunday,15:00,15:00,+0h,1.67,阅读,14,语法掌握一般
Isabela_320,班课,Miguel,L002608,01/25/2026,周日,domingo,Sunday,15:00,22:00,+7h,1.67,口语,9,语法掌握一般
Eric_196,班课,Miguel,L002608,2026/01/25,周日,domingo,Sunday,15:00,15:00,+0h,1.67,语法,12,语法掌握一般
Sofia_205,班课,Miguel,L002609,2026/02/01,周日,domingo,Sunday,15:00,14:00,-1h,1.0,语法,2,完成本节内容
Isabela_320,小组课,Miguel（教务）,L002609,2026/02/01,周日,domingo,Sunday,15:00,22:00,+7h,1.0,语法,2,完成本节内容
Eric_196（教务）,班课,Miguel,L002609,2026-02-01,周日,domingo,Sunday,15:00,15:00,+0h,1.0,语法,13,完成本节内容
Sofia_205（教务）,班课,Miguel,L002610,2026-02-08,周日,domingo,Sunday,15:00,15:00,+0h,1.67,阅读,13,需要加强口语练习
Isabela_320,班课,Miguel,L002610,2026/02/08,周日,domingo,Sunday,15:00,22:00,+7h,1.67,语法,3,需要加强口语练习
Eric_196,班课,Miguel,L002610,2026-02-08,周日,domingo,Sunday,15:00,15:00,+0h,1.67,语法,9,需要加强口语练习
Sofia_205,小组课,Miguel,L002611,2026-02-15,周日,domingo,Sunday,15:00,15:00,+0h,1.5,语法,7,完成本节内容
Isabela320,小组课,Miguel（教务）,L002611,2026年2月15日,周日,domingo,Sunday,15:00,22:00,+7h,1.5,阅读,12,完成本节内容
Eric_196,班课,Miguel,L002611,2026-02-15,周日,domingo,Sunday,15:00,15:00,+0h,1.5,口语,8,完成本节内容
Sofia_205,小组课,Miguel,L002612,2026-02-22,周日,domingo,Sunday,15:00,15:00,+0h,1.0,口语,1,课堂参与积极
Isabela320,小组课,Miguel,L002612,2026/02/22,周日,domingo,Sunday,15:00,22:00,+7h,1.0,阅读,12,课堂参与积极
Eric_196,小组课,Miguel,L002612,2026-02-22,周日,domingo,Sunday,15:00,15:00,+0h,1.0,语法,7,课堂参与积极
Sofia_205,小组课,Miguel,L002613,2026-03-01,周日,domingo,Sunday,15:00,15:00,+0h,1.0,阅读,2,完成本节内容
Isabela320,小组课,Miguel,L002613,2026-03-01,周日,domingo,Sunday,15:00,22:00,+7h,1.0,复习,11,完成本节内容
Eric_196,小组课,Miguel（教务）,L002613,03/01/2026,周日,domingo,Sunday,15:00,15:00,+0h,1.0,口语,9,完成本节内容
Sofia_205（教务）,班课,Miguel,L002614,2026-03-08,周日,domingo,Sunday,15:00,15:00,+0h,2.0,语法,1,需要加强口语练习
Isabela_320（教务）,班课,Miguel,L002614,2026年3月8日,周日,domingo,Sunday,15:00,22:00,+7h,2.0,听力,13,需要加强口语练习
Eric196,小组课,Miguel,L002614,2026-03-08,周日,domingo,Sunday,15:00,15:00,+0h,2.0,口语,7,需要加强口语练习
Sofia_205（教务）,班课,Miguel,L002615,2026-03-15,周日,domingo,Sunday,15:00,15:00,+0h,1.0,口语,2,语法掌握一般
Isabela_320,小组课,Miguel,L002615,2026/03/15,周日,domingo,Sunday,15:00,22:00,+7h,1.0,阅读,13,语法掌握一般
Eric196,小组课,Miguel（教务）,L002615,2026/03/15,周日,domingo,Sunday,15:00,15:00,+0h,1.0,口语,13,语法掌握一般
Sofia_205（教务）,小组课,Miguel,L002616,2026-03-22,周日,domingo,Sunday,15:00,15:00,+0h,1.67,阅读,9,语法掌握一般
Isabela_320,小组课,Miguel,L002616,2026-03-22,周日,domingo,Sunday,15:00,22:00,+7h,1.67,口语,3,语法掌握一般
Eric_196,班课,Miguel,L002616,2026-03-22,周日,domingo,Sunday,15:00,15:00,+0h,1.67,阅读,8,语法掌握一般
Sofia_205,小组课,Miguel（教务）,L002617,03/29/2026,周日,domingo,Sunday,15:00,16:00,+1h,1.0,听力,4,课堂参与积极
Isabela_320,班课,Miguel,L002617,2026-03-29,周日,domingo,Sunday,15:00,20:00,+5h,1.0,语法,12,课堂参与积极
Eric_196,班课,Miguel,L002617,2026-03-29,周日,domingo,Sunday,15:00,15:00,+0h,1.0,语法,1,课堂参与积极
Sofia205,小组课,Miguel,L002618,2026-04-05,周日,domingo,Sunday,15:00,15:00,+0h,1.5,语法,3,完成本节内容
Isabela_320,班课,Miguel,L002618,2026-04-05,周日,domingo,Sunday,15:00,21:00,+6h,1.5,听力,8,完成本节内容
Eric_196（教务）,小组课,Miguel,L002618,2026/04/05,周日,domingo,Sunday,15:00,15:00,+0h,1.5,语法,4,完成本节内容
Sofia_205,小组课,Miguel,L002619,2026-04-12,周日,domingo,Sunday,15:00,14:00,-1h,1.5,口语,14,语法掌握一般
Isabela_320,班课,Miguel,L002619,2026-04-12,周日,domingo,Sunday,15:00,23:00,+8h,1.5,复习,1,语法掌握一般
Eric_196,班课,Miguel（教务）,L002619,2026/04/12,周日,domingo,Sunday,15:00,15:00,+0h,1.5,复习,9,语法掌握一般
Sofia_205,班课,Miguel,L002620,2026-04-19,周日,domingo,Sunday,15:00,15:00,+0h,2.0,复习,2,需要加强口语练习
Isabela_320,班课,Miguel,L002620,04/19/2026,周日,domingo,Sunday,15:00,21:00,+6h,2.0,听力,9,需要加强口语练习
Eric196,小组课,Miguel,L002620,2026年4月19日,周日,domingo,Sunday,15:00,15:00,+0h,2.0,语法,2,需要加强口语练习
Sofia_205,小组课,Miguel,L002621,2026-04-26,周日,domingo,Sunday,15:00,15:00,+0h,1.0,阅读,11,课堂参与积极
Isabela_320,小组课,Miguel,L002621,04/26/2026,周日,domingo,Sunday,15:00,21:00,+6h,1.0,语法,8,课堂参与积极
Eric_196,班课,Miguel,L002621,2026年4月26日,周日,domingo,Sunday,15:00,15:00,+0h,1.0,复习,1,课堂参与积极
Sofia_205,班课,Miguel,L002622,2026/05/03,周日,domingo,Sunday,15:00,15:00,+0h,1.67,口语,5,课堂参与积极
Isabela320,班课,Miguel,L002622,2026-05-03,周日,domingo,Sunday,15:00,21:00,+6h,1.67,口语,13,课堂参与积极
Eric_196,班课,Miguel,L002622,2026-05-03,周日,domingo,Sunday,15:00,15:00,+0h,1.67,阅读,10,课堂参与积极
Sofia_205,班课,Miguel（教务）,L002623,2026-05-10,周日,domingo,Sunday,15:00,15:00,+0h,1.0,语法,7,需要加强口语练习
Isabela_320,小组课,Miguel（教务）,L002623,2026-05-10,周日,domingo,Sunday,15:00,21:00,+6h,1.0,阅读,14,需要加强口语练习
Eric_196,小组课,Miguel,L002623,2026年5月10日,周日,domingo,Sunday,15:00,15:00,+0h,1.0,语法,2,需要加强口语练习
Sofia_205,班课,Miguel,L002624,2026-05-17,周日,domingo,Sunday,15:00,15:00,+0h,1.0,口语,7,课堂参与积极
Isabela_320,小组课,Miguel,L002624,2026年5月17日,周日,domingo,Sunday,15:00,21:00,+6h,1.0,口语,7,课堂参与积极
Eric_196,小组课,Miguel,L002624,2026-05-17,周日,domingo,Sunday,15:00,15:00,+0h,1.0,口语,9,课堂参与积极
Sofia_205（教务）,班课,Miguel,L002625,05/24/2026,周日,domingo,Sunday,15:00,15:00,+0h,2.0,阅读,7,语法掌握一般
Isabela_320,班课,Miguel,L002625,05/24/2026,周日,domingo,Sunday,15:00,21:00,+6h,2.0,阅读,14,语法掌握一般
Eric_196,班课,Miguel,L002625,2026-05-24,周日,domingo,Sunday,15:00,16:00,+1h,2.0,口语,12,语法掌握一般
Sofia_205,小组课,Miguel,L002626,2026/05/31,周日,domingo,Sunday,15:00,15:00,+0h,1.67,语法,8,需要加强口语练习
Isabela_320（教务）,班课,Miguel（教务）,L002626,05/31/2026,周日,domingo,Sunday,15:00,21:00,+6h,1.67,阅读,13,需要加强口语练习
Eric_196,小组课,Miguel,L002626,2026-05-31,周日,domingo,Sunday,15:00,18:00,+3h,1.67,语法,6,需要加强口语练习
Sofia205,班课,Miguel,L002627,2026-06-07,周日,domingo,Sunday,15:00,15:00,+0h,1.5,阅读,13,完成本节内容
Isabela320,小组课,Miguel（教务）,L002627,2026-06-07,周日,domingo,Sunday,15:00,21:00,+6h,1.5,复习,14,完成本节内容
Eric_196,小组课,Miguel,L002627,06/07/2026,周日,domingo,Sunday,15:00,15:00,+0h,1.5,听力,14,完成本节内容
Sofia205,班课,Miguel,L002628,2026-06-14,周日,domingo,Sunday,15:00,15:00,+0h,1.0,阅读,12,需要加强口语练习
Isabela320,班课,Miguel,L002628,2026-06-14,周日,domingo,Sunday,15:00,21:00,+6h,1.0,听力,9,需要加强口语练习
Eric_196,小组课,Miguel,L002628,2026-06-14,周日,domingo,Sunday,15:00,15:00,+0h,1.0,口语,4,需要加强口语练习
Sofia_205,小组课,Miguel,L002629,2026/06/21,周日,domingo,Sunday,15:00,15:00,+0h,1.0,口语,9,
Isabela_320,班课,Miguel,L002629,2026-06-21,周日,domingo,Sunday,15:00,21:00,+6h,1.0,阅读,4,
Eric_196,小组课,Miguel,L002629,2026/06/21,周日,domingo,Sunday,15:00,15:00,+0h,1.0,听力,6,
Sofia_205,小组课,Miguel,L002630,2026-06-28,周日,domingo,Sunday,15:00,15:00,+0h,1.0,口语,5,完成本节内容
Isabela_320,班课,Miguel,L002630,2026-06-28,周日,domingo,Sunday,15:00,21:00,+6h,1.0,口语,7,完成本节内容
Eric_196,班课,Miguel,L002630,2026-06-28,周日,domingo,Sunday,15:00,15:00,+0h,1.0,复习,6,完成本节内容
Sofia_205,小组课,Miguel,L002631,2026-07-05,周日,domingo,Sunday,15:00,15:00,+0h,1.5,口语,4,课堂参与积极
Isabela_320,小组课,Miguel,L002631,2026年7月5日,周日,domingo,Sunday,15:00,21:00,+6h,1.5,阅读,12,课堂参与积极
Eric_196,班课,Miguel,L002631,2026/07/05,周日,domingo,Sunday,15:00,15:00,+0h,1.5,语法,13,课堂参与积极
Sofia_205,班课,Miguel（教务）,L002632,2026年7月12日,周日,domingo,Sunday,15:00,15:00,+0h,1.0,阅读,1,语法掌握一般
Isabela320,小组课,Miguel,L002632,2026年7月12日,周日,domingo,Sunday,15:00,21:00,+6h,1.0,复习,10,语法掌握一般
Eric_196（教务）,小组课,Miguel,L002632,2026年7月12日,周日,domingo,Sunday,15:00,15:00,+0h,1.0,复习,4,语法掌握一般
Sofia_205（教务）,小组课,Miguel,L002633,07/19/2026,周日,domingo,Sunday,15:00,15:00,+0h,1.0,听力,10,完成本节内容
Isabela_320,班课,Miguel,L002633,07/19/2026,周日,domingo,Sunday,15:00,21:00,+6h,1.0,语法,12,完成本节内容
Eric_196,小组课,Miguel,L002633,2026/07/19,周日,domingo,Sunday,15:00,15:00,+0h,1.0,阅读,7,完成本节内容
Sofia_205,班课,Miguel,L002634,2026/07/26,周日,domingo,Sunday,15:00,15:00,+0h,2.0,听力,6,完成本节内容
Isabela320,小组课,Miguel,L002634,2026-07-26,周日,domingo,Sunday,15:00,21:00,+6h,2.0,阅读,14,完成本节内容
Eric_196,小组课,Miguel（教务）,L002634,2026-07-26,周日,domingo,Sunday,15:00,15:00,+0h,2.0,口语,14,完成本节内容
Sofia_205,班课,Miguel,L002635,2026-08-02,周日,domingo,Sunday,15:00,14:00,-1h,1.0,口语,9,完成本节内容
Isabela_320,班课,Miguel,L002635,2026/08/02,周日,domingo,Sunday,15:00,21:00,+6h,1.0,阅读,4,完成本节内容
Eric_196,班课,Miguel,L002635,2026-08-02,周日,domingo,Sunday,15:00,15:00,+0h,1.0,语法,7,完成本节内容
Sofia205,班课,Miguel（教务）,L002636,2026-08-09,周日,domingo,Sunday,15:00,15:00,+0h,1.0,听力,14,完成本节内容
Isabela_320（教务）,班课,Miguel,L002636,2026-08-09,周日,domingo,Sunday,15:00,21:00,+6h,1.0,语法,6,完成本节内容
Eric196,小组课,Miguel,L002636,2026年8月9日,周日,domingo,Sunday,15:00,15:00,+0h,1.0,阅读,6,完成本节内容
Sofia_205,班课,Miguel（教务）,L002637,2026-08-16,周日,domingo,Sunday,15:00,15:00,+0h,1.0,口语,12,完成本节内容
Isabela_320,小组课,Miguel,L002637,2026-08-16,周日,domingo,Sunday,15:00,21:00,+6h,1.0,复习,1,完成本节内容
Eric_196,班课,Miguel,L002637,2026-08-16,周日,domingo,Sunday,15:00,15:00,+0h,1.0,口语,9,完成本节内容
Sofia205,班课,Miguel,L002638,2026-08-23,周日,domingo,Sunday,15:00,14:00,-1h,1.0,听力,10,语法掌握一般
Isabela320,小组课,Miguel,L002638,2026-08-23,周日,domingo,Sunday,15:00,20:00,+5h,1.0,听力,7,语法掌握一般
Eric_196,班课,Miguel,L002638,08/23/2026,周日,domingo,Sunday,15:00,15:00,+0h,1.0,阅读,9,语法掌握一般
Sofia_205,小组课,Miguel,L002639,2026年8月30日,周日,domingo,Sunday,15:00,15:00,+0h,2.0,口语,14,需要加强口语练习
Isabela_320,班课,Miguel,L002639,2026/08/30,周日,domingo,Sunday,15:00,21:00,+6h,2.0,口语,2,需要加强口语练习
Eric196,小组课,Miguel,L002639,2026年8月30日,周日,domingo,Sunday,15:00,16:00,+1h,2.0,听力,12,需要加强口语练习
Xuan_508,班课,Rocio,L002640,2025-04-04,周五,viernes,Friday,12:00,17:00,+5h,1.0,阅读,2,
Elynn_473,小组课,Rocio,L002640,2025-04-04,周五,viernes,Friday,12:00,20:00,+8h,1.0,口语,13,
Chloe_381,班课,Rocio,L002640,2025-04-04,周五,viernes,Friday,12:00,11:00,-1h,1.0,语法,7,
Larry_411,小组课,Rocio,L002640,2025-04-04,周五,viernes,Friday,12:00,21:00,+9h,1.0,语法,6,
Xuan_508,小组课,Rocio,L002641,2025-04-11,周五,viernes,Friday,12:00,18:00,+6h,1.0,口语,7,语法掌握一般
Elynn_473,小组课,Rocio,L002641,2025年4月11日,周五,viernes,Friday,12:00,18:00,+6h,1.0,语法,6,语法掌握一般
Chloe_381,班课,Rocio,L002641,2025/04/11,周五,viernes,Friday,12:00,11:00,-1h,1.0,听力,13,语法掌握一般
Larry_411,小组课,Rocio,L002641,2025/04/11,周五,viernes,Friday,12:00,18:00,+6h,1.0,语法,2,语法掌握一般
Xuan508,班课,Rocio,L002642,2025-04-18,周五,viernes,Friday,12:00,18:00,+6h,1.67,听力,1,完成本节内容
Elynn473,小组课,Rocio,L002642,2025年4月18日,周五,viernes,Friday,12:00,18:00,+6h,1.67,复习,4,完成本节内容
Chloe_381,小组课,Rocio,L002642,2025/04/18,周五,viernes,Friday,12:00,12:00,+0h,1.67,听力,7,完成本节内容
Larry_411,班课,Rocio,L002642,2025-04-18,周五,viernes,Friday,12:00,15:00,+3h,1.67,语法,3,完成本节内容
Xuan_508,班课,Rocio,L002643,2025-04-25,周五,viernes,Friday,12:00,18:00,+6h,1.67,听力,6,
Elynn_473,班课,Rocio,L002643,2025年4月25日,周五,viernes,Friday,12:00,18:00,+6h,1.67,复习,5,
Chloe_381,小组课,Rocio,L002643,2025-04-25,周五,viernes,Friday,12:00,11:00,-1h,1.67,口语,13,
Larry_411,班课,Rocio,L002643,2025-04-25,周五,viernes,Friday,12:00,18:00,+6h,1.67,阅读,9,
Xuan_508,小组课,Rocio,L002644,05/02/2025,周五,viernes,Friday,12:00,16:00,+4h,1.0,复习,14,语法掌握一般
Elynn_473,班课,Rocio,L002644,2025-05-02,周五,viernes,Friday,12:00,18:00,+6h,1.0,阅读,3,语法掌握一般
Chloe_381,班课,Rocio,L002644,2025/05/02,周五,viernes,Friday,12:00,11:00,-1h,1.0,口语,14,语法掌握一般
Larry_411,班课,Rocio,L002644,2025-05-02,周五,viernes,Friday,12:00,18:00,+6h,1.0,听力,11,语法掌握一般
Xuan_508,小组课,Rocio,L002645,05/09/2025,周五,viernes,Friday,12:00,18:00,+6h,1.0,阅读,3,语法掌握一般
Elynn_473（教务）,班课,Rocio（教务）,L002645,2025-05-09,周五,viernes,Friday,12:00,18:00,+6h,1.0,语法,4,语法掌握一般
Chloe_381,小组课,Rocio,L002645,2025-05-09,周五,viernes,Friday,12:00,11:00,-1h,1.0,语法,2,语法掌握一般
Larry_411,小组课,Rocio,L002645,2025-05-09,周五,viernes,Friday,12:00,17:00,+5h,1.0,复习,1,语法掌握一般
Xuan_508,班课,Rocio,L002646,2025-05-16,周五,viernes,Friday,12:00,18:00,+6h,1.0,听力,2,需要加强口语练习
Elynn_473,小组课,Rocio,L002646,2025-05-16,周五,viernes,Friday,12:00,18:00,+6h,1.0,语法,9,需要加强口语练习
Chloe_381,班课,Rocio,L002646,2025-05-16,周五,viernes,Friday,12:00,11:00,-1h,1.0,阅读,6,需要加强口语练习
Larry_411,小组课,Rocio,L002646,05/16/2025,周五,viernes,Friday,12:00,15:00,+3h,1.0,阅读,7,需要加强口语练习
Xuan_508（教务）,小组课,Rocio,L002647,2025-05-23,周五,viernes,Friday,12:00,18:00,+6h,1.0,语法,14,完成本节内容
Elynn_473,小组课,Rocio,L002647,2025/05/23,周五,viernes,Friday,12:00,20:00,+8h,1.0,阅读,5,完成本节内容
Chloe381,班课,Rocio,L002647,2025-05-23,周五,viernes,Friday,12:00,11:00,-1h,1.0,听力,6,完成本节内容
Larry_411,小组课,Rocio,L002647,2025/05/23,周五,viernes,Friday,12:00,18:00,+6h,1.0,语法,5,完成本节内容
Xuan_508,班课,Rocio（教务）,L002648,2025-05-30,周五,viernes,Friday,12:00,18:00,+6h,2.0,口语,14,
Elynn_473（教务）,小组课,Rocio,L002648,2025/05/30,周五,viernes,Friday,12:00,18:00,+6h,2.0,语法,8,
Chloe381,小组课,Rocio,L002648,05/30/2025,周五,viernes,Friday,12:00,11:00,-1h,2.0,听力,11,
Larry_411,班课,Rocio,L002648,2025-05-30,周五,viernes,Friday,12:00,21:00,+9h,2.0,语法,1,
Xuan_508,班课,Rocio,L002649,2025-06-06,周五,viernes,Friday,12:00,18:00,+6h,1.0,语法,14,完成本节内容
Elynn_473（教务）,班课,Rocio（教务）,L002649,2025年6月6日,周五,viernes,Friday,12:00,18:00,+6h,1.0,复习,1,完成本节内容
Chloe_381,小组课,Rocio,L002649,2025/06/06,周五,viernes,Friday,12:00,11:00,-1h,1.0,阅读,7,完成本节内容
Larry_411,班课,Rocio,L002649,2025-06-06,周五,viernes,Friday,12:00,18:00,+6h,1.0,语法,3,完成本节内容
Xuan508,班课,Rocio,L002650,2025/06/13,周五,viernes,Friday,12:00,17:00,+5h,1.5,阅读,11,需要加强口语练习
Elynn_473,小组课,Rocio,L002650,2025/06/13,周五,viernes,Friday,12:00,18:00,+6h,1.5,口语,6,需要加强口语练习
Chloe_381,班课,Rocio,L002650,2025/06/13,周五,viernes,Friday,12:00,14:00,+2h,1.5,阅读,9,需要加强口语练习
Larry_411,小组课,Rocio,L002650,2025/06/13,周五,viernes,Friday,12:00,18:00,+6h,1.5,阅读,9,需要加强口语练习
Xuan_508（教务）,班课,Rocio,L002651,06/20/2025,周五,viernes,Friday,12:00,18:00,+6h,1.67,语法,4,语法掌握一般
Elynn_473,班课,Rocio,L002651,2025-06-20,周五,viernes,Friday,12:00,18:00,+6h,1.67,复习,13,语法掌握一般
Chloe381,班课,Rocio,L002651,2025-06-20,周五,viernes,Friday,12:00,11:00,-1h,1.67,听力,8,语法掌握一般
Larry_411,班课,Rocio,L002651,06/20/2025,周五,viernes,Friday,12:00,18:00,+6h,1.67,语法,14,语法掌握一般
Xuan_508,小组课,Rocio,L002652,06/27/2025,周五,viernes,Friday,12:00,18:00,+6h,1.67,复习,10,完成本节内容
Elynn_473,小组课,Rocio,L002652,2025-06-27,周五,viernes,Friday,12:00,18:00,+6h,1.67,语法,4,完成本节内容
Chloe_381,班课,Rocio,L002652,2025-06-27,周五,viernes,Friday,12:00,11:00,-1h,1.67,阅读,1,完成本节内容
Larry_411,小组课,Rocio,L002652,2025-06-27,周五,viernes,Friday,12:00,18:00,+6h,1.67,口语,1,完成本节内容
Xuan_508,小组课,Rocio,L002653,2025/07/04,周五,viernes,Friday,12:00,18:00,+6h,1.67,阅读,4,需要加强口语练习
Elynn_473,班课,Rocio,L002653,2025年7月4日,周五,viernes,Friday,12:00,18:00,+6h,1.67,语法,10,需要加强口语练习
Chloe_381（教务）,小组课,Rocio,L002653,2025/07/04,周五,viernes,Friday,12:00,11:00,-1h,1.67,语法,13,需要加强口语练习
Larry411,班课,Rocio,L002653,2025年7月4日,周五,viernes,Friday,12:00,18:00,+6h,1.67,语法,8,需要加强口语练习
Xuan508,班课,Rocio（教务）,L002654,2025/07/11,周五,viernes,Friday,12:00,18:00,+6h,1.0,语法,13,课堂参与积极
Elynn_473,小组课,Rocio,L002654,2025/07/11,周五,viernes,Friday,12:00,18:00,+6h,1.0,复习,2,课堂参与积极
Chloe_381,小组课,Rocio,L002654,2025-07-11,周五,viernes,Friday,12:00,11:00,-1h,1.0,阅读,4,课堂参与积极
Larry_411,班课,Rocio,L002654,07/11/2025,周五,viernes,Friday,12:00,18:00,+6h,1.0,口语,14,课堂参与积极
Xuan508,班课,Rocio,L002655,2025/07/18,周五,viernes,Friday,12:00,18:00,+6h,1.0,语法,6,完成本节内容
Elynn_473,小组课,Rocio,L002655,2025/07/18,周五,viernes,Friday,12:00,18:00,+6h,1.0,口语,12,完成本节内容
Chloe_381,班课,Rocio（教务）,L002655,2025/07/18,周五,viernes,Friday,12:00,12:00,+0h,1.0,语法,5,完成本节内容
Larry_411（教务）,小组课,Rocio,L002655,2025年7月18日,周五,viernes,Friday,12:00,18:00,+6h,1.0,复习,5,完成本节内容
Xuan_508,小组课,Rocio,L002656,2025-07-25,周五,viernes,Friday,12:00,18:00,+6h,1.0,阅读,13,课堂参与积极
Elynn_473,班课,Rocio,L002656,2025-07-25,周五,viernes,Friday,12:00,18:00,+6h,1.0,复习,8,课堂参与积极
Chloe_381,班课,Rocio,L002656,2025年7月25日,周五,viernes,Friday,12:00,11:00,-1h,1.0,语法,12,课堂参与积极
Larry_411,班课,Rocio,L002656,2025年7月25日,周五,viernes,Friday,12:00,18:00,+6h,1.0,阅读,12,课堂参与积极
Xuan_508,小组课,Rocio,L002657,2025-08-01,周五,viernes,Friday,12:00,18:00,+6h,1.67,阅读,1,完成本节内容
Elynn_473,班课,Rocio（教务）,L002657,2025年8月1日,周五,viernes,Friday,12:00,19:00,+7h,1.67,语法,8,完成本节内容
Chloe381,小组课,Rocio,L002657,2025-08-01,周五,viernes,Friday,12:00,11:00,-1h,1.67,阅读,8,完成本节内容
Larry_411,小组课,Rocio,L002657,2025-08-01,周五,viernes,Friday,12:00,18:00,+6h,1.67,口语,1,完成本节内容
Xuan508,班课,Rocio,L002658,2025-08-08,周五,viernes,Friday,12:00,18:00,+6h,1.67,语法,1,语法掌握一般
Elynn473,班课,Rocio,L002658,2025/08/08,周五,viernes,Friday,12:00,18:00,+6h,1.67,口语,10,语法掌握一般
Chloe_381,小组课,Rocio,L002658,2025/08/08,周五,viernes,Friday,12:00,11:00,-1h,1.67,语法,2,语法掌握一般
Larry_411,小组课,Rocio,L002658,2025/08/08,周五,viernes,Friday,12:00,18:00,+6h,1.67,阅读,13,语法掌握一般
Xuan_508,班课,Rocio,L002659,2025年8月15日,周五,viernes,Friday,12:00,18:00,+6h,1.67,口语,13,语法掌握一般
Elynn_473,小组课,Rocio,L002659,2025-08-15,周五,viernes,Friday,12:00,18:00,+6h,1.67,复习,12,语法掌握一般
Chloe381,小组课,Rocio,L002659,2025-08-15,周五,viernes,Friday,12:00,11:00,-1h,1.67,阅读,6,语法掌握一般
Larry_411（教务）,小组课,Rocio,L002659,2025-08-15,周五,viernes,Friday,12:00,18:00,+6h,1.67,阅读,6,语法掌握一般
Xuan_508,小组课,Rocio,L002660,2025-08-22,周五,viernes,Friday,12:00,18:00,+6h,2.0,口语,10,需要加强口语练习
Elynn_473（教务）,小组课,Rocio（教务）,L002660,2025-08-22,周五,viernes,Friday,12:00,18:00,+6h,2.0,听力,6,需要加强口语练习
Chloe_381,班课,Rocio,L002660,08/22/2025,周五,viernes,Friday,12:00,11:00,-1h,2.0,阅读,11,需要加强口语练习
Larry_411,班课,Rocio,L002660,2025-08-22,周五,viernes,Friday,12:00,18:00,+6h,2.0,语法,6,需要加强口语练习
Xuan_508,班课,Rocio,L002661,2025/08/29,周五,viernes,Friday,12:00,18:00,+6h,1.67,复习,12,语法掌握一般
Elynn473,班课,Rocio,L002661,08/29/2025,周五,viernes,Friday,12:00,18:00,+6h,1.67,阅读,5,语法掌握一般
Chloe381,班课,Rocio,L002661,08/29/2025,周五,viernes,Friday,12:00,11:00,-1h,1.67,语法,7,语法掌握一般
Larry411,班课,Rocio,L002661,2025-08-29,周五,viernes,Friday,12:00,18:00,+6h,1.67,听力,10,语法掌握一般
Xuan_508,班课,Rocio,L002662,2025-09-05,周五,viernes,Friday,12:00,19:00,+7h,1.67,口语,11,完成本节内容
Elynn_473,小组课,Rocio,L002662,2025/09/05,周五,viernes,Friday,12:00,18:00,+6h,1.67,复习,7,完成本节内容
Chloe_381,小组课,Rocio,L002662,2025-09-05,周五,viernes,Friday,12:00,11:00,-1h,1.67,口语,3,完成本节内容
Larry_411,班课,Rocio,L002662,2025/09/05,周五,viernes,Friday,12:00,18:00,+6h,1.67,阅读,5,完成本节内容
Xuan_508,小组课,Rocio,L002663,09/12/2025,周五,viernes,Friday,12:00,18:00,+6h,1.67,复习,3,完成本节内容
Elynn473,小组课,Rocio,L002663,2025-09-12,周五,viernes,Friday,12:00,18:00,+6h,1.67,复习,3,完成本节内容
Chloe_381（教务）,小组课,Rocio,L002663,2025-09-12,周五,viernes,Friday,12:00,10:00,-2h,1.67,口语,1,完成本节内容
Larry_411,班课,Rocio,L002663,2025-09-12,周五,viernes,Friday,12:00,18:00,+6h,1.67,语法,3,完成本节内容
Xuan_508,小组课,Rocio,L002664,2025/09/19,周五,viernes,Friday,12:00,18:00,+6h,1.5,口语,6,语法掌握一般
Elynn_473,班课,Rocio,L002664,09/19/2025,周五,viernes,Friday,12:00,18:00,+6h,1.5,听力,3,语法掌握一般
Chloe_381（教务）,班课,Rocio,L002664,2025/09/19,周五,viernes,Friday,12:00,11:00,-1h,1.5,口语,2,语法掌握一般
Larry_411,班课,Rocio,L002664,2025/09/19,周五,viernes,Friday,12:00,18:00,+6h,1.5,复习,2,语法掌握一般
Xuan_508,小组课,Rocio,L002665,2025/09/26,周五,viernes,Friday,12:00,18:00,+6h,1.0,语法,6,
Elynn_473,小组课,Rocio（教务）,L002665,2025/09/26,周五,viernes,Friday,12:00,18:00,+6h,1.0,语法,13,
Chloe_381,小组课,Rocio,L002665,2025年9月26日,周五,viernes,Friday,12:00,11:00,-1h,1.0,复习,10,
Larry_411,班课,Rocio,L002665,2025/09/26,周五,viernes,Friday,12:00,16:00,+4h,1.0,语法,4,
Xuan508,班课,Rocio,L002666,2025-10-03,周五,viernes,Friday,12:00,18:00,+6h,1.0,口语,12,语法掌握一般
Elynn_473,小组课,Rocio,L002666,2025年10月3日,周五,viernes,Friday,12:00,18:00,+6h,1.0,语法,3,语法掌握一般
Chloe_381,班课,Rocio,L002666,2025/10/03,周五,viernes,Friday,12:00,11:00,-1h,1.0,口语,9,语法掌握一般
Larry411,小组课,Rocio,L002666,2025-10-03,周五,viernes,Friday,12:00,18:00,+6h,1.0,语法,7,语法掌握一般
Xuan_508,小组课,Rocio,L002667,2025-10-10,周五,viernes,Friday,12:00,18:00,+6h,1.0,听力,3,
Elynn_473（教务）,班课,Rocio,L002667,2025/10/10,周五,viernes,Friday,12:00,18:00,+6h,1.0,阅读,12,
Chloe_381,小组课,Rocio,L002667,2025-10-10,周五,viernes,Friday,12:00,11:00,-1h,1.0,语法,1,
Larry_411,班课,Rocio,L002667,2025年10月10日,周五,viernes,Friday,12:00,18:00,+6h,1.0,语法,2,
Xuan_508,小组课,Rocio,L002668,2025/10/17,周五,viernes,Friday,12:00,18:00,+6h,1.0,语法,11,
Elynn_473,小组课,Rocio,L002668,2025/10/17,周五,viernes,Friday,12:00,18:00,+6h,1.0,阅读,2,
Chloe381,班课,Rocio,L002668,2025-10-17,周五,viernes,Friday,12:00,11:00,-1h,1.0,阅读,12,
Larry_411,小组课,Rocio（教务）,L002668,2025/10/17,周五,viernes,Friday,12:00,18:00,+6h,1.0,语法,14,
Xuan_508,班课,Rocio,L002669,2025-10-24,周五,viernes,Friday,12:00,18:00,+6h,1.67,语法,12,课堂参与积极
Elynn_473（教务）,小组课,Rocio,L002669,2025/10/24,周五,viernes,Friday,12:00,19:00,+7h,1.67,复习,13,课堂参与积极
Chloe_381,班课,Rocio（教务）,L002669,2025/10/24,周五,viernes,Friday,12:00,12:00,+0h,1.67,语法,5,课堂参与积极
Larry_411,班课,Rocio,L002669,2025-10-24,周五,viernes,Friday,12:00,18:00,+6h,1.67,复习,10,课堂参与积极
Xuan_508,班课,Rocio,L002670,2025/10/31,周五,viernes,Friday,12:00,19:00,+7h,1.67,语法,5,完成本节内容
Elynn_473,班课,Rocio（教务）,L002670,10/31/2025,周五,viernes,Friday,12:00,19:00,+7h,1.67,复习,12,完成本节内容
Chloe_381,小组课,Rocio,L002670,2025/10/31,周五,viernes,Friday,12:00,11:00,-1h,1.67,阅读,10,完成本节内容
Larry_411,班课,Rocio,L002670,2025年10月31日,周五,viernes,Friday,12:00,19:00,+7h,1.67,口语,1,完成本节内容
Xuan_508,班课,Rocio,L002671,2025-11-07,周五,viernes,Friday,12:00,19:00,+7h,1.67,语法,10,完成本节内容
Elynn_473,小组课,Rocio,L002671,2025-11-07,周五,viernes,Friday,12:00,19:00,+7h,1.67,口语,11,完成本节内容
Chloe_381,班课,Rocio,L002671,2025-11-07,周五,viernes,Friday,12:00,11:00,-1h,1.67,听力,11,完成本节内容
Larry411,班课,Rocio,L002671,2025-11-07,周五,viernes,Friday,12:00,19:00,+7h,1.67,听力,14,完成本节内容
Xuan_508,小组课,Rocio,L002672,2025年11月14日,周五,viernes,Friday,12:00,19:00,+7h,1.67,阅读,13,课堂参与积极
Elynn_473,小组课,Rocio,L002672,2025-11-14,周五,viernes,Friday,12:00,19:00,+7h,1.67,口语,1,课堂参与积极
Chloe_381（教务）,小组课,Rocio,L002672,2025/11/14,周五,viernes,Friday,12:00,11:00,-1h,1.67,阅读,9,课堂参与积极
Larry_411,班课,Rocio（教务）,L002672,2025/11/14,周五,viernes,Friday,12:00,19:00,+7h,1.67,复习,13,课堂参与积极
Xuan_508,班课,Rocio,L002673,2025年11月21日,周五,viernes,Friday,12:00,19:00,+7h,1.0,听力,2,课堂参与积极
Elynn_473,小组课,Rocio,L002673,2025/11/21,周五,viernes,Friday,12:00,19:00,+7h,1.0,语法,7,课堂参与积极
Chloe_381,班课,Rocio,L002673,2025-11-21,周五,viernes,Friday,12:00,11:00,-1h,1.0,语法,9,课堂参与积极
Larry_411,小组课,Rocio,L002673,2025/11/21,周五,viernes,Friday,12:00,19:00,+7h,1.0,口语,2,课堂参与积极
Xuan508,小组课,Rocio,L002674,2025/11/28,周五,viernes,Friday,12:00,19:00,+7h,1.0,语法,9,
Elynn_473,小组课,Rocio,L002674,2025-11-28,周五,viernes,Friday,12:00,19:00,+7h,1.0,语法,12,
Chloe_381（教务）,班课,Rocio,L002674,2025-11-28,周五,viernes,Friday,12:00,12:00,+0h,1.0,口语,1,
Larry_411,班课,Rocio,L002674,2025年11月28日,周五,viernes,Friday,12:00,19:00,+7h,1.0,复习,2,
Xuan_508,班课,Rocio,L002675,2025年12月5日,周五,viernes,Friday,12:00,22:00,+10h,1.5,口语,13,需要加强口语练习
Elynn473,班课,Rocio,L002675,2025年12月5日,周五,viernes,Friday,12:00,19:00,+7h,1.5,听力,11,需要加强口语练习
Chloe_381,班课,Rocio（教务）,L002675,2025-12-05,周五,viernes,Friday,12:00,11:00,-1h,1.5,复习,3,需要加强口语练习
Larry_411,班课,Rocio,L002675,12/05/2025,周五,viernes,Friday,12:00,19:00,+7h,1.5,语法,13,需要加强口语练习
Xuan508,班课,Rocio,L002676,2025/12/12,周五,viernes,Friday,12:00,19:00,+7h,1.5,阅读,4,课堂参与积极
Elynn473,班课,Rocio,L002676,2025年12月12日,周五,viernes,Friday,12:00,19:00,+7h,1.5,阅读,12,课堂参与积极
Chloe_381,班课,Rocio,L002676,12/12/2025,周五,viernes,Friday,12:00,11:00,-1h,1.5,复习,10,课堂参与积极
Larry411,小组课,Rocio,L002676,2025/12/12,周五,viernes,Friday,12:00,19:00,+7h,1.5,口语,13,课堂参与积极
Xuan508,班课,Rocio（教务）,L002677,2025-12-19,周五,viernes,Friday,12:00,19:00,+7h,1.67,口语,10,课堂参与积极
Elynn_473（教务）,小组课,Rocio,L002677,12/19/2025,周五,viernes,Friday,12:00,19:00,+7h,1.67,口语,4,课堂参与积极
Chloe_381（教务）,小组课,Rocio,L002677,2025/12/19,周五,viernes,Friday,12:00,11:00,-1h,1.67,听力,10,课堂参与积极
Larry411,班课,Rocio,L002677,2025/12/19,周五,viernes,Friday,12:00,19:00,+7h,1.67,听力,3,课堂参与积极
Xuan_508,小组课,Rocio,L002678,2025/12/26,周五,viernes,Friday,12:00,19:00,+7h,1.67,口语,7,课堂参与积极
Elynn_473,小组课,Rocio,L002678,2025-12-26,周五,viernes,Friday,12:00,19:00,+7h,1.67,口语,5,课堂参与积极
Chloe_381,班课,Rocio,L002678,12/26/2025,周五,viernes,Friday,12:00,11:00,-1h,1.67,阅读,2,课堂参与积极
Larry411,班课,Rocio,L002678,2025-12-26,周五,viernes,Friday,12:00,19:00,+7h,1.67,口语,3,课堂参与积极
Xuan_508,小组课,Rocio,L002679,01/02/2026,周五,viernes,Friday,12:00,19:00,+7h,1.0,听力,4,完成本节内容
Elynn_473,小组课,Rocio,L002679,2026/01/02,周五,viernes,Friday,12:00,19:00,+7h,1.0,阅读,10,完成本节内容
Chloe_381,小组课,Rocio,L002679,2026年1月2日,周五,viernes,Friday,12:00,11:00,-1h,1.0,口语,8,完成本节内容
Larry_411,班课,Rocio,L002679,2026-01-02,周五,viernes,Friday,12:00,19:00,+7h,1.0,阅读,1,完成本节内容
Xuan508,班课,Rocio,L002680,2026年1月9日,周五,viernes,Friday,12:00,19:00,+7h,2.0,复习,3,
Elynn_473,班课,Rocio,L002680,01/09/2026,周五,viernes,Friday,12:00,19:00,+7h,2.0,语法,8,
Chloe_381,班课,Rocio,L002680,2026-01-09,周五,viernes,Friday,12:00,11:00,-1h,2.0,复习,12,
Larry_411,班课,Rocio,L002680,2026-01-09,周五,viernes,Friday,12:00,19:00,+7h,2.0,听力,11,
Xuan_508,小组课,Rocio,L002681,2026/01/16,周五,viernes,Friday,12:00,19:00,+7h,1.5,阅读,10,完成本节内容
Elynn_473（教务）,班课,Rocio,L002681,2026年1月16日,周五,viernes,Friday,12:00,19:00,+7h,1.5,阅读,5,完成本节内容
Chloe381,小组课,Rocio（教务）,L002681,2026/01/16,周五,viernes,Friday,12:00,11:00,-1h,1.5,阅读,4,完成本节内容
Larry_411,小组课,Rocio,L002681,01/16/2026,周五,viernes,Friday,12:00,19:00,+7h,1.5,阅读,5,完成本节内容
Xuan_508,班课,Rocio,L002682,2026-01-23,周五,viernes,Friday,12:00,19:00,+7h,2.0,复习,5,课堂参与积极
Elynn_473,小组课,Rocio,L002682,2026-01-23,周五,viernes,Friday,12:00,19:00,+7h,2.0,复习,8,课堂参与积极
Chloe_381,班课,Rocio,L002682,01/23/2026,周五,viernes,Friday,12:00,11:00,-1h,2.0,阅读,10,课堂参与积极
Larry411,小组课,Rocio,L002682,2026-01-23,周五,viernes,Friday,12:00,19:00,+7h,2.0,阅读,7,课堂参与积极
Xuan_508,班课,Rocio,L002683,2026-01-30,周五,viernes,Friday,12:00,19:00,+7h,1.0,复习,8,完成本节内容
Elynn_473,小组课,Rocio,L002683,01/30/2026,周五,viernes,Friday,12:00,19:00,+7h,1.0,阅读,6,完成本节内容
Chloe_381,小组课,Rocio,L002683,2026年1月30日,周五,viernes,Friday,12:00,11:00,-1h,1.0,复习,9,完成本节内容
Larry411,班课,Rocio,L002683,2026-01-30,周五,viernes,Friday,12:00,19:00,+7h,1.0,口语,11,完成本节内容
Xuan_508,小组课,Rocio,L002684,02/06/2026,周五,viernes,Friday,12:00,19:00,+7h,1.5,语法,13,完成本节内容
Elynn_473（教务）,班课,Rocio,L002684,2026-02-06,周五,viernes,Friday,12:00,18:00,+6h,1.5,口语,9,完成本节内容
Chloe_381,班课,Rocio,L002684,2026-02-06,周五,viernes,Friday,12:00,11:00,-1h,1.5,语法,11,完成本节内容
Larry_411,班课,Rocio,L002684,2026/02/06,周五,viernes,Friday,12:00,19:00,+7h,1.5,语法,12,完成本节内容
Xuan_508,班课,Rocio,L002685,2026/02/13,周五,viernes,Friday,12:00,19:00,+7h,1.5,语法,14,课堂参与积极
Elynn_473,小组课,Rocio,L002685,2026-02-13,周五,viernes,Friday,12:00,19:00,+7h,1.5,阅读,5,课堂参与积极
Chloe_381,小组课,Rocio,L002685,2026/02/13,周五,viernes,Friday,12:00,11:00,-1h,1.5,语法,1,课堂参与积极
Larry_411,小组课,Rocio,L002685,2026年2月13日,周五,viernes,Friday,12:00,20:00,+8h,1.5,复习,2,课堂参与积极
Xuan_508,小组课,Rocio,L002686,2026/02/20,周五,viernes,Friday,12:00,20:00,+8h,2.0,语法,6,需要加强口语练习
Elynn_473（教务）,班课,Rocio,L002686,2026年2月20日,周五,viernes,Friday,12:00,19:00,+7h,2.0,听力,12,需要加强口语练习
Chloe_381,班课,Rocio,L002686,2026年2月20日,周五,viernes,Friday,12:00,11:00,-1h,2.0,听力,7,需要加强口语练习
Larry_411,班课,Rocio（教务）,L002686,2026年2月20日,周五,viernes,Friday,12:00,19:00,+7h,2.0,听力,5,需要加强口语练习
Xuan_508,班课,Rocio,L002687,2026年2月27日,周五,viernes,Friday,12:00,19:00,+7h,1.0,复习,14,需要加强口语练习
Elynn_473（教务）,小组课,Rocio,L002687,02/27/2026,周五,viernes,Friday,12:00,19:00,+7h,1.0,复习,4,需要加强口语练习
Chloe_381,班课,Rocio,L002687,2026/02/27,周五,viernes,Friday,12:00,11:00,-1h,1.0,复习,10,需要加强口语练习
Larry_411,小组课,Rocio,L002687,2026年2月27日,周五,viernes,Friday,12:00,19:00,+7h,1.0,语法,1,需要加强口语练习
Xuan_508,小组课,Rocio（教务）,L002688,2026-03-06,周五,viernes,Friday,12:00,19:00,+7h,1.0,口语,9,
Elynn_473,班课,Rocio,L002688,2026-03-06,周五,viernes,Friday,12:00,19:00,+7h,1.0,口语,3,
Chloe381,班课,Rocio,L002688,2026-03-06,周五,viernes,Friday,12:00,11:00,-1h,1.0,复习,7,
Larry_411,班课,Rocio,L002688,2026-03-06,周五,viernes,Friday,12:00,19:00,+7h,1.0,阅读,6,
Xuan_508,小组课,Rocio,L002689,2026/03/13,周五,viernes,Friday,12:00,19:00,+7h,1.0,阅读,2,课堂参与积极
Elynn_473,小组课,Rocio,L002689,2026/03/13,周五,viernes,Friday,12:00,19:00,+7h,1.0,复习,13,课堂参与积极
Chloe381,小组课,Rocio,L002689,2026-03-13,周五,viernes,Friday,12:00,11:00,-1h,1.0,听力,8,课堂参与积极
Larry_411（教务）,小组课,Rocio,L002689,2026-03-13,周五,viernes,Friday,12:00,20:00,+8h,1.0,复习,1,课堂参与积极
Xuan_508,小组课,Rocio,L002690,2026-03-20,周五,viernes,Friday,12:00,19:00,+7h,1.5,口语,14,语法掌握一般
Elynn_473,小组课,Rocio,L002690,2026-03-20,周五,viernes,Friday,12:00,20:00,+8h,1.5,听力,9,语法掌握一般
Chloe_381,小组课,Rocio,L002690,03/20/2026,周五,viernes,Friday,12:00,11:00,-1h,1.5,听力,1,语法掌握一般
Larry_411,班课,Rocio,L002690,2026年3月20日,周五,viernes,Friday,12:00,20:00,+8h,1.5,阅读,6,语法掌握一般
Xuan_508,小组课,Rocio,L002691,2026-03-27,周五,viernes,Friday,12:00,18:00,+6h,1.0,口语,5,课堂参与积极
Elynn473,小组课,Rocio,L002691,2026-03-27,周五,viernes,Friday,12:00,19:00,+7h,1.0,口语,7,课堂参与积极
Chloe_381,小组课,Rocio,L002691,2026年3月27日,周五,viernes,Friday,12:00,11:00,-1h,1.0,听力,5,课堂参与积极
Larry_411,班课,Rocio,L002691,03/27/2026,周五,viernes,Friday,12:00,19:00,+7h,1.0,听力,5,课堂参与积极
Xuan_508,班课,Rocio,L002692,2026-04-03,周五,viernes,Friday,12:00,18:00,+6h,1.0,语法,1,语法掌握一般
Elynn_473,班课,Rocio,L002692,2026-04-03,周五,viernes,Friday,12:00,18:00,+6h,1.0,复习,11,语法掌握一般
Chloe_381,小组课,Rocio,L002692,2026-04-03,周五,viernes,Friday,12:00,11:00,-1h,1.0,口语,9,语法掌握一般
Larry_411,小组课,Rocio,L002692,2026-04-03,周五,viernes,Friday,12:00,21:00,+9h,1.0,复习,8,语法掌握一般
Xuan508,小组课,Rocio,L002693,04/10/2026,周五,viernes,Friday,12:00,18:00,+6h,1.0,语法,13,完成本节内容
Elynn_473,小组课,Rocio,L002693,2026/04/10,周五,viernes,Friday,12:00,18:00,+6h,1.0,阅读,10,完成本节内容
Chloe_381,小组课,Rocio,L002693,04/10/2026,周五,viernes,Friday,12:00,11:00,-1h,1.0,语法,13,完成本节内容
Larry411,班课,Rocio,L002693,2026/04/10,周五,viernes,Friday,12:00,18:00,+6h,1.0,听力,12,完成本节内容
Xuan_508,班课,Rocio,L002694,2026-04-17,周五,viernes,Friday,12:00,18:00,+6h,1.67,语法,12,课堂参与积极
Elynn_473,班课,Rocio,L002694,2026-04-17,周五,viernes,Friday,12:00,18:00,+6h,1.67,口语,9,课堂参与积极
Chloe_381,小组课,Rocio,L002694,2026-04-17,周五,viernes,Friday,12:00,11:00,-1h,1.67,复习,13,课堂参与积极
Larry_411,班课,Rocio,L002694,2026/04/17,周五,viernes,Friday,12:00,18:00,+6h,1.67,复习,3,课堂参与积极
Xuan_508,小组课,Rocio,L002695,2026年4月24日,周五,viernes,Friday,12:00,18:00,+6h,1.0,语法,7,完成本节内容
Elynn473,小组课,Rocio,L002695,2026-04-24,周五,viernes,Friday,12:00,18:00,+6h,1.0,听力,13,完成本节内容
Chloe_381,班课,Rocio,L002695,2026/04/24,周五,viernes,Friday,12:00,11:00,-1h,1.0,口语,4,完成本节内容
Larry_411,班课,Rocio,L002695,2026-04-24,周五,viernes,Friday,12:00,18:00,+6h,1.0,口语,10,完成本节内容
Xuan_508,班课,Rocio,L002696,05/01/2026,周五,viernes,Friday,12:00,18:00,+6h,2.0,听力,1,完成本节内容
Elynn_473,班课,Rocio,L002696,2026-05-01,周五,viernes,Friday,12:00,18:00,+6h,2.0,阅读,11,完成本节内容
Chloe_381,小组课,Rocio,L002696,2026/05/01,周五,viernes,Friday,12:00,11:00,-1h,2.0,阅读,10,完成本节内容
Larry_411（教务）,小组课,Rocio,L002696,2026-05-01,周五,viernes,Friday,12:00,17:00,+5h,2.0,复习,14,完成本节内容
Xuan_508,班课,Rocio,L002697,2026年5月8日,周五,viernes,Friday,12:00,18:00,+6h,1.67,语法,3,需要加强口语练习
Elynn_473,班课,Rocio,L002697,2026-05-08,周五,viernes,Friday,12:00,18:00,+6h,1.67,复习,3,需要加强口语练习
Chloe_381,班课,Rocio,L002697,2026/05/08,周五,viernes,Friday,12:00,11:00,-1h,1.67,语法,12,需要加强口语练习
Larry_411,小组课,Rocio,L002697,2026-05-08,周五,viernes,Friday,12:00,19:00,+7h,1.67,口语,12,需要加强口语练习
Xuan_508,小组课,Rocio,L002698,2026-05-15,周五,viernes,Friday,12:00,18:00,+6h,2.0,复习,11,完成本节内容
Elynn_473,班课,Rocio,L002698,2026/05/15,周五,viernes,Friday,12:00,18:00,+6h,2.0,口语,12,完成本节内容
Chloe_381（教务）,小组课,Rocio,L002698,2026-05-15,周五,viernes,Friday,12:00,11:00,-1h,2.0,语法,14,完成本节内容
Larry_411,小组课,Rocio,L002698,05/15/2026,周五,viernes,Friday,12:00,18:00,+6h,2.0,阅读,1,完成本节内容
Xuan_508,班课,Rocio,L002699,2026年5月22日,周五,viernes,Friday,12:00,16:00,+4h,1.0,口语,2,需要加强口语练习
Elynn_473,班课,Rocio,L002699,2026/05/22,周五,viernes,Friday,12:00,18:00,+6h,1.0,语法,9,需要加强口语练习
Chloe381,小组课,Rocio,L002699,05/22/2026,周五,viernes,Friday,12:00,11:00,-1h,1.0,口语,8,需要加强口语练习
Larry411,小组课,Rocio,L002699,2026-05-22,周五,viernes,Friday,12:00,18:00,+6h,1.0,阅读,6,需要加强口语练习
Xuan_508,小组课,Rocio,L002700,2026-05-29,周五,viernes,Friday,12:00,18:00,+6h,1.67,听力,10,完成本节内容
Elynn_473,班课,Rocio,L002700,2026-05-29,周五,viernes,Friday,12:00,18:00,+6h,1.67,口语,2,完成本节内容
Chloe381,小组课,Rocio,L002700,2026-05-29,周五,viernes,Friday,12:00,11:00,-1h,1.67,口语,14,完成本节内容
Larry_411,小组课,Rocio,L002700,2026-05-29,周五,viernes,Friday,12:00,19:00,+7h,1.67,复习,7,完成本节内容
Xuan_508,班课,Rocio,L002701,2026/06/05,周五,viernes,Friday,12:00,18:00,+6h,1.0,口语,13,
Elynn_473,班课,Rocio,L002701,2026-06-05,周五,viernes,Friday,12:00,18:00,+6h,1.0,口语,10,
Chloe_381,班课,Rocio（教务）,L002701,2026/06/05,周五,viernes,Friday,12:00,11:00,-1h,1.0,复习,13,
Larry_411,小组课,Rocio,L002701,2026-06-05,周五,viernes,Friday,12:00,18:00,+6h,1.0,语法,12,
Xuan_508（教务）,小组课,Rocio,L002702,2026-06-12,周五,viernes,Friday,12:00,18:00,+6h,1.0,听力,7,完成本节内容
Elynn473,小组课,Rocio（教务）,L002702,06/12/2026,周五,viernes,Friday,12:00,18:00,+6h,1.0,听力,9,完成本节内容
Chloe_381（教务）,班课,Rocio,L002702,2026-06-12,周五,viernes,Friday,12:00,11:00,-1h,1.0,语法,13,完成本节内容
Larry_411,小组课,Rocio,L002702,06/12/2026,周五,viernes,Friday,12:00,18:00,+6h,1.0,语法,8,完成本节内容
Xuan_508（教务）,小组课,Rocio（教务）,L002703,2026/06/19,周五,viernes,Friday,12:00,18:00,+6h,1.0,口语,10,完成本节内容
Elynn_473,小组课,Rocio,L002703,06/19/2026,周五,viernes,Friday,12:00,18:00,+6h,1.0,复习,12,完成本节内容
Chloe_381,小组课,Rocio,L002703,2026-06-19,周五,viernes,Friday,12:00,11:00,-1h,1.0,听力,12,完成本节内容
Larry_411,小组课,Rocio,L002703,2026-06-19,周五,viernes,Friday,12:00,18:00,+6h,1.0,口语,10,完成本节内容
Xuan_508,小组课,Rocio,L002704,2026年6月26日,周五,viernes,Friday,12:00,17:00,+5h,1.67,语法,9,需要加强口语练习
Elynn_473,小组课,Rocio,L002704,2026/06/26,周五,viernes,Friday,12:00,18:00,+6h,1.67,语法,4,需要加强口语练习
Chloe_381,班课,Rocio,L002704,2026-06-26,周五,viernes,Friday,12:00,11:00,-1h,1.67,阅读,4,需要加强口语练习
Larry_411（教务）,班课,Rocio,L002704,06/26/2026,周五,viernes,Friday,12:00,18:00,+6h,1.67,口语,3,需要加强口语练习
Xuan_508,小组课,Rocio,L002705,2026/07/03,周五,viernes,Friday,12:00,18:00,+6h,1.5,口语,13,完成本节内容
Elynn_473,班课,Rocio,L002705,2026/07/03,周五,viernes,Friday,12:00,18:00,+6h,1.5,语法,1,完成本节内容
Chloe_381,小组课,Rocio,L002705,2026/07/03,周五,viernes,Friday,12:00,11:00,-1h,1.5,口语,5,完成本节内容
Larry411,小组课,Rocio,L002705,07/03/2026,周五,viernes,Friday,12:00,18:00,+6h,1.5,口语,11,完成本节内容
Xuan_508,班课,Rocio,L002706,2026-07-10,周五,viernes,Friday,12:00,18:00,+6h,2.0,口语,8,
Elynn_473,小组课,Rocio,L002706,2026/07/10,周五,viernes,Friday,12:00,18:00,+6h,2.0,听力,4,
Chloe_381（教务）,小组课,Rocio,L002706,07/10/2026,周五,viernes,Friday,12:00,11:00,-1h,2.0,口语,10,
Larry_411,小组课,Rocio,L002706,2026-07-10,周五,viernes,Friday,12:00,18:00,+6h,2.0,口语,10,
Xuan_508,小组课,Rocio,L002707,2026/07/17,周五,viernes,Friday,12:00,18:00,+6h,2.0,口语,6,需要加强口语练习
Elynn473,班课,Rocio,L002707,2026/07/17,周五,viernes,Friday,12:00,18:00,+6h,2.0,口语,4,需要加强口语练习
Chloe_381,小组课,Rocio,L002707,2026-07-17,周五,viernes,Friday,12:00,11:00,-1h,2.0,口语,4,需要加强口语练习
Larry_411（教务）,班课,Rocio,L002707,2026/07/17,周五,viernes,Friday,12:00,18:00,+6h,2.0,听力,13,需要加强口语练习
Xuan508,小组课,Rocio（教务）,L002708,2026/07/24,周五,viernes,Friday,12:00,18:00,+6h,1.5,听力,3,课堂参与积极
Elynn_473,班课,Rocio,L002708,2026/07/24,周五,viernes,Friday,12:00,18:00,+6h,1.5,阅读,9,课堂参与积极
Chloe381,班课,Rocio,L002708,2026-07-24,周五,viernes,Friday,12:00,11:00,-1h,1.5,复习,3,课堂参与积极
Larry411,班课,Rocio,L002708,2026-07-24,周五,viernes,Friday,12:00,18:00,+6h,1.5,阅读,2,课堂参与积极
Xuan508,小组课,Rocio,L002709,2026-07-31,周五,viernes,Friday,12:00,18:00,+6h,2.0,阅读,11,课堂参与积极
Elynn_473（教务）,小组课,Rocio,L002709,2026年7月31日,周五,viernes,Friday,12:00,18:00,+6h,2.0,口语,2,课堂参与积极
Chloe_381,班课,Rocio,L002709,2026/07/31,周五,viernes,Friday,12:00,11:00,-1h,2.0,口语,6,课堂参与积极
Larry_411,小组课,Rocio,L002709,2026/07/31,周五,viernes,Friday,12:00,18:00,+6h,2.0,口语,12,课堂参与积极
Xuan_508,小组课,Rocio,L002710,08/07/2026,周五,viernes,Friday,12:00,18:00,+6h,1.0,复习,8,完成本节内容
Elynn_473,小组课,Rocio,L002710,2026-08-07,周五,viernes,Friday,12:00,17:00,+5h,1.0,阅读,10,完成本节内容
Chloe381,小组课,Rocio,L002710,2026-08-07,周五,viernes,Friday,12:00,11:00,-1h,1.0,阅读,8,完成本节内容
Larry_411（教务）,班课,Rocio,L002710,2026年8月7日,周五,viernes,Friday,12:00,18:00,+6h,1.0,听力,5,完成本节内容
Xuan_508,班课,Rocio,L002711,2026-08-14,周五,viernes,Friday,12:00,19:00,+7h,1.0,听力,14,语法掌握一般
Elynn_473,小组课,Rocio,L002711,2026-08-14,周五,viernes,Friday,12:00,18:00,+6h,1.0,语法,9,语法掌握一般
Chloe_381（教务）,小组课,Rocio,L002711,2026-08-14,周五,viernes,Friday,12:00,11:00,-1h,1.0,语法,7,语法掌握一般
Larry_411,小组课,Rocio,L002711,2026-08-14,周五,viernes,Friday,12:00,18:00,+6h,1.0,阅读,11,语法掌握一般
Xuan_508（教务）,班课,Rocio,L002712,2026-08-21,周五,viernes,Friday,12:00,18:00,+6h,1.67,复习,1,完成本节内容
Elynn_473,班课,Rocio,L002712,2026/08/21,周五,viernes,Friday,12:00,18:00,+6h,1.67,语法,2,完成本节内容
Chloe381,班课,Rocio,L002712,2026-08-21,周五,viernes,Friday,12:00,11:00,-1h,1.67,口语,7,完成本节内容
Larry_411,班课,Rocio,L002712,2026/08/21,周五,viernes,Friday,12:00,18:00,+6h,1.67,口语,12,完成本节内容
Xuan508,小组课,Rocio,L002713,2026-08-28,周五,viernes,Friday,12:00,18:00,+6h,1.67,复习,2,完成本节内容
Elynn_473,小组课,Rocio,L002713,2026-08-28,周五,viernes,Friday,12:00,20:00,+8h,1.67,复习,2,完成本节内容
Chloe_381,班课,Rocio,L002713,08/28/2026,周五,viernes,Friday,12:00,11:00,-1h,1.67,语法,9,完成本节内容
Larry_411,班课,Rocio（教务）,L002713,2026/08/28,周五,viernes,Friday,12:00,18:00,+6h,1.67,语法,10,完成本节内容
Zoe_393,班课,Sara,L002714,2025/05/28,周三,miércoles,Wednesday,11:00,11:00,+0h,2.0,阅读,9,完成本节内容
Brian_409,小组课,Sara,L002714,05/28/2025,周三,miércoles,Wednesday,11:00,17:00,+6h,2.0,口语,6,完成本节内容
Mia_475,班课,Sara（教务）,L002714,2025-05-28,周三,miércoles,Wednesday,11:00,10:00,-1h,2.0,口语,9,完成本节内容
Eric_096,小组课,Sara,L002714,2025-05-28,周三,miércoles,Wednesday,11:00,19:00,+8h,2.0,口语,1,完成本节内容
Patrick_507（教务）,班课,Sara,L002714,2025-05-28,周三,miércoles,Wednesday,11:00,11:00,+0h,2.0,口语,1,完成本节内容
Wilson_066,小组课,Sara,L002714,2025-05-28,周三,miércoles,Wednesday,11:00,19:00,+8h,2.0,口语,7,完成本节内容
Zoe_393,小组课,Sara,L002715,2025年6月4日,周三,miércoles,Wednesday,11:00,11:00,+0h,2.0,阅读,8,需要加强口语练习
Brian_409,小组课,Sara（教务）,L002715,2025-06-04,周三,miércoles,Wednesday,11:00,17:00,+6h,2.0,口语,14,需要加强口语练习
Mia_475,小组课,Sara,L002715,2025-06-04,周三,miércoles,Wednesday,11:00,10:00,-1h,2.0,口语,4,需要加强口语练习
Eric_096,小组课,Sara,L002715,2025-06-04,周三,miércoles,Wednesday,11:00,19:00,+8h,2.0,听力,5,需要加强口语练习
Patrick_507,小组课,Sara,L002715,2025/06/04,周三,miércoles,Wednesday,11:00,11:00,+0h,2.0,口语,5,需要加强口语练习
Wilson066,小组课,Sara,L002715,06/04/2025,周三,miércoles,Wednesday,11:00,19:00,+8h,2.0,语法,14,需要加强口语练习
Zoe_393（教务）,班课,Sara,L002716,2025-06-11,周三,miércoles,Wednesday,11:00,11:00,+0h,1.0,语法,10,完成本节内容
Brian_409,小组课,Sara,L002716,06/11/2025,周三,miércoles,Wednesday,11:00,17:00,+6h,1.0,口语,13,完成本节内容
Mia_475,班课,Sara,L002716,2025/06/11,周三,miércoles,Wednesday,11:00,10:00,-1h,1.0,口语,12,完成本节内容
Eric_096（教务）,小组课,Sara（教务）,L002716,2025-06-11,周三,miércoles,Wednesday,11:00,19:00,+8h,1.0,阅读,14,完成本节内容
Patrick_507,班课,Sara,L002716,2025-06-11,周三,miércoles,Wednesday,11:00,11:00,+0h,1.0,口语,3,完成本节内容
Wilson_066,小组课,Sara,L002716,2025-06-11,周三,miércoles,Wednesday,11:00,19:00,+8h,1.0,语法,5,完成本节内容
Zoe393,小组课,Sara,L002717,2025/06/18,周三,miércoles,Wednesday,11:00,11:00,+0h,1.67,口语,1,课堂参与积极
Brian409,班课,Sara,L002717,2025-06-18,周三,miércoles,Wednesday,11:00,17:00,+6h,1.67,复习,2,课堂参与积极
Mia_475,班课,Sara（教务）,L002717,2025/06/18,周三,miércoles,Wednesday,11:00,10:00,-1h,1.67,口语,11,课堂参与积极
Eric_096,小组课,Sara,L002717,2025-06-18,周三,miércoles,Wednesday,11:00,19:00,+8h,1.67,阅读,1,课堂参与积极
Patrick_507,小组课,Sara（教务）,L002717,2025/06/18,周三,miércoles,Wednesday,11:00,11:00,+0h,1.67,口语,6,课堂参与积极
Wilson066,小组课,Sara,L002717,2025-06-18,周三,miércoles,Wednesday,11:00,19:00,+8h,1.67,阅读,8,课堂参与积极
Zoe393,班课,Sara,L002718,2025-06-25,周三,miércoles,Wednesday,11:00,11:00,+0h,1.0,语法,7,完成本节内容
Brian_409,班课,Sara,L002718,06/25/2025,周三,miércoles,Wednesday,11:00,17:00,+6h,1.0,复习,6,完成本节内容
Mia475,班课,Sara,L002718,2025/06/25,周三,miércoles,Wednesday,11:00,10:00,-1h,1.0,语法,11,完成本节内容
Eric_096,班课,Sara,L002718,06/25/2025,周三,miércoles,Wednesday,11:00,19:00,+8h,1.0,复习,7,完成本节内容
Patrick_507（教务）,小组课,Sara（教务）,L002718,06/25/2025,周三,miércoles,Wednesday,11:00,11:00,+0h,1.0,口语,2,完成本节内容
Wilson_066,班课,Sara（教务）,L002718,2025-06-25,周三,miércoles,Wednesday,11:00,19:00,+8h,1.0,语法,4,完成本节内容
Zoe_393,班课,Sara,L002719,07/02/2025,周三,miércoles,Wednesday,11:00,11:00,+0h,1.5,阅读,14,需要加强口语练习
Brian_409,班课,Sara,L002719,2025-07-02,周三,miércoles,Wednesday,11:00,17:00,+6h,1.5,阅读,1,需要加强口语练习
Mia_475,班课,Sara,L002719,2025年7月2日,周三,miércoles,Wednesday,11:00,10:00,-1h,1.5,语法,9,需要加强口语练习
Eric_096,小组课,Sara,L002719,2025/07/02,周三,miércoles,Wednesday,11:00,19:00,+8h,1.5,语法,1,需要加强口语练习
Patrick_507,小组课,Sara,L002719,2025-07-02,周三,miércoles,Wednesday,11:00,11:00,+0h,1.5,语法,13,需要加强口语练习
Wilson_066,小组课,Sara,L002719,07/02/2025,周三,miércoles,Wednesday,11:00,18:00,+7h,1.5,复习,1,需要加强口语练习
Zoe_393,班课,Sara,L002720,2025-07-09,周三,miércoles,Wednesday,11:00,11:00,+0h,1.0,语法,4,
Brian409,小组课,Sara,L002720,2025/07/09,周三,miércoles,Wednesday,11:00,20:00,+9h,1.0,听力,1,
Mia_475,班课,Sara,L002720,2025-07-09,周三,miércoles,Wednesday,11:00,10:00,-1h,1.0,阅读,8,
Eric_096,班课,Sara,L002720,2025-07-09,周三,miércoles,Wednesday,11:00,19:00,+8h,1.0,口语,11,
Patrick_507,小组课,Sara,L002720,07/09/2025,周三,miércoles,Wednesday,11:00,11:00,+0h,1.0,阅读,2,
Wilson_066,小组课,Sara,L002720,07/09/2025,周三,miércoles,Wednesday,11:00,19:00,+8h,1.0,语法,5,
Zoe_393,小组课,Sara,L002721,2025-07-16,周三,miércoles,Wednesday,11:00,11:00,+0h,2.0,复习,12,需要加强口语练习
Brian_409,小组课,Sara,L002721,07/16/2025,周三,miércoles,Wednesday,11:00,17:00,+6h,2.0,语法,9,需要加强口语练习
Mia_475,班课,Sara,L002721,2025-07-16,周三,miércoles,Wednesday,11:00,10:00,-1h,2.0,语法,3,需要加强口语练习
Eric096,班课,Sara,L002721,2025-07-16,周三,miércoles,Wednesday,11:00,19:00,+8h,2.0,口语,8,需要加强口语练习
Patrick_507,班课,Sara,L002721,2025/07/16,周三,miércoles,Wednesday,11:00,11:00,+0h,2.0,听力,13,需要加强口语练习
Wilson066,小组课,Sara,L002721,2025-07-16,周三,miércoles,Wednesday,11:00,19:00,+8h,2.0,语法,13,需要加强口语练习
Zoe_393,小组课,Sara,L002722,2025-07-23,周三,miércoles,Wednesday,11:00,11:00,+0h,1.0,语法,1,完成本节内容
Brian_409（教务）,班课,Sara,L002722,2025-07-23,周三,miércoles,Wednesday,11:00,17:00,+6h,1.0,语法,7,完成本节内容
Mia_475,班课,Sara,L002722,2025-07-23,周三,miércoles,Wednesday,11:00,10:00,-1h,1.0,语法,8,完成本节内容
Eric_096,班课,Sara,L002722,07/23/2025,周三,miércoles,Wednesday,11:00,19:00,+8h,1.0,阅读,3,完成本节内容
Patrick_507,小组课,Sara（教务）,L002722,2025-07-23,周三,miércoles,Wednesday,11:00,11:00,+0h,1.0,口语,1,完成本节内容
Wilson_066（教务）,班课,Sara,L002722,2025/07/23,周三,miércoles,Wednesday,11:00,18:00,+7h,1.0,听力,13,完成本节内容
Zoe393,班课,Sara,L002723,2025/07/30,周三,miércoles,Wednesday,11:00,11:00,+0h,1.0,阅读,14,完成本节内容
Brian_409,班课,Sara（教务）,L002723,2025-07-30,周三,miércoles,Wednesday,11:00,17:00,+6h,1.0,阅读,13,完成本节内容
Mia_475,班课,Sara,L002723,2025-07-30,周三,miércoles,Wednesday,11:00,10:00,-1h,1.0,语法,6,完成本节内容
Eric096,班课,Sara,L002723,2025-07-30,周三,miércoles,Wednesday,11:00,19:00,+8h,1.0,复习,2,完成本节内容
Patrick_507,班课,Sara,L002723,2025年7月30日,周三,miércoles,Wednesday,11:00,11:00,+0h,1.0,语法,10,完成本节内容
Wilson_066,班课,Sara,L002723,2025-07-30,周三,miércoles,Wednesday,11:00,19:00,+8h,1.0,语法,11,完成本节内容
Zoe_393,班课,Sara（教务）,L002724,2025-08-06,周三,miércoles,Wednesday,11:00,11:00,+0h,1.5,口语,7,语法掌握一般
Brian_409,班课,Sara（教务）,L002724,2025年8月6日,周三,miércoles,Wednesday,11:00,17:00,+6h,1.5,语法,13,语法掌握一般
Mia475,班课,Sara,L002724,2025年8月6日,周三,miércoles,Wednesday,11:00,10:00,-1h,1.5,语法,11,语法掌握一般
Eric_096,小组课,Sara,L002724,2025-08-06,周三,miércoles,Wednesday,11:00,19:00,+8h,1.5,复习,13,语法掌握一般
Patrick_507,班课,Sara（教务）,L002724,2025/08/06,周三,miércoles,Wednesday,11:00,11:00,+0h,1.5,听力,2,语法掌握一般
Wilson_066,小组课,Sara,L002724,2025/08/06,周三,miércoles,Wednesday,11:00,19:00,+8h,1.5,阅读,2,语法掌握一般
Zoe_393,班课,Sara,L002725,2025/08/13,周三,miércoles,Wednesday,11:00,11:00,+0h,2.0,听力,8,语法掌握一般
Brian409,小组课,Sara,L002725,2025/08/13,周三,miércoles,Wednesday,11:00,17:00,+6h,2.0,复习,5,语法掌握一般
Mia_475,班课,Sara（教务）,L002725,2025-08-13,周三,miércoles,Wednesday,11:00,10:00,-1h,2.0,语法,8,语法掌握一般
Eric_096,班课,Sara,L002725,2025-08-13,周三,miércoles,Wednesday,11:00,19:00,+8h,2.0,口语,8,语法掌握一般
Patrick507,小组课,Sara,L002725,2025-08-13,周三,miércoles,Wednesday,11:00,11:00,+0h,2.0,语法,11,语法掌握一般
Wilson_066,小组课,Sara,L002725,2025-08-13,周三,miércoles,Wednesday,11:00,17:00,+6h,2.0,口语,6,语法掌握一般
Zoe393,小组课,Sara,L002726,2025-08-20,周三,miércoles,Wednesday,11:00,11:00,+0h,1.67,口语,9,课堂参与积极
Brian_409（教务）,班课,Sara,L002726,2025年8月20日,周三,miércoles,Wednesday,11:00,17:00,+6h,1.67,语法,3,课堂参与积极
Mia475,班课,Sara,L002726,2025-08-20,周三,miércoles,Wednesday,11:00,10:00,-1h,1.67,语法,3,课堂参与积极
Eric_096（教务）,班课,Sara,L002726,2025-08-20,周三,miércoles,Wednesday,11:00,19:00,+8h,1.67,阅读,11,课堂参与积极
Patrick507,班课,Sara,L002726,2025-08-20,周三,miércoles,Wednesday,11:00,12:00,+1h,1.67,语法,13,课堂参与积极
Wilson_066（教务）,小组课,Sara,L002726,2025-08-20,周三,miércoles,Wednesday,11:00,18:00,+7h,1.67,口语,4,课堂参与积极
Zoe_393,小组课,Sara,L002727,2025-08-27,周三,miércoles,Wednesday,11:00,11:00,+0h,1.5,阅读,6,课堂参与积极
Brian_409,小组课,Sara,L002727,2025-08-27,周三,miércoles,Wednesday,11:00,17:00,+6h,1.5,听力,13,课堂参与积极
Mia_475,班课,Sara,L002727,2025-08-27,周三,miércoles,Wednesday,11:00,10:00,-1h,1.5,复习,11,课堂参与积极
Eric_096,小组课,Sara（教务）,L002727,2025-08-27,周三,miércoles,Wednesday,11:00,19:00,+8h,1.5,语法,9,课堂参与积极
Patrick_507,班课,Sara（教务）,L002727,2025/08/27,周三,miércoles,Wednesday,11:00,11:00,+0h,1.5,语法,2,课堂参与积极
Wilson_066,小组课,Sara,L002727,2025年8月27日,周三,miércoles,Wednesday,11:00,19:00,+8h,1.5,复习,12,课堂参与积极
Zoe_393,班课,Sara,L002728,2025/09/03,周三,miércoles,Wednesday,11:00,11:00,+0h,1.5,语法,5,课堂参与积极
Brian_409,班课,Sara（教务）,L002728,2025/09/03,周三,miércoles,Wednesday,11:00,17:00,+6h,1.5,阅读,6,课堂参与积极
Mia_475,班课,Sara（教务）,L002728,2025-09-03,周三,miércoles,Wednesday,11:00,10:00,-1h,1.5,语法,8,课堂参与积极
Eric096,班课,Sara,L002728,2025/09/03,周三,miércoles,Wednesday,11:00,21:00,+10h,1.5,听力,7,课堂参与积极
Patrick_507,小组课,Sara,L002728,2025-09-03,周三,miércoles,Wednesday,11:00,11:00,+0h,1.5,语法,2,课堂参与积极
Wilson_066,小组课,Sara,L002728,2025/09/03,周三,miércoles,Wednesday,11:00,19:00,+8h,1.5,语法,11,课堂参与积极
Zoe_393,班课,Sara,L002729,2025-09-10,周三,miércoles,Wednesday,11:00,11:00,+0h,1.0,阅读,5,完成本节内容
Brian_409,班课,Sara,L002729,2025/09/10,周三,miércoles,Wednesday,11:00,17:00,+6h,1.0,阅读,9,完成本节内容
Mia475,班课,Sara,L002729,2025年9月10日,周三,miércoles,Wednesday,11:00,10:00,-1h,1.0,口语,14,完成本节内容
Eric_096,小组课,Sara,L002729,2025-09-10,周三,miércoles,Wednesday,11:00,19:00,+8h,1.0,口语,11,完成本节内容
Patrick_507,班课,Sara,L002729,2025/09/10,周三,miércoles,Wednesday,11:00,11:00,+0h,1.0,语法,13,完成本节内容
Wilson_066,班课,Sara（教务）,L002729,2025/09/10,周三,miércoles,Wednesday,11:00,19:00,+8h,1.0,口语,3,完成本节内容
Zoe393,小组课,Sara,L002730,2025/09/17,周三,miércoles,Wednesday,11:00,11:00,+0h,1.67,语法,8,完成本节内容
Brian_409,小组课,Sara,L002730,2025-09-17,周三,miércoles,Wednesday,11:00,17:00,+6h,1.67,口语,8,完成本节内容
Mia_475,班课,Sara,L002730,2025/09/17,周三,miércoles,Wednesday,11:00,10:00,-1h,1.67,复习,10,完成本节内容
Eric_096,班课,Sara,L002730,2025年9月17日,周三,miércoles,Wednesday,11:00,19:00,+8h,1.67,复习,2,完成本节内容
Patrick507,小组课,Sara,L002730,2025年9月17日,周三,miércoles,Wednesday,11:00,11:00,+0h,1.67,听力,6,完成本节内容
Wilson_066,班课,Sara,L002730,2025年9月17日,周三,miércoles,Wednesday,11:00,19:00,+8h,1.67,阅读,2,完成本节内容
Zoe_393,班课,Sara,L002731,2025-09-24,周三,miércoles,Wednesday,11:00,11:00,+0h,1.67,语法,12,完成本节内容
Brian_409,小组课,Sara,L002731,2025-09-24,周三,miércoles,Wednesday,11:00,17:00,+6h,1.67,复习,12,完成本节内容
Mia_475,小组课,Sara,L002731,2025-09-24,周三,miércoles,Wednesday,11:00,10:00,-1h,1.67,阅读,8,完成本节内容
Eric_096,小组课,Sara,L002731,2025-09-24,周三,miércoles,Wednesday,11:00,19:00,+8h,1.67,听力,4,完成本节内容
Patrick_507,小组课,Sara,L002731,2025-09-24,周三,miércoles,Wednesday,11:00,11:00,+0h,1.67,口语,10,完成本节内容
Wilson_066,班课,Sara,L002731,09/24/2025,周三,miércoles,Wednesday,11:00,20:00,+9h,1.67,听力,7,完成本节内容
Zoe_393,小组课,Sara,L002732,2025-10-01,周三,miércoles,Wednesday,11:00,11:00,+0h,1.67,阅读,2,
Brian_409,小组课,Sara,L002732,2025-10-01,周三,miércoles,Wednesday,11:00,17:00,+6h,1.67,听力,3,
Mia_475,小组课,Sara,L002732,2025年10月1日,周三,miércoles,Wednesday,11:00,10:00,-1h,1.67,语法,1,
Eric096,班课,Sara,L002732,2025/10/01,周三,miércoles,Wednesday,11:00,19:00,+8h,1.67,阅读,8,
Patrick_507,小组课,Sara,L002732,2025年10月1日,周三,miércoles,Wednesday,11:00,11:00,+0h,1.67,语法,3,
Wilson_066,小组课,Sara,L002732,2025-10-01,周三,miércoles,Wednesday,11:00,20:00,+9h,1.67,语法,4,
Zoe_393,小组课,Sara,L002733,2025/10/08,周三,miércoles,Wednesday,11:00,11:00,+0h,1.67,听力,2,
Brian409,班课,Sara,L002733,2025/10/08,周三,miércoles,Wednesday,11:00,17:00,+6h,1.67,口语,11,
Mia_475（教务）,班课,Sara,L002733,2025年10月8日,周三,miércoles,Wednesday,11:00,10:00,-1h,1.67,口语,5,
Eric_096,班课,Sara,L002733,2025-10-08,周三,miércoles,Wednesday,11:00,20:00,+9h,1.67,听力,9,
Patrick_507,班课,Sara,L002733,2025-10-08,周三,miércoles,Wednesday,11:00,11:00,+0h,1.67,听力,12,
Wilson066,小组课,Sara,L002733,2025/10/08,周三,miércoles,Wednesday,11:00,20:00,+9h,1.67,口语,2,
Zoe_393,小组课,Sara,L002734,10/15/2025,周三,miércoles,Wednesday,11:00,11:00,+0h,1.0,阅读,6,课堂参与积极
Brian_409,班课,Sara,L002734,2025-10-15,周三,miércoles,Wednesday,11:00,17:00,+6h,1.0,语法,13,课堂参与积极
Mia475,小组课,Sara（教务）,L002734,2025-10-15,周三,miércoles,Wednesday,11:00,10:00,-1h,1.0,复习,13,课堂参与积极
Eric096,班课,Sara,L002734,2025-10-15,周三,miércoles,Wednesday,11:00,20:00,+9h,1.0,语法,6,课堂参与积极
Patrick_507,班课,Sara,L002734,2025-10-15,周三,miércoles,Wednesday,11:00,11:00,+0h,1.0,听力,6,课堂参与积极
Wilson066,班课,Sara,L002734,10/15/2025,周三,miércoles,Wednesday,11:00,20:00,+9h,1.0,语法,12,课堂参与积极
Zoe393,班课,Sara,L002735,2025-10-22,周三,miércoles,Wednesday,11:00,11:00,+0h,1.0,口语,1,课堂参与积极
Brian_409,班课,Sara,L002735,2025-10-22,周三,miércoles,Wednesday,11:00,17:00,+6h,1.0,复习,7,课堂参与积极
Mia_475,班课,Sara,L002735,2025-10-22,周三,miércoles,Wednesday,11:00,11:00,+0h,1.0,阅读,10,课堂参与积极
Eric_096,班课,Sara,L002735,10/22/2025,周三,miércoles,Wednesday,11:00,20:00,+9h,1.0,口语,1,课堂参与积极
Patrick_507,小组课,Sara,L002735,2025-10-22,周三,miércoles,Wednesday,11:00,11:00,+0h,1.0,语法,7,课堂参与积极
Wilson_066,班课,Sara,L002735,2025/10/22,周三,miércoles,Wednesday,11:00,20:00,+9h,1.0,语法,2,课堂参与积极
Zoe_393,班课,Sara（教务）,L002736,2025年10月29日,周三,miércoles,Wednesday,11:00,11:00,+0h,1.67,语法,1,语法掌握一般
Brian_409,小组课,Sara,L002736,2025年10月29日,周三,miércoles,Wednesday,11:00,18:00,+7h,1.67,复习,1,语法掌握一般
Mia475,班课,Sara,L002736,2025年10月29日,周三,miércoles,Wednesday,11:00,10:00,-1h,1.67,语法,6,语法掌握一般
Eric_096,班课,Sara,L002736,2025-10-29,周三,miércoles,Wednesday,11:00,22:00,+11h,1.67,语法,13,语法掌握一般
Patrick_507,小组课,Sara,L002736,10/29/2025,周三,miércoles,Wednesday,11:00,11:00,+0h,1.67,语法,8,语法掌握一般
Wilson_066,班课,Sara,L002736,2025-10-29,周三,miércoles,Wednesday,11:00,21:00,+10h,1.67,口语,7,语法掌握一般
Zoe_393,班课,Sara（教务）,L002737,2025年11月5日,周三,miércoles,Wednesday,11:00,11:00,+0h,1.67,阅读,10,完成本节内容
Brian_409,班课,Sara,L002737,2025/11/05,周三,miércoles,Wednesday,11:00,18:00,+7h,1.67,语法,4,完成本节内容
Mia_475,小组课,Sara,L002737,2025-11-05,周三,miércoles,Wednesday,11:00,10:00,-1h,1.67,口语,14,完成本节内容
Eric096,班课,Sara,L002737,2025年11月5日,周三,miércoles,Wednesday,11:00,21:00,+10h,1.67,阅读,13,完成本节内容
Patrick_507,小组课,Sara,L002737,2025年11月5日,周三,miércoles,Wednesday,11:00,11:00,+0h,1.67,语法,6,完成本节内容
Wilson_066（教务）,班课,Sara,L002737,2025-11-05,周三,miércoles,Wednesday,11:00,21:00,+10h,1.67,复习,4,完成本节内容
Zoe_393,班课,Sara,L002738,2025-11-12,周三,miércoles,Wednesday,11:00,11:00,+0h,1.0,语法,7,完成本节内容
Brian_409（教务）,小组课,Sara（教务）,L002738,2025/11/12,周三,miércoles,Wednesday,11:00,18:00,+7h,1.0,口语,7,完成本节内容
Mia_475,小组课,Sara,L002738,2025年11月12日,周三,miércoles,Wednesday,11:00,10:00,-1h,1.0,复习,6,完成本节内容
Eric_096,小组课,Sara,L002738,2025/11/12,周三,miércoles,Wednesday,11:00,22:00,+11h,1.0,语法,14,完成本节内容
Patrick507,小组课,Sara（教务）,L002738,2025-11-12,周三,miércoles,Wednesday,11:00,11:00,+0h,1.0,阅读,13,完成本节内容
Wilson_066,班课,Sara,L002738,2025/11/12,周三,miércoles,Wednesday,11:00,21:00,+10h,1.0,听力,5,完成本节内容
Zoe_393（教务）,小组课,Sara,L002739,11/19/2025,周三,miércoles,Wednesday,11:00,11:00,+0h,1.0,语法,13,完成本节内容
Brian_409,班课,Sara,L002739,2025-11-19,周三,miércoles,Wednesday,11:00,18:00,+7h,1.0,阅读,7,完成本节内容
Mia_475,小组课,Sara,L002739,11/19/2025,周三,miércoles,Wednesday,11:00,10:00,-1h,1.0,复习,1,完成本节内容
Eric_096,小组课,Sara,L002739,2025-11-19,周三,miércoles,Wednesday,11:00,21:00,+10h,1.0,口语,7,完成本节内容
Patrick_507,小组课,Sara,L002739,11/19/2025,周三,miércoles,Wednesday,11:00,11:00,+0h,1.0,复习,13,完成本节内容
Wilson_066（教务）,班课,Sara,L002739,2025/11/19,周三,miércoles,Wednesday,11:00,21:00,+10h,1.0,听力,14,完成本节内容
Zoe_393,班课,Sara（教务）,L002740,2025/11/26,周三,miércoles,Wednesday,11:00,11:00,+0h,1.0,语法,9,
Brian_409,小组课,Sara,L002740,2025/11/26,周三,miércoles,Wednesday,11:00,18:00,+7h,1.0,阅读,9,
Mia_475,班课,Sara,L002740,2025/11/26,周三,miércoles,Wednesday,11:00,10:00,-1h,1.0,语法,14,
Eric096,班课,Sara,L002740,2025/11/26,周三,miércoles,Wednesday,11:00,21:00,+10h,1.0,语法,4,
Patrick_507,小组课,Sara,L002740,11/26/2025,周三,miércoles,Wednesday,11:00,11:00,+0h,1.0,听力,1,
Wilson066,班课,Sara,L002740,2025年11月26日,周三,miércoles,Wednesday,11:00,21:00,+10h,1.0,语法,11,
Zoe_393,班课,Sara,L002741,2025年12月3日,周三,miércoles,Wednesday,11:00,11:00,+0h,1.0,语法,6,课堂参与积极
Brian409,班课,Sara,L002741,2025/12/03,周三,miércoles,Wednesday,11:00,18:00,+7h,1.0,语法,5,课堂参与积极
Mia_475,班课,Sara,L002741,2025-12-03,周三,miércoles,Wednesday,11:00,10:00,-1h,1.0,阅读,13,课堂参与积极
Eric_096,班课,Sara,L002741,2025/12/03,周三,miércoles,Wednesday,11:00,21:00,+10h,1.0,阅读,4,课堂参与积极
Patrick_507,小组课,Sara,L002741,2025-12-03,周三,miércoles,Wednesday,11:00,10:00,-1h,1.0,复习,6,课堂参与积极
Wilson_066,班课,Sara,L002741,2025/12/03,周三,miércoles,Wednesday,11:00,21:00,+10h,1.0,复习,9,课堂参与积极
Zoe_393,班课,Sara,L002742,2025-12-10,周三,miércoles,Wednesday,11:00,11:00,+0h,1.0,口语,11,语法掌握一般
Brian409,班课,Sara,L002742,2025/12/10,周三,miércoles,Wednesday,11:00,18:00,+7h,1.0,语法,5,语法掌握一般
Mia_475,小组课,Sara,L002742,2025年12月10日,周三,miércoles,Wednesday,11:00,10:00,-1h,1.0,复习,11,语法掌握一般
Eric096,小组课,Sara,L002742,2025/12/10,周三,miércoles,Wednesday,11:00,21:00,+10h,1.0,口语,9,语法掌握一般
Patrick_507,小组课,Sara,L002742,12/10/2025,周三,miércoles,Wednesday,11:00,11:00,+0h,1.0,阅读,14,语法掌握一般
Wilson_066,小组课,Sara,L002742,2025/12/10,周三,miércoles,Wednesday,11:00,21:00,+10h,1.0,复习,3,语法掌握一般
Zoe_393,小组课,Sara（教务）,L002743,2025-12-17,周三,miércoles,Wednesday,11:00,11:00,+0h,1.0,语法,1,课堂参与积极
Brian_409,班课,Sara,L002743,2025-12-17,周三,miércoles,Wednesday,11:00,19:00,+8h,1.0,语法,13,课堂参与积极
Mia_475,小组课,Sara,L002743,2025-12-17,周三,miércoles,Wednesday,11:00,10:00,-1h,1.0,听力,12,课堂参与积极
Eric096,小组课,Sara,L002743,2025年12月17日,周三,miércoles,Wednesday,11:00,21:00,+10h,1.0,语法,11,课堂参与积极
Patrick_507,班课,Sara,L002743,2025-12-17,周三,miércoles,Wednesday,11:00,11:00,+0h,1.0,口语,2,课堂参与积极
Wilson_066,小组课,Sara,L002743,2025-12-17,周三,miércoles,Wednesday,11:00,21:00,+10h,1.0,阅读,13,课堂参与积极
Zoe_393,小组课,Sara,L002744,12/24/2025,周三,miércoles,Wednesday,11:00,11:00,+0h,1.0,听力,11,需要加强口语练习
Brian_409,小组课,Sara,L002744,2025年12月24日,周三,miércoles,Wednesday,11:00,18:00,+7h,1.0,口语,12,需要加强口语练习
Mia_475,小组课,Sara,L002744,2025年12月24日,周三,miércoles,Wednesday,11:00,10:00,-1h,1.0,阅读,3,需要加强口语练习
Eric096,班课,Sara,L002744,2025-12-24,周三,miércoles,Wednesday,11:00,21:00,+10h,1.0,语法,9,需要加强口语练习
Patrick_507,班课,Sara,L002744,2025-12-24,周三,miércoles,Wednesday,11:00,11:00,+0h,1.0,阅读,4,需要加强口语练习
Wilson_066,小组课,Sara,L002744,12/24/2025,周三,miércoles,Wednesday,11:00,21:00,+10h,1.0,复习,12,需要加强口语练习
Zoe_393,班课,Sara（教务）,L002745,2025-12-31,周三,miércoles,Wednesday,11:00,10:00,-1h,1.5,口语,4,需要加强口语练习
Brian409,班课,Sara,L002745,2025-12-31,周三,miércoles,Wednesday,11:00,18:00,+7h,1.5,语法,1,需要加强口语练习
Mia475,小组课,Sara,L002745,2025-12-31,周三,miércoles,Wednesday,11:00,10:00,-1h,1.5,口语,2,需要加强口语练习
Eric_096,班课,Sara,L002745,2025年12月31日,周三,miércoles,Wednesday,11:00,21:00,+10h,1.5,阅读,13,需要加强口语练习
Patrick_507,班课,Sara,L002745,2025/12/31,周三,miércoles,Wednesday,11:00,11:00,+0h,1.5,阅读,14,需要加强口语练习
Wilson_066,班课,Sara,L002745,12/31/2025,周三,miércoles,Wednesday,11:00,21:00,+10h,1.5,复习,3,需要加强口语练习
Zoe393,小组课,Sara,L002746,2026-01-07,周三,miércoles,Wednesday,11:00,11:00,+0h,1.5,阅读,9,完成本节内容
Brian_409,班课,Sara,L002746,2026-01-07,周三,miércoles,Wednesday,11:00,18:00,+7h,1.5,语法,6,完成本节内容
Mia_475（教务）,小组课,Sara,L002746,2026/01/07,周三,miércoles,Wednesday,11:00,10:00,-1h,1.5,口语,3,完成本节内容
Eric_096,班课,Sara,L002746,01/07/2026,周三,miércoles,Wednesday,11:00,21:00,+10h,1.5,阅读,3,完成本节内容
Patrick_507（教务）,班课,Sara,L002746,2026-01-07,周三,miércoles,Wednesday,11:00,11:00,+0h,1.5,听力,6,完成本节内容
Wilson_066,班课,Sara,L002746,2026-01-07,周三,miércoles,Wednesday,11:00,21:00,+10h,1.5,口语,12,完成本节内容
Zoe393,小组课,Sara（教务）,L002747,2026-01-14,周三,miércoles,Wednesday,11:00,11:00,+0h,1.0,复习,3,完成本节内容
Brian409,小组课,Sara（教务）,L002747,01/14/2026,周三,miércoles,Wednesday,11:00,18:00,+7h,1.0,复习,2,完成本节内容
Mia475,小组课,Sara,L002747,2026/01/14,周三,miércoles,Wednesday,11:00,09:00,-2h,1.0,语法,7,完成本节内容
Eric_096,小组课,Sara,L002747,2026年1月14日,周三,miércoles,Wednesday,11:00,21:00,+10h,1.0,阅读,5,完成本节内容
Patrick_507,班课,Sara,L002747,2026-01-14,周三,miércoles,Wednesday,11:00,11:00,+0h,1.0,听力,6,完成本节内容
Wilson_066,小组课,Sara,L002747,2026-01-14,周三,miércoles,Wednesday,11:00,21:00,+10h,1.0,口语,14,完成本节内容
Zoe_393,小组课,Sara,L002748,2026-01-21,周三,miércoles,Wednesday,11:00,11:00,+0h,1.5,听力,5,
Brian_409,小组课,Sara（教务）,L002748,2026/01/21,周三,miércoles,Wednesday,11:00,18:00,+7h,1.5,语法,1,
Mia475,班课,Sara,L002748,01/21/2026,周三,miércoles,Wednesday,11:00,10:00,-1h,1.5,复习,10,
Eric_096,班课,Sara,L002748,2026-01-21,周三,miércoles,Wednesday,11:00,22:00,+11h,1.5,阅读,10,
Patrick_507,小组课,Sara,L002748,2026-01-21,周三,miércoles,Wednesday,11:00,11:00,+0h,1.5,复习,7,
Wilson_066,小组课,Sara,L002748,2026-01-21,周三,miércoles,Wednesday,11:00,21:00,+10h,1.5,口语,5,
Zoe_393（教务）,小组课,Sara,L002749,2026-01-28,周三,miércoles,Wednesday,11:00,11:00,+0h,2.0,口语,1,
Brian409,班课,Sara,L002749,2026-01-28,周三,miércoles,Wednesday,11:00,18:00,+7h,2.0,语法,7,
Mia_475,班课,Sara（教务）,L002749,2026/01/28,周三,miércoles,Wednesday,11:00,10:00,-1h,2.0,复习,9,
Eric096,班课,Sara,L002749,2026/01/28,周三,miércoles,Wednesday,11:00,20:00,+9h,2.0,复习,4,
Patrick_507,小组课,Sara,L002749,2026-01-28,周三,miércoles,Wednesday,11:00,11:00,+0h,2.0,口语,3,
Wilson066,小组课,Sara（教务）,L002749,2026-01-28,周三,miércoles,Wednesday,11:00,21:00,+10h,2.0,语法,4,
Zoe_393,小组课,Sara,L002750,2026-02-04,周三,miércoles,Wednesday,11:00,11:00,+0h,1.0,口语,6,语法掌握一般
Brian_409,小组课,Sara,L002750,2026年2月4日,周三,miércoles,Wednesday,11:00,18:00,+7h,1.0,复习,9,语法掌握一般
Mia_475,班课,Sara,L002750,2026-02-04,周三,miércoles,Wednesday,11:00,09:00,-2h,1.0,阅读,11,语法掌握一般
Eric_096,班课,Sara,L002750,2026-02-04,周三,miércoles,Wednesday,11:00,21:00,+10h,1.0,语法,1,语法掌握一般
Patrick_507,小组课,Sara,L002750,2026年2月4日,周三,miércoles,Wednesday,11:00,11:00,+0h,1.0,口语,12,语法掌握一般
Wilson_066,班课,Sara（教务）,L002750,2026/02/04,周三,miércoles,Wednesday,11:00,21:00,+10h,1.0,复习,4,语法掌握一般
Zoe_393,小组课,Sara,L002751,02/11/2026,周三,miércoles,Wednesday,11:00,11:00,+0h,1.0,口语,3,课堂参与积极
Brian_409,班课,Sara,L002751,02/11/2026,周三,miércoles,Wednesday,11:00,18:00,+7h,1.0,听力,12,课堂参与积极
Mia_475,班课,Sara,L002751,2026-02-11,周三,miércoles,Wednesday,11:00,10:00,-1h,1.0,阅读,1,课堂参与积极
Eric_096,小组课,Sara,L002751,2026-02-11,周三,miércoles,Wednesday,11:00,21:00,+10h,1.0,复习,3,课堂参与积极
Patrick_507,小组课,Sara,L002751,2026/02/11,周三,miércoles,Wednesday,11:00,11:00,+0h,1.0,阅读,9,课堂参与积极
Wilson_066,小组课,Sara,L002751,2026-02-11,周三,miércoles,Wednesday,11:00,21:00,+10h,1.0,口语,5,课堂参与积极
Zoe_393（教务）,小组课,Sara,L002752,02/18/2026,周三,miércoles,Wednesday,11:00,11:00,+0h,1.0,语法,12,完成本节内容
Brian_409,小组课,Sara,L002752,2026年2月18日,周三,miércoles,Wednesday,11:00,18:00,+7h,1.0,口语,8,完成本节内容
Mia475,班课,Sara,L002752,2026-02-18,周三,miércoles,Wednesday,11:00,10:00,-1h,1.0,阅读,6,完成本节内容
Eric_096,小组课,Sara,L002752,2026/02/18,周三,miércoles,Wednesday,11:00,21:00,+10h,1.0,阅读,2,完成本节内容
Patrick_507,班课,Sara,L002752,2026年2月18日,周三,miércoles,Wednesday,11:00,11:00,+0h,1.0,阅读,4,完成本节内容
Wilson066,班课,Sara,L002752,2026-02-18,周三,miércoles,Wednesday,11:00,22:00,+11h,1.0,语法,11,完成本节内容
Zoe_393,小组课,Sara,L002753,2026-02-25,周三,miércoles,Wednesday,11:00,11:00,+0h,1.5,语法,14,完成本节内容
Brian_409,小组课,Sara,L002753,2026-02-25,周三,miércoles,Wednesday,11:00,18:00,+7h,1.5,口语,9,完成本节内容
Mia_475,小组课,Sara,L002753,2026-02-25,周三,miércoles,Wednesday,11:00,10:00,-1h,1.5,阅读,11,完成本节内容
Eric_096,小组课,Sara,L002753,2026-02-25,周三,miércoles,Wednesday,11:00,21:00,+10h,1.5,语法,3,完成本节内容
Patrick507,小组课,Sara,L002753,02/25/2026,周三,miércoles,Wednesday,11:00,11:00,+0h,1.5,语法,5,完成本节内容
Wilson_066,小组课,Sara（教务）,L002753,2026-02-25,周三,miércoles,Wednesday,11:00,22:00,+11h,1.5,语法,6,完成本节内容
Zoe393,小组课,Sara,L002754,2026年3月4日,周三,miércoles,Wednesday,11:00,11:00,+0h,1.0,语法,9,完成本节内容
Brian_409,小组课,Sara,L002754,2026-03-04,周三,miércoles,Wednesday,11:00,18:00,+7h,1.0,听力,6,完成本节内容
Mia_475,班课,Sara,L002754,2026-03-04,周三,miércoles,Wednesday,11:00,10:00,-1h,1.0,语法,4,完成本节内容
Eric_096,班课,Sara,L002754,2026/03/04,周三,miércoles,Wednesday,11:00,21:00,+10h,1.0,语法,4,完成本节内容
Patrick_507,班课,Sara,L002754,2026/03/04,周三,miércoles,Wednesday,11:00,11:00,+0h,1.0,语法,14,完成本节内容
Wilson_066,班课,Sara,L002754,03/04/2026,周三,miércoles,Wednesday,11:00,21:00,+10h,1.0,复习,6,完成本节内容
Zoe_393,小组课,Sara,L002755,2026/03/11,周三,miércoles,Wednesday,11:00,11:00,+0h,1.0,听力,4,
Brian_409,班课,Sara,L002755,2026年3月11日,周三,miércoles,Wednesday,11:00,18:00,+7h,1.0,口语,6,
Mia_475,小组课,Sara,L002755,2026-03-11,周三,miércoles,Wednesday,11:00,10:00,-1h,1.0,口语,13,
Eric_096,班课,Sara,L002755,03/11/2026,周三,miércoles,Wednesday,11:00,21:00,+10h,1.0,复习,2,
Patrick_507,小组课,Sara,L002755,2026-03-11,周三,miércoles,Wednesday,11:00,11:00,+0h,1.0,复习,4,
Wilson_066,小组课,Sara（教务）,L002755,2026/03/11,周三,miércoles,Wednesday,11:00,21:00,+10h,1.0,语法,4,
Zoe_393（教务）,班课,Sara,L002756,2026-03-18,周三,miércoles,Wednesday,11:00,11:00,+0h,1.0,口语,10,课堂参与积极
Brian_409,班课,Sara,L002756,2026-03-18,周三,miércoles,Wednesday,11:00,18:00,+7h,1.0,阅读,7,课堂参与积极
Mia_475,班课,Sara,L002756,2026年3月18日,周三,miércoles,Wednesday,11:00,10:00,-1h,1.0,语法,10,课堂参与积极
Eric_096,小组课,Sara,L002756,03/18/2026,周三,miércoles,Wednesday,11:00,21:00,+10h,1.0,语法,11,课堂参与积极
Patrick_507,小组课,Sara,L002756,2026-03-18,周三,miércoles,Wednesday,11:00,11:00,+0h,1.0,口语,11,课堂参与积极
Wilson_066,小组课,Sara,L002756,2026-03-18,周三,miércoles,Wednesday,11:00,21:00,+10h,1.0,语法,5,课堂参与积极
Zoe_393,班课,Sara,L002757,2026年3月25日,周三,miércoles,Wednesday,11:00,11:00,+0h,1.0,听力,2,完成本节内容
Brian_409,小组课,Sara,L002757,2026/03/25,周三,miércoles,Wednesday,11:00,18:00,+7h,1.0,复习,8,完成本节内容
Mia_475,班课,Sara,L002757,2026-03-25,周三,miércoles,Wednesday,11:00,10:00,-1h,1.0,复习,7,完成本节内容
Eric_096（教务）,小组课,Sara,L002757,2026年3月25日,周三,miércoles,Wednesday,11:00,21:00,+10h,1.0,听力,7,完成本节内容
Patrick_507,班课,Sara,L002757,2026-03-25,周三,miércoles,Wednesday,11:00,10:00,-1h,1.0,阅读,11,完成本节内容
Wilson_066,小组课,Sara,L002757,2026-03-25,周三,miércoles,Wednesday,11:00,21:00,+10h,1.0,口语,2,完成本节内容
Zoe_393,班课,Sara,L002758,2026-04-01,周三,miércoles,Wednesday,11:00,11:00,+0h,1.0,听力,11,课堂参与积极
Brian_409,小组课,Sara,L002758,2026-04-01,周三,miércoles,Wednesday,11:00,17:00,+6h,1.0,复习,2,课堂参与积极
Mia_475,小组课,Sara,L002758,2026/04/01,周三,miércoles,Wednesday,11:00,10:00,-1h,1.0,口语,12,课堂参与积极
Eric_096,班课,Sara,L002758,04/01/2026,周三,miércoles,Wednesday,11:00,20:00,+9h,1.0,阅读,8,课堂参与积极
Patrick_507,班课,Sara,L002758,2026-04-01,周三,miércoles,Wednesday,11:00,11:00,+0h,1.0,口语,3,课堂参与积极
Wilson_066,小组课,Sara,L002758,2026/04/01,周三,miércoles,Wednesday,11:00,20:00,+9h,1.0,阅读,8,课堂参与积极
Zoe_393,小组课,Sara,L002759,2026年4月8日,周三,miércoles,Wednesday,11:00,11:00,+0h,2.0,阅读,11,语法掌握一般
Brian_409（教务）,班课,Sara,L002759,2026-04-08,周三,miércoles,Wednesday,11:00,17:00,+6h,2.0,听力,5,语法掌握一般
Mia_475,小组课,Sara,L002759,2026/04/08,周三,miércoles,Wednesday,11:00,11:00,+0h,2.0,口语,6,语法掌握一般
Eric_096（教务）,小组课,Sara,L002759,2026-04-08,周三,miércoles,Wednesday,11:00,19:00,+8h,2.0,阅读,4,语法掌握一般
Patrick_507,班课,Sara,L002759,2026-04-08,周三,miércoles,Wednesday,11:00,11:00,+0h,2.0,复习,9,语法掌握一般
Wilson_066,小组课,Sara,L002759,2026年4月8日,周三,miércoles,Wednesday,11:00,19:00,+8h,2.0,阅读,1,语法掌握一般
Zoe_393（教务）,小组课,Sara,L002760,2026-04-15,周三,miércoles,Wednesday,11:00,11:00,+0h,1.5,口语,2,完成本节内容
Brian_409,班课,Sara,L002760,2026/04/15,周三,miércoles,Wednesday,11:00,16:00,+5h,1.5,口语,14,完成本节内容
Mia_475,班课,Sara,L002760,2026/04/15,周三,miércoles,Wednesday,11:00,10:00,-1h,1.5,听力,7,完成本节内容
Eric096,小组课,Sara,L002760,2026-04-15,周三,miércoles,Wednesday,11:00,20:00,+9h,1.5,阅读,4,完成本节内容
Patrick_507,班课,Sara,L002760,2026/04/15,周三,miércoles,Wednesday,11:00,11:00,+0h,1.5,阅读,9,完成本节内容
Wilson_066,小组课,Sara,L002760,2026-04-15,周三,miércoles,Wednesday,11:00,19:00,+8h,1.5,语法,7,完成本节内容
Zoe_393,班课,Sara,L002761,2026-04-22,周三,miércoles,Wednesday,11:00,10:00,-1h,1.67,口语,5,完成本节内容
Brian409,小组课,Sara（教务）,L002761,04/22/2026,周三,miércoles,Wednesday,11:00,17:00,+6h,1.67,口语,5,完成本节内容
Mia_475,班课,Sara,L002761,2026/04/22,周三,miércoles,Wednesday,11:00,10:00,-1h,1.67,口语,7,完成本节内容
Eric096,班课,Sara,L002761,04/22/2026,周三,miércoles,Wednesday,11:00,19:00,+8h,1.67,语法,10,完成本节内容
Patrick_507,小组课,Sara,L002761,2026-04-22,周三,miércoles,Wednesday,11:00,11:00,+0h,1.67,听力,13,完成本节内容
Wilson_066,小组课,Sara,L002761,2026-04-22,周三,miércoles,Wednesday,11:00,19:00,+8h,1.67,阅读,12,完成本节内容
Zoe_393,班课,Sara,L002762,04/29/2026,周三,miércoles,Wednesday,11:00,11:00,+0h,1.0,口语,1,需要加强口语练习
Brian_409,班课,Sara,L002762,2026-04-29,周三,miércoles,Wednesday,11:00,17:00,+6h,1.0,复习,6,需要加强口语练习
Mia475,小组课,Sara,L002762,2026-04-29,周三,miércoles,Wednesday,11:00,10:00,-1h,1.0,复习,5,需要加强口语练习
Eric_096,小组课,Sara,L002762,04/29/2026,周三,miércoles,Wednesday,11:00,19:00,+8h,1.0,阅读,1,需要加强口语练习
Patrick_507,班课,Sara,L002762,2026年4月29日,周三,miércoles,Wednesday,11:00,11:00,+0h,1.0,听力,13,需要加强口语练习
Wilson_066,小组课,Sara,L002762,2026-04-29,周三,miércoles,Wednesday,11:00,18:00,+7h,1.0,复习,1,需要加强口语练习
Zoe_393,班课,Sara,L002763,2026年5月6日,周三,miércoles,Wednesday,11:00,11:00,+0h,1.67,复习,2,课堂参与积极
Brian409,小组课,Sara,L002763,2026-05-06,周三,miércoles,Wednesday,11:00,17:00,+6h,1.67,复习,8,课堂参与积极
Mia_475,小组课,Sara,L002763,2026-05-06,周三,miércoles,Wednesday,11:00,10:00,-1h,1.67,阅读,6,课堂参与积极
Eric_096,小组课,Sara,L002763,2026-05-06,周三,miércoles,Wednesday,11:00,19:00,+8h,1.67,语法,7,课堂参与积极
Patrick_507,小组课,Sara,L002763,2026年5月6日,周三,miércoles,Wednesday,11:00,11:00,+0h,1.67,复习,3,课堂参与积极
Wilson_066,小组课,Sara,L002763,2026/05/06,周三,miércoles,Wednesday,11:00,19:00,+8h,1.67,口语,9,课堂参与积极
Zoe_393,小组课,Sara,L002764,2026/05/13,周三,miércoles,Wednesday,11:00,11:00,+0h,1.0,语法,5,完成本节内容
Brian_409（教务）,小组课,Sara（教务）,L002764,05/13/2026,周三,miércoles,Wednesday,11:00,17:00,+6h,1.0,语法,8,完成本节内容
Mia_475,小组课,Sara,L002764,2026-05-13,周三,miércoles,Wednesday,11:00,10:00,-1h,1.0,复习,6,完成本节内容
Eric_096,小组课,Sara,L002764,2026-05-13,周三,miércoles,Wednesday,11:00,19:00,+8h,1.0,听力,10,完成本节内容
Patrick_507,班课,Sara,L002764,2026-05-13,周三,miércoles,Wednesday,11:00,11:00,+0h,1.0,听力,13,完成本节内容
Wilson_066,小组课,Sara（教务）,L002764,2026/05/13,周三,miércoles,Wednesday,11:00,19:00,+8h,1.0,复习,8,完成本节内容
Zoe_393,小组课,Sara,L002765,05/20/2026,周三,miércoles,Wednesday,11:00,11:00,+0h,1.67,语法,4,完成本节内容
Brian409,班课,Sara,L002765,2026/05/20,周三,miércoles,Wednesday,11:00,17:00,+6h,1.67,口语,14,完成本节内容
Mia_475,小组课,Sara,L002765,2026-05-20,周三,miércoles,Wednesday,11:00,10:00,-1h,1.67,阅读,7,完成本节内容
Eric096,班课,Sara,L002765,2026年5月20日,周三,miércoles,Wednesday,11:00,19:00,+8h,1.67,口语,14,完成本节内容
Patrick507,班课,Sara,L002765,2026年5月20日,周三,miércoles,Wednesday,11:00,11:00,+0h,1.67,复习,3,完成本节内容
Wilson_066,班课,Sara,L002765,2026/05/20,周三,miércoles,Wednesday,11:00,19:00,+8h,1.67,复习,10,完成本节内容
Zoe_393,班课,Sara,L002766,2026-05-27,周三,miércoles,Wednesday,11:00,11:00,+0h,1.0,语法,13,课堂参与积极
Brian_409（教务）,小组课,Sara,L002766,2026-05-27,周三,miércoles,Wednesday,11:00,17:00,+6h,1.0,复习,4,课堂参与积极
Mia_475,小组课,Sara,L002766,05/27/2026,周三,miércoles,Wednesday,11:00,07:00,-4h,1.0,阅读,1,课堂参与积极
Eric_096,小组课,Sara,L002766,2026-05-27,周三,miércoles,Wednesday,11:00,19:00,+8h,1.0,听力,11,课堂参与积极
Patrick_507,小组课,Sara,L002766,2026/05/27,周三,miércoles,Wednesday,11:00,11:00,+0h,1.0,口语,1,课堂参与积极
Wilson_066,班课,Sara,L002766,05/27/2026,周三,miércoles,Wednesday,11:00,18:00,+7h,1.0,阅读,6,课堂参与积极
Zoe393,班课,Sara,L002767,2026/06/03,周三,miércoles,Wednesday,11:00,11:00,+0h,1.0,语法,7,需要加强口语练习
Brian_409,班课,Sara,L002767,2026-06-03,周三,miércoles,Wednesday,11:00,18:00,+7h,1.0,口语,6,需要加强口语练习
Mia_475,班课,Sara,L002767,2026-06-03,周三,miércoles,Wednesday,11:00,10:00,-1h,1.0,语法,3,需要加强口语练习
Eric_096,班课,Sara,L002767,2026-06-03,周三,miércoles,Wednesday,11:00,19:00,+8h,1.0,口语,13,需要加强口语练习
Patrick507,小组课,Sara,L002767,2026/06/03,周三,miércoles,Wednesday,11:00,11:00,+0h,1.0,阅读,3,需要加强口语练习
Wilson_066,班课,Sara,L002767,06/03/2026,周三,miércoles,Wednesday,11:00,19:00,+8h,1.0,口语,2,需要加强口语练习
Zoe_393,班课,Sara,L002768,2026/06/10,周三,miércoles,Wednesday,11:00,11:00,+0h,1.5,口语,6,语法掌握一般
Brian_409,班课,Sara,L002768,2026/06/10,周三,miércoles,Wednesday,11:00,17:00,+6h,1.5,听力,7,语法掌握一般
Mia475,小组课,Sara,L002768,06/10/2026,周三,miércoles,Wednesday,11:00,10:00,-1h,1.5,听力,13,语法掌握一般
Eric_096,班课,Sara,L002768,2026-06-10,周三,miércoles,Wednesday,11:00,19:00,+8h,1.5,听力,2,语法掌握一般
Patrick_507,班课,Sara,L002768,2026年6月10日,周三,miércoles,Wednesday,11:00,11:00,+0h,1.5,听力,14,语法掌握一般
Wilson_066,小组课,Sara,L002768,2026-06-10,周三,miércoles,Wednesday,11:00,19:00,+8h,1.5,口语,9,语法掌握一般
Zoe_393,小组课,Sara,L002769,2026年6月17日,周三,miércoles,Wednesday,11:00,12:00,+1h,1.0,口语,7,需要加强口语练习
Brian_409,小组课,Sara,L002769,2026-06-17,周三,miércoles,Wednesday,11:00,17:00,+6h,1.0,阅读,12,需要加强口语练习
Mia_475,班课,Sara,L002769,2026-06-17,周三,miércoles,Wednesday,11:00,10:00,-1h,1.0,听力,11,需要加强口语练习
Eric096,班课,Sara,L002769,06/17/2026,周三,miércoles,Wednesday,11:00,19:00,+8h,1.0,口语,9,需要加强口语练习
Patrick_507,小组课,Sara,L002769,2026-06-17,周三,miércoles,Wednesday,11:00,14:00,+3h,1.0,口语,8,需要加强口语练习
Wilson066,班课,Sara（教务）,L002769,2026-06-17,周三,miércoles,Wednesday,11:00,19:00,+8h,1.0,口语,8,需要加强口语练习
Zoe_393,小组课,Sara,L002770,2026-06-24,周三,miércoles,Wednesday,11:00,11:00,+0h,1.0,语法,3,语法掌握一般
Brian_409,班课,Sara,L002770,2026年6月24日,周三,miércoles,Wednesday,11:00,17:00,+6h,1.0,听力,6,语法掌握一般
Mia_475,小组课,Sara,L002770,2026-06-24,周三,miércoles,Wednesday,11:00,10:00,-1h,1.0,听力,6,语法掌握一般
Eric_096,班课,Sara,L002770,06/24/2026,周三,miércoles,Wednesday,11:00,19:00,+8h,1.0,口语,7,语法掌握一般
Patrick_507,小组课,Sara,L002770,2026-06-24,周三,miércoles,Wednesday,11:00,11:00,+0h,1.0,语法,14,语法掌握一般
Wilson_066（教务）,班课,Sara（教务）,L002770,2026-06-24,周三,miércoles,Wednesday,11:00,19:00,+8h,1.0,听力,6,语法掌握一般
Zoe_393（教务）,小组课,Sara,L002771,2026-07-01,周三,miércoles,Wednesday,11:00,11:00,+0h,1.0,复习,11,语法掌握一般
Brian409,小组课,Sara,L002771,2026/07/01,周三,miércoles,Wednesday,11:00,17:00,+6h,1.0,复习,13,语法掌握一般
Mia_475,小组课,Sara,L002771,2026-07-01,周三,miércoles,Wednesday,11:00,10:00,-1h,1.0,听力,7,语法掌握一般
Eric_096,班课,Sara,L002771,2026-07-01,周三,miércoles,Wednesday,11:00,19:00,+8h,1.0,语法,13,语法掌握一般
Patrick_507,班课,Sara,L002771,2026年7月1日,周三,miércoles,Wednesday,11:00,11:00,+0h,1.0,阅读,8,语法掌握一般
Wilson_066,小组课,Sara,L002771,2026-07-01,周三,miércoles,Wednesday,11:00,20:00,+9h,1.0,听力,13,语法掌握一般
Zoe393,小组课,Sara（教务）,L002772,2026/07/08,周三,miércoles,Wednesday,11:00,11:00,+0h,1.0,阅读,5,完成本节内容
Brian_409,班课,Sara,L002772,2026/07/08,周三,miércoles,Wednesday,11:00,17:00,+6h,1.0,口语,13,完成本节内容
Mia_475,班课,Sara,L002772,2026-07-08,周三,miércoles,Wednesday,11:00,10:00,-1h,1.0,复习,13,完成本节内容
Eric_096（教务）,班课,Sara,L002772,2026-07-08,周三,miércoles,Wednesday,11:00,19:00,+8h,1.0,口语,3,完成本节内容
Patrick_507,小组课,Sara,L002772,2026-07-08,周三,miércoles,Wednesday,11:00,11:00,+0h,1.0,听力,5,完成本节内容
Wilson_066,班课,Sara,L002772,2026年7月8日,周三,miércoles,Wednesday,11:00,19:00,+8h,1.0,口语,1,完成本节内容
Zoe_393,小组课,Sara,L002773,2026/07/15,周三,miércoles,Wednesday,11:00,11:00,+0h,1.5,语法,1,课堂参与积极
Brian_409,小组课,Sara,L002773,2026/07/15,周三,miércoles,Wednesday,11:00,17:00,+6h,1.5,口语,8,课堂参与积极
Mia475,班课,Sara（教务）,L002773,2026/07/15,周三,miércoles,Wednesday,11:00,11:00,+0h,1.5,语法,8,课堂参与积极
Eric_096,小组课,Sara,L002773,2026年7月15日,周三,miércoles,Wednesday,11:00,21:00,+10h,1.5,语法,8,课堂参与积极
Patrick_507,班课,Sara（教务）,L002773,2026/07/15,周三,miércoles,Wednesday,11:00,11:00,+0h,1.5,复习,14,课堂参与积极
Wilson_066,班课,Sara,L002773,2026-07-15,周三,miércoles,Wednesday,11:00,18:00,+7h,1.5,口语,7,课堂参与积极
Zoe393,班课,Sara,L002774,07/22/2026,周三,miércoles,Wednesday,11:00,11:00,+0h,1.67,复习,4,需要加强口语练习
Brian_409,班课,Sara,L002774,2026/07/22,周三,miércoles,Wednesday,11:00,17:00,+6h,1.67,口语,6,需要加强口语练习
Mia_475,小组课,Sara,L002774,2026/07/22,周三,miércoles,Wednesday,11:00,10:00,-1h,1.67,复习,10,需要加强口语练习
Eric_096,班课,Sara,L002774,2026-07-22,周三,miércoles,Wednesday,11:00,19:00,+8h,1.67,阅读,2,需要加强口语练习
Patrick_507,班课,Sara,L002774,07/22/2026,周三,miércoles,Wednesday,11:00,11:00,+0h,1.67,口语,2,需要加强口语练习
Wilson_066（教务）,小组课,Sara（教务）,L002774,2026-07-22,周三,miércoles,Wednesday,11:00,19:00,+8h,1.67,阅读,1,需要加强口语练习
Zoe_393,小组课,Sara,L002775,2026年7月29日,周三,miércoles,Wednesday,11:00,11:00,+0h,1.0,阅读,10,完成本节内容
Brian_409（教务）,班课,Sara,L002775,2026年7月29日,周三,miércoles,Wednesday,11:00,16:00,+5h,1.0,口语,8,完成本节内容
Mia_475,小组课,Sara（教务）,L002775,2026年7月29日,周三,miércoles,Wednesday,11:00,10:00,-1h,1.0,阅读,2,完成本节内容
Eric_096,小组课,Sara,L002775,2026-07-29,周三,miércoles,Wednesday,11:00,19:00,+8h,1.0,口语,8,完成本节内容
Patrick_507,班课,Sara,L002775,2026-07-29,周三,miércoles,Wednesday,11:00,11:00,+0h,1.0,听力,14,完成本节内容
Wilson_066,班课,Sara（教务）,L002775,2026年7月29日,周三,miércoles,Wednesday,11:00,19:00,+8h,1.0,阅读,12,完成本节内容
Zoe_393,班课,Sara,L002776,08/05/2026,周三,miércoles,Wednesday,11:00,11:00,+0h,2.0,语法,11,完成本节内容
Brian409,小组课,Sara,L002776,2026/08/05,周三,miércoles,Wednesday,11:00,17:00,+6h,2.0,复习,10,完成本节内容
Mia_475,小组课,Sara,L002776,08/05/2026,周三,miércoles,Wednesday,11:00,10:00,-1h,2.0,语法,7,完成本节内容
Eric_096,班课,Sara,L002776,2026年8月5日,周三,miércoles,Wednesday,11:00,19:00,+8h,2.0,听力,13,完成本节内容
Patrick_507,班课,Sara,L002776,08/05/2026,周三,miércoles,Wednesday,11:00,12:00,+1h,2.0,语法,12,完成本节内容
Wilson_066,班课,Sara,L002776,2026-08-05,周三,miércoles,Wednesday,11:00,19:00,+8h,2.0,听力,4,完成本节内容
Zoe_393,小组课,Sara,L002777,08/12/2026,周三,miércoles,Wednesday,11:00,11:00,+0h,1.67,语法,6,需要加强口语练习
Brian_409（教务）,小组课,Sara,L002777,2026/08/12,周三,miércoles,Wednesday,11:00,17:00,+6h,1.67,口语,4,需要加强口语练习
Mia475,小组课,Sara,L002777,2026/08/12,周三,miércoles,Wednesday,11:00,10:00,-1h,1.67,语法,11,需要加强口语练习
Eric_096,小组课,Sara,L002777,08/12/2026,周三,miércoles,Wednesday,11:00,19:00,+8h,1.67,口语,5,需要加强口语练习
Patrick_507,小组课,Sara,L002777,2026-08-12,周三,miércoles,Wednesday,11:00,11:00,+0h,1.67,语法,8,需要加强口语练习
Wilson_066,班课,Sara,L002777,08/12/2026,周三,miércoles,Wednesday,11:00,19:00,+8h,1.67,语法,10,需要加强口语练习
Zoe_393,班课,Sara,L002778,2026年8月19日,周三,miércoles,Wednesday,11:00,11:00,+0h,1.0,听力,13,语法掌握一般
Brian_409,小组课,Sara,L002778,2026-08-19,周三,miércoles,Wednesday,11:00,17:00,+6h,1.0,语法,9,语法掌握一般
Mia_475,班课,Sara,L002778,2026年8月19日,周三,miércoles,Wednesday,11:00,10:00,-1h,1.0,口语,3,语法掌握一般
Eric096,小组课,Sara,L002778,2026-08-19,周三,miércoles,Wednesday,11:00,19:00,+8h,1.0,听力,14,语法掌握一般
Patrick_507,小组课,Sara,L002778,2026-08-19,周三,miércoles,Wednesday,11:00,11:00,+0h,1.0,阅读,13,语法掌握一般
Wilson066,班课,Sara,L002778,08/19/2026,周三,miércoles,Wednesday,11:00,19:00,+8h,1.0,语法,12,语法掌握一般
Zoe393,班课,Sara,L002779,2026-08-26,周三,miércoles,Wednesday,11:00,12:00,+1h,1.67,复习,5,需要加强口语练习
Brian_409,班课,Sara,L002779,2026/08/26,周三,miércoles,Wednesday,11:00,17:00,+6h,1.67,阅读,14,需要加强口语练习
Mia_475,小组课,Sara,L002779,08/26/2026,周三,miércoles,Wednesday,11:00,10:00,-1h,1.67,阅读,12,需要加强口语练习
Eric_096,班课,Sara,L002779,2026-08-26,周三,miércoles,Wednesday,11:00,19:00,+8h,1.67,阅读,13,需要加强口语练习
Patrick_507,小组课,Sara,L002779,2026/08/26,周三,miércoles,Wednesday,11:00,11:00,+0h,1.67,口语,4,需要加强口语练习
Wilson066,班课,Sara,L002779,08/26/2026,周三,miércoles,Wednesday,11:00,19:00,+8h,1.67,语法,9,需要加强口语练习
Elynn_123,班课,Miguel,L002780,2025年10月12日,周日,domingo,Sunday,15:00,15:00,+0h,2.0,复习,1,语法掌握一般
Elynn_123,班课,Miguel,L002781,2025-10-19,周日,domingo,Sunday,15:00,15:00,+0h,1.0,复习,8,语法掌握一般
Elynn_123（教务）,小组课,Miguel,L002782,2025/10/26,周日,domingo,Sunday,15:00,15:00,+0h,1.67,语法,1,完成本节内容
Elynn_123（教务）,小组课,Miguel,L002783,2025-11-02,周日,domingo,Sunday,15:00,15:00,+0h,1.0,口语,5,语法掌握一般
Elynn123,班课,Miguel,L002784,2025-11-09,周日,domingo,Sunday,15:00,15:00,+0h,1.0,阅读,4,课堂参与积极
Elynn_123（教务）,小组课,Miguel（教务）,L002785,2025/11/16,周日,domingo,Sunday,15:00,15:00,+0h,1.0,语法,14,
Elynn123,班课,Miguel,L002786,2025-11-23,周日,domingo,Sunday,15:00,15:00,+0h,1.67,语法,9,完成本节内容
Elynn_123,小组课,Miguel,L002787,2025/11/30,周日,domingo,Sunday,15:00,15:00,+0h,2.0,听力,13,语法掌握一般
Elynn_123,班课,Miguel,L002788,2025/12/07,周日,domingo,Sunday,15:00,15:00,+0h,1.0,阅读,1,课堂参与积极
Elynn_123,小组课,Miguel,L002789,2025/12/14,周日,domingo,Sunday,15:00,15:00,+0h,1.0,阅读,5,完成本节内容
Elynn_123,班课,Miguel,L002790,2025-12-21,周日,domingo,Sunday,15:00,15:00,+0h,1.5,语法,13,需要加强口语练习
Elynn_123,小组课,Miguel,L002791,2025/12/28,周日,domingo,Sunday,15:00,15:00,+0h,1.5,口语,4,课堂参与积极
Elynn_123,班课,Miguel,L002792,2026-01-04,周日,domingo,Sunday,15:00,15:00,+0h,1.0,口语,11,完成本节内容
Elynn123,班课,Miguel,L002793,2026/01/11,周日,domingo,Sunday,15:00,15:00,+0h,1.0,语法,11,完成本节内容
Elynn_123,小组课,Miguel,L002794,01/18/2026,周日,domingo,Sunday,15:00,15:00,+0h,1.5,口语,8,需要加强口语练习
Elynn_123,班课,Miguel,L002795,2026-01-25,周日,domingo,Sunday,15:00,15:00,+0h,1.0,阅读,4,完成本节内容
Elynn_123,小组课,Miguel,L002796,02/01/2026,周日,domingo,Sunday,15:00,15:00,+0h,1.0,口语,6,课堂参与积极
Elynn_123,班课,Miguel,L002797,2026/02/08,周日,domingo,Sunday,15:00,15:00,+0h,1.67,口语,5,需要加强口语练习
Elynn_123（教务）,班课,Miguel,L002798,2026-02-15,周日,domingo,Sunday,15:00,15:00,+0h,1.67,阅读,9,
Elynn123,班课,Miguel,L002799,2026-02-22,周日,domingo,Sunday,15:00,15:00,+0h,1.67,阅读,5,完成本节内容
Elynn_123,班课,Miguel,L002800,2026-03-01,周日,domingo,Sunday,15:00,15:00,+0h,1.5,阅读,11,课堂参与积极
Elynn_123,小组课,Miguel,L002801,2026/03/08,周日,domingo,Sunday,15:00,15:00,+0h,1.67,复习,5,需要加强口语练习
Elynn_123,班课,Miguel,L002802,2026-03-15,周日,domingo,Sunday,15:00,15:00,+0h,1.5,听力,11,完成本节内容
Elynn123,班课,Miguel,L002803,2026/03/22,周日,domingo,Sunday,15:00,15:00,+0h,1.0,口语,9,完成本节内容
Elynn_123,班课,Miguel（教务）,L002804,2026/03/29,周日,domingo,Sunday,15:00,15:00,+0h,1.67,复习,2,课堂参与积极
Elynn_123（教务）,班课,Miguel,L002805,2026-04-05,周日,domingo,Sunday,15:00,15:00,+0h,1.0,听力,13,完成本节内容
Elynn_123,小组课,Miguel,L002806,2026-04-12,周日,domingo,Sunday,15:00,15:00,+0h,2.0,阅读,13,
Elynn_123,小组课,Miguel,L002807,2026/04/19,周日,domingo,Sunday,15:00,15:00,+0h,1.67,口语,4,需要加强口语练习
Elynn_123,班课,Miguel,L002808,2026-04-26,周日,domingo,Sunday,15:00,15:00,+0h,1.0,语法,14,完成本节内容
Elynn_123,班课,Miguel,L002809,2026-05-03,周日,domingo,Sunday,15:00,15:00,+0h,1.67,阅读,4,需要加强口语练习
Elynn_123,小组课,Miguel,L002810,2026-05-10,周日,domingo,Sunday,15:00,15:00,+0h,1.0,听力,12,完成本节内容
Elynn_123,小组课,Miguel,L002811,2026年5月17日,周日,domingo,Sunday,15:00,15:00,+0h,1.67,语法,5,完成本节内容
Elynn123,班课,Miguel,L002812,2026-05-24,周日,domingo,Sunday,15:00,15:00,+0h,1.0,语法,13,需要加强口语练习
Elynn_123,小组课,Miguel,L002813,2026-05-31,周日,domingo,Sunday,15:00,15:00,+0h,1.67,听力,4,语法掌握一般
Elynn_123,班课,Miguel,L002814,2026-06-07,周日,domingo,Sunday,15:00,15:00,+0h,1.67,口语,6,语法掌握一般
Elynn_123（教务）,班课,Miguel（教务）,L002815,06/14/2026,周日,domingo,Sunday,15:00,15:00,+0h,1.0,听力,11,完成本节内容
Elynn_123,班课,Miguel,L002816,2026-06-21,周日,domingo,Sunday,15:00,15:00,+0h,1.0,听力,5,课堂参与积极
Elynn123,小组课,Miguel,L002817,2026-06-28,周日,domingo,Sunday,15:00,15:00,+0h,1.5,口语,1,需要加强口语练习
Elynn_123,班课,Miguel,L002818,2026年7月5日,周日,domingo,Sunday,15:00,15:00,+0h,1.67,口语,12,语法掌握一般
Elynn_123,小组课,Miguel,L002819,2026-07-12,周日,domingo,Sunday,15:00,15:00,+0h,1.0,听力,10,语法掌握一般
Elynn123,班课,Miguel,L002820,2026-07-19,周日,domingo,Sunday,15:00,15:00,+0h,1.0,口语,8,完成本节内容
Elynn_123,班课,Miguel,L002821,07/26/2026,周日,domingo,Sunday,15:00,15:00,+0h,1.67,口语,11,
Elynn_123,班课,Miguel（教务）,L002822,2026-08-02,周日,domingo,Sunday,15:00,15:00,+0h,1.67,语法,9,完成本节内容
Elynn_123,班课,Miguel（教务）,L002823,2026/08/09,周日,domingo,Sunday,15:00,15:00,+0h,1.67,口语,4,课堂参与积极
Elynn_123,班课,Miguel,L002824,2026-08-16,周日,domingo,Sunday,15:00,15:00,+0h,1.67,复习,11,完成本节内容
Elynn_123,小组课,Miguel（教务）,L002825,2026/08/23,周日,domingo,Sunday,15:00,15:00,+0h,1.0,口语,8,课堂参与积极
Elynn_123,小组课,Miguel,L002826,2026-08-30,周日,domingo,Sunday,15:00,15:00,+0h,1.67,口语,4,
Liam_441,班课,Javier,L002827,2025-11-02,周日,domingo,Sunday,16:00,16:00,+0h,1.0,语法,12,语法掌握一般
Elva_413,班课,Javier,L002827,2025-11-02,周日,domingo,Sunday,16:00,06:00,-10h,1.0,阅读,13,语法掌握一般
Liam_441,小组课,Javier,L002828,2025年11月9日,周日,domingo,Sunday,16:00,16:00,+0h,1.0,阅读,13,完成本节内容
Elva_413,班课,Javier,L002828,2025-11-09,周日,domingo,Sunday,16:00,07:00,-9h,1.0,复习,5,完成本节内容
Liam_441,小组课,Javier（教务）,L002829,2025-11-16,周日,domingo,Sunday,16:00,16:00,+0h,1.0,听力,2,完成本节内容
Elva_413,班课,Javier,L002829,2025年11月16日,周日,domingo,Sunday,16:00,07:00,-9h,1.0,阅读,6,完成本节内容
Liam441,班课,Javier,L002830,2025-11-23,周日,domingo,Sunday,16:00,17:00,+1h,1.0,听力,2,课堂参与积极
Elva413,小组课,Javier,L002830,2025年11月23日,周日,domingo,Sunday,16:00,07:00,-9h,1.0,听力,5,课堂参与积极
Liam_441,小组课,Javier,L002831,2025-11-30,周日,domingo,Sunday,16:00,16:00,+0h,1.67,阅读,3,完成本节内容
Elva_413,小组课,Javier,L002831,2025/11/30,周日,domingo,Sunday,16:00,07:00,-9h,1.67,口语,9,完成本节内容
Liam_441,小组课,Javier,L002832,2025/12/07,周日,domingo,Sunday,16:00,16:00,+0h,1.0,语法,13,需要加强口语练习
Elva_413,小组课,Javier,L002832,2025-12-07,周日,domingo,Sunday,16:00,07:00,-9h,1.0,阅读,1,需要加强口语练习
Liam_441,小组课,Javier,L002833,2025-12-14,周日,domingo,Sunday,16:00,16:00,+0h,1.5,语法,5,需要加强口语练习
Elva413,小组课,Javier,L002833,2025/12/14,周日,domingo,Sunday,16:00,06:00,-10h,1.5,语法,2,需要加强口语练习
Liam_441,小组课,Javier,L002834,2025/12/21,周日,domingo,Sunday,16:00,16:00,+0h,1.0,阅读,7,完成本节内容
Elva_413,班课,Javier,L002834,2025/12/21,周日,domingo,Sunday,16:00,07:00,-9h,1.0,语法,4,完成本节内容
Liam_441,小组课,Javier,L002835,2025-12-28,周日,domingo,Sunday,16:00,16:00,+0h,1.0,口语,13,语法掌握一般
Elva_413,班课,Javier,L002835,2025-12-28,周日,domingo,Sunday,16:00,07:00,-9h,1.0,复习,6,语法掌握一般
Liam441,班课,Javier,L002836,2026/01/04,周日,domingo,Sunday,16:00,16:00,+0h,1.5,阅读,8,需要加强口语练习
Elva_413（教务）,班课,Javier,L002836,01/04/2026,周日,domingo,Sunday,16:00,06:00,-10h,1.5,口语,9,需要加强口语练习
Liam_441,班课,Javier,L002837,2026-01-11,周日,domingo,Sunday,16:00,16:00,+0h,1.0,听力,3,语法掌握一般
Elva_413,小组课,Javier（教务）,L002837,2026年1月11日,周日,domingo,Sunday,16:00,06:00,-10h,1.0,口语,2,语法掌握一般
Liam_441,班课,Javier,L002838,2026/01/18,周日,domingo,Sunday,16:00,16:00,+0h,1.0,口语,11,需要加强口语练习
Elva_413,小组课,Javier（教务）,L002838,01/18/2026,周日,domingo,Sunday,16:00,07:00,-9h,1.0,语法,1,需要加强口语练习
Liam_441,小组课,Javier,L002839,2026-01-25,周日,domingo,Sunday,16:00,15:00,-1h,1.67,复习,4,课堂参与积极
Elva_413,小组课,Javier,L002839,2026年1月25日,周日,domingo,Sunday,16:00,09:00,-7h,1.67,口语,8,课堂参与积极
Liam_441,小组课,Javier,L002840,2026年2月1日,周日,domingo,Sunday,16:00,14:00,-2h,1.0,阅读,6,完成本节内容
Elva_413,班课,Javier,L002840,2026-02-01,周日,domingo,Sunday,16:00,07:00,-9h,1.0,阅读,10,完成本节内容
Liam441,小组课,Javier,L002841,02/08/2026,周日,domingo,Sunday,16:00,16:00,+0h,1.0,语法,10,语法掌握一般
Elva_413,小组课,Javier（教务）,L002841,2026-02-08,周日,domingo,Sunday,16:00,07:00,-9h,1.0,阅读,9,语法掌握一般
Liam441,小组课,Javier（教务）,L002842,02/15/2026,周日,domingo,Sunday,16:00,16:00,+0h,1.0,口语,12,需要加强口语练习
Elva_413,班课,Javier,L002842,2026/02/15,周日,domingo,Sunday,16:00,06:00,-10h,1.0,阅读,11,需要加强口语练习
Liam_441（教务）,班课,Javier,L002843,2026/02/22,周日,domingo,Sunday,16:00,16:00,+0h,1.5,阅读,14,课堂参与积极
Elva_413,班课,Javier,L002843,2026年2月22日,周日,domingo,Sunday,16:00,06:00,-10h,1.5,语法,2,课堂参与积极
Liam_441,小组课,Javier,L002844,2026年3月1日,周日,domingo,Sunday,16:00,16:00,+0h,1.67,阅读,7,课堂参与积极
Elva_413,小组课,Javier,L002844,2026/03/01,周日,domingo,Sunday,16:00,07:00,-9h,1.67,复习,12,课堂参与积极
Liam_441,班课,Javier,L002845,2026/03/08,周日,domingo,Sunday,16:00,16:00,+0h,2.0,语法,6,完成本节内容
Elva413,班课,Javier,L002845,2026/03/08,周日,domingo,Sunday,16:00,08:00,-8h,2.0,口语,4,完成本节内容
Liam_441,班课,Javier,L002846,2026-03-15,周日,domingo,Sunday,16:00,16:00,+0h,1.0,口语,2,完成本节内容
Elva_413,班课,Javier,L002846,2026年3月15日,周日,domingo,Sunday,16:00,08:00,-8h,1.0,听力,1,完成本节内容
Liam_441,班课,Javier,L002847,2026-03-22,周日,domingo,Sunday,16:00,16:00,+0h,2.0,听力,12,
Elva_413,小组课,Javier,L002847,2026-03-22,周日,domingo,Sunday,16:00,08:00,-8h,2.0,复习,6,
Liam_441,班课,Javier,L002848,2026/03/29,周日,domingo,Sunday,16:00,16:00,+0h,1.0,阅读,6,语法掌握一般
Elva_413,小组课,Javier,L002848,2026-03-29,周日,domingo,Sunday,16:00,07:00,-9h,1.0,口语,5,语法掌握一般
Liam_441,小组课,Javier,L002849,2026/04/05,周日,domingo,Sunday,16:00,16:00,+0h,1.67,阅读,14,完成本节内容
Elva_413,班课,Javier（教务）,L002849,2026-04-05,周日,domingo,Sunday,16:00,07:00,-9h,1.67,口语,8,完成本节内容
Liam_441,班课,Javier,L002850,2026-04-12,周日,domingo,Sunday,16:00,16:00,+0h,1.0,口语,10,需要加强口语练习
Elva413,班课,Javier,L002850,2026年4月12日,周日,domingo,Sunday,16:00,07:00,-9h,1.0,复习,7,需要加强口语练习
Liam_441,小组课,Javier,L002851,2026-04-19,周日,domingo,Sunday,16:00,16:00,+0h,1.5,听力,3,语法掌握一般
Elva_413,小组课,Javier,L002851,2026/04/19,周日,domingo,Sunday,16:00,07:00,-9h,1.5,口语,11,语法掌握一般
Liam_441,小组课,Javier,L002852,2026-04-26,周日,domingo,Sunday,16:00,16:00,+0h,1.0,口语,1,
Elva413,小组课,Javier（教务）,L002852,04/26/2026,周日,domingo,Sunday,16:00,08:00,-8h,1.0,复习,5,
Liam_441,班课,Javier,L002853,05/03/2026,周日,domingo,Sunday,16:00,16:00,+0h,1.5,复习,10,完成本节内容
Elva_413,班课,Javier,L002853,05/03/2026,周日,domingo,Sunday,16:00,07:00,-9h,1.5,口语,11,完成本节内容
Liam_441（教务）,班课,Javier,L002854,2026-05-10,周日,domingo,Sunday,16:00,16:00,+0h,2.0,复习,5,需要加强口语练习
Elva_413,班课,Javier,L002854,2026-05-10,周日,domingo,Sunday,16:00,07:00,-9h,2.0,复习,9,需要加强口语练习
Liam_441,班课,Javier,L002855,2026-05-17,周日,domingo,Sunday,16:00,16:00,+0h,1.67,听力,7,
Elva413,班课,Javier,L002855,2026-05-17,周日,domingo,Sunday,16:00,08:00,-8h,1.67,口语,8,
Liam441,班课,Javier,L002856,2026-05-24,周日,domingo,Sunday,16:00,16:00,+0h,1.0,口语,6,课堂参与积极
Elva_413,班课,Javier,L002856,2026年5月24日,周日,domingo,Sunday,16:00,07:00,-9h,1.0,阅读,11,课堂参与积极
Liam_441,班课,Javier（教务）,L002857,2026/05/31,周日,domingo,Sunday,16:00,16:00,+0h,2.0,语法,6,课堂参与积极
Elva_413,班课,Javier,L002857,2026/05/31,周日,domingo,Sunday,16:00,07:00,-9h,2.0,口语,6,课堂参与积极
Liam_441,小组课,Javier,L002858,06/07/2026,周日,domingo,Sunday,16:00,16:00,+0h,1.0,阅读,13,完成本节内容
Elva_413,班课,Javier（教务）,L002858,2026-06-07,周日,domingo,Sunday,16:00,07:00,-9h,1.0,阅读,4,完成本节内容
Liam_441,小组课,Javier,L002859,2026-06-14,周日,domingo,Sunday,16:00,17:00,+1h,1.5,口语,12,需要加强口语练习
Elva413,班课,Javier,L002859,2026-06-14,周日,domingo,Sunday,16:00,07:00,-9h,1.5,口语,13,需要加强口语练习
Liam_441,小组课,Javier,L002860,2026/06/21,周日,domingo,Sunday,16:00,16:00,+0h,1.0,听力,9,语法掌握一般
Elva_413,小组课,Javier,L002860,2026/06/21,周日,domingo,Sunday,16:00,07:00,-9h,1.0,语法,8,语法掌握一般
Liam441,小组课,Javier,L002861,2026-06-28,周日,domingo,Sunday,16:00,16:00,+0h,1.0,口语,8,完成本节内容
Elva_413,小组课,Javier,L002861,2026-06-28,周日,domingo,Sunday,16:00,07:00,-9h,1.0,口语,8,完成本节内容
Liam_441,小组课,Javier（教务）,L002862,2026年7月5日,周日,domingo,Sunday,16:00,16:00,+0h,1.0,阅读,9,
Elva_413（教务）,班课,Javier,L002862,2026年7月5日,周日,domingo,Sunday,16:00,07:00,-9h,1.0,口语,6,
Liam_441,班课,Javier,L002863,2026/07/12,周日,domingo,Sunday,16:00,16:00,+0h,2.0,听力,2,语法掌握一般
Elva413,小组课,Javier,L002863,2026-07-12,周日,domingo,Sunday,16:00,07:00,-9h,2.0,口语,13,语法掌握一般
Liam441,班课,Javier,L002864,2026/07/19,周日,domingo,Sunday,16:00,16:00,+0h,1.5,口语,6,需要加强口语练习
Elva_413,小组课,Javier（教务）,L002864,2026-07-19,周日,domingo,Sunday,16:00,07:00,-9h,1.5,阅读,2,需要加强口语练习
Liam_441,班课,Javier,L002865,2026/07/26,周日,domingo,Sunday,16:00,16:00,+0h,1.67,听力,7,完成本节内容
Elva_413,小组课,Javier,L002865,07/26/2026,周日,domingo,Sunday,16:00,07:00,-9h,1.67,阅读,13,完成本节内容
Liam441,班课,Javier,L002866,2026/08/02,周日,domingo,Sunday,16:00,16:00,+0h,1.67,语法,13,语法掌握一般
Elva_413,班课,Javier,L002866,2026-08-02,周日,domingo,Sunday,16:00,07:00,-9h,1.67,语法,10,语法掌握一般
Liam_441,小组课,Javier,L002867,2026-08-09,周日,domingo,Sunday,16:00,16:00,+0h,1.0,复习,9,需要加强口语练习
Elva_413（教务）,小组课,Javier（教务）,L002867,08/09/2026,周日,domingo,Sunday,16:00,07:00,-9h,1.0,阅读,13,需要加强口语练习
Liam441,小组课,Javier,L002868,08/16/2026,周日,domingo,Sunday,16:00,16:00,+0h,2.0,复习,5,完成本节内容
Elva_413（教务）,小组课,Javier,L002868,2026-08-16,周日,domingo,Sunday,16:00,07:00,-9h,2.0,复习,8,完成本节内容
Liam_441,小组课,Javier,L002869,08/23/2026,周日,domingo,Sunday,16:00,16:00,+0h,1.67,口语,10,需要加强口语练习
Elva413,小组课,Javier,L002869,08/23/2026,周日,domingo,Sunday,16:00,07:00,-9h,1.67,语法,6,需要加强口语练习
Liam_441,小组课,Javier,L002870,2026/08/30,周日,domingo,Sunday,16:00,14:00,-2h,1.0,语法,2,完成本节内容
Elva_413,小组课,Javier,L002870,2026-08-30,周日,domingo,Sunday,16:00,07:00,-9h,1.0,阅读,4,完成本节内容
Luna_233,班课,Alba,L002871,2025/04/13,周日,domingo,Sunday,18:00,17:00,-1h,1.0,听力,14,完成本节内容
Luna_033,小组课,Alba,L002871,2025/04/13,周日,domingo,Sunday,18:00,02:00,+8h,1.0,复习,3,完成本节内容
Liam_241,班课,Alba（教务）,L002871,2025/04/13,周日,domingo,Sunday,18:00,02:00,+8h,1.0,口语,12,完成本节内容
Isabela_370,小组课,Alba,L002871,2025-04-13,周日,domingo,Sunday,18:00,17:00,-1h,1.0,阅读,3,完成本节内容
Snow_519,小组课,Alba,L002871,2025/04/13,周日,domingo,Sunday,18:00,12:00,-6h,1.0,语法,5,完成本节内容
Luna_233,班课,Alba（教务）,L002872,2025-04-20,周日,domingo,Sunday,18:00,17:00,-1h,2.0,听力,2,
Luna_033（教务）,小组课,Alba（教务）,L002872,2025-04-20,周日,domingo,Sunday,18:00,02:00,+8h,2.0,阅读,6,
Liam241,小组课,Alba,L002872,2025-04-20,周日,domingo,Sunday,18:00,02:00,+8h,2.0,口语,8,
Isabela_370,小组课,Alba,L002872,2025年4月20日,周日,domingo,Sunday,18:00,17:00,-1h,2.0,听力,14,
Snow_519,小组课,Alba（教务）,L002872,2025/04/20,周日,domingo,Sunday,18:00,12:00,-6h,2.0,阅读,14,
Luna_233（教务）,小组课,Alba,L002873,2025-04-27,周日,domingo,Sunday,18:00,17:00,-1h,1.67,复习,5,课堂参与积极
Luna_033,班课,Alba,L002873,2025/04/27,周日,domingo,Sunday,18:00,02:00,+8h,1.67,听力,11,课堂参与积极
Liam_241,班课,Alba（教务）,L002873,2025-04-27,周日,domingo,Sunday,18:00,02:00,+8h,1.67,语法,7,课堂参与积极
Isabela_370,班课,Alba,L002873,2025/04/27,周日,domingo,Sunday,18:00,17:00,-1h,1.67,听力,2,课堂参与积极
Snow519,班课,Alba,L002873,2025-04-27,周日,domingo,Sunday,18:00,12:00,-6h,1.67,听力,9,课堂参与积极
Luna_233,班课,Alba,L002874,2025-05-04,周日,domingo,Sunday,18:00,17:00,-1h,1.0,语法,2,语法掌握一般
Luna_033,小组课,Alba,L002874,2025年5月4日,周日,domingo,Sunday,18:00,02:00,+8h,1.0,语法,2,语法掌握一般
Liam_241,小组课,Alba（教务）,L002874,2025-05-04,周日,domingo,Sunday,18:00,02:00,+8h,1.0,口语,14,语法掌握一般
Isabela_370,小组课,Alba,L002874,05/04/2025,周日,domingo,Sunday,18:00,17:00,-1h,1.0,口语,8,语法掌握一般
Snow_519,小组课,Alba,L002874,2025/05/04,周日,domingo,Sunday,18:00,12:00,-6h,1.0,听力,4,语法掌握一般
Luna233,班课,Alba,L002875,2025-05-11,周日,domingo,Sunday,18:00,17:00,-1h,1.0,复习,9,
Luna_033,班课,Alba（教务）,L002875,2025/05/11,周日,domingo,Sunday,18:00,02:00,+8h,1.0,口语,5,
Liam_241,班课,Alba,L002875,2025年5月11日,周日,domingo,Sunday,18:00,02:00,+8h,1.0,听力,13,
Isabela_370（教务）,小组课,Alba,L002875,2025年5月11日,周日,domingo,Sunday,18:00,17:00,-1h,1.0,阅读,4,
Snow_519,班课,Alba,L002875,2025年5月11日,周日,domingo,Sunday,18:00,12:00,-6h,1.0,阅读,3,
Luna_233,小组课,Alba,L002876,2025年5月18日,周日,domingo,Sunday,18:00,17:00,-1h,1.67,口语,3,完成本节内容
Luna_033,班课,Alba,L002876,2025年5月18日,周日,domingo,Sunday,18:00,02:00,+8h,1.67,复习,1,完成本节内容
Liam_241,小组课,Alba,L002876,2025-05-18,周日,domingo,Sunday,18:00,02:00,+8h,1.67,口语,6,完成本节内容
Isabela_370,小组课,Alba,L002876,2025-05-18,周日,domingo,Sunday,18:00,17:00,-1h,1.67,语法,8,完成本节内容
Snow519,小组课,Alba,L002876,05/18/2025,周日,domingo,Sunday,18:00,12:00,-6h,1.67,口语,6,完成本节内容
Luna_233,班课,Alba,L002877,2025/05/25,周日,domingo,Sunday,18:00,17:00,-1h,1.0,听力,4,
Luna_033,班课,Alba,L002877,2025年5月25日,周日,domingo,Sunday,18:00,01:00,+7h,1.0,复习,8,
Liam_241,小组课,Alba,L002877,2025年5月25日,周日,domingo,Sunday,18:00,02:00,+8h,1.0,阅读,14,
Isabela_370,小组课,Alba,L002877,2025年5月25日,周日,domingo,Sunday,18:00,17:00,-1h,1.0,口语,1,
Snow519,小组课,Alba（教务）,L002877,2025/05/25,周日,domingo,Sunday,18:00,12:00,-6h,1.0,口语,3,
Luna_233,小组课,Alba,L002878,2025-06-01,周日,domingo,Sunday,18:00,16:00,-2h,1.0,口语,5,需要加强口语练习
Luna033,小组课,Alba,L002878,2025-06-01,周日,domingo,Sunday,18:00,02:00,+8h,1.0,口语,3,需要加强口语练习
Liam_241,班课,Alba,L002878,2025-06-01,周日,domingo,Sunday,18:00,02:00,+8h,1.0,语法,3,需要加强口语练习
Isabela_370,班课,Alba,L002878,2025年6月1日,周日,domingo,Sunday,18:00,17:00,-1h,1.0,口语,6,需要加强口语练习
Snow519,班课,Alba（教务）,L002878,2025/06/01,周日,domingo,Sunday,18:00,12:00,-6h,1.0,阅读,9,需要加强口语练习
Luna_233,班课,Alba,L002879,2025/06/08,周日,domingo,Sunday,18:00,17:00,-1h,1.0,口语,14,语法掌握一般
Luna_033,小组课,Alba,L002879,2025-06-08,周日,domingo,Sunday,18:00,02:00,+8h,1.0,阅读,13,语法掌握一般
Liam_241,班课,Alba,L002879,2025/06/08,周日,domingo,Sunday,18:00,02:00,+8h,1.0,口语,1,语法掌握一般
Isabela370,班课,Alba,L002879,2025-06-08,周日,domingo,Sunday,18:00,17:00,-1h,1.0,语法,9,语法掌握一般
Snow_519,小组课,Alba,L002879,2025/06/08,周日,domingo,Sunday,18:00,12:00,-6h,1.0,复习,3,语法掌握一般
Luna_233,小组课,Alba,L002880,2025-06-15,周日,domingo,Sunday,18:00,17:00,-1h,1.0,阅读,13,完成本节内容
Luna_033,小组课,Alba,L002880,2025/06/15,周日,domingo,Sunday,18:00,02:00,+8h,1.0,口语,3,完成本节内容
Liam_241,小组课,Alba（教务）,L002880,2025-06-15,周日,domingo,Sunday,18:00,01:00,+7h,1.0,复习,9,完成本节内容
Isabela_370（教务）,班课,Alba,L002880,2025/06/15,周日,domingo,Sunday,18:00,17:00,-1h,1.0,听力,9,完成本节内容
Snow519,小组课,Alba,L002880,2025/06/15,周日,domingo,Sunday,18:00,12:00,-6h,1.0,阅读,2,完成本节内容
Luna_233,班课,Alba,L002881,2025-06-22,周日,domingo,Sunday,18:00,17:00,-1h,1.0,听力,2,完成本节内容
Luna_033,班课,Alba,L002881,2025/06/22,周日,domingo,Sunday,18:00,02:00,+8h,1.0,复习,8,完成本节内容
Liam_241,小组课,Alba,L002881,2025-06-22,周日,domingo,Sunday,18:00,02:00,+8h,1.0,听力,6,完成本节内容
Isabela_370,小组课,Alba,L002881,2025/06/22,周日,domingo,Sunday,18:00,18:00,+0h,1.0,阅读,11,完成本节内容
Snow_519,班课,Alba,L002881,2025/06/22,周日,domingo,Sunday,18:00,12:00,-6h,1.0,口语,3,完成本节内容
Luna233,班课,Alba,L002882,2025-06-29,周日,domingo,Sunday,18:00,17:00,-1h,1.0,复习,10,完成本节内容
Luna_033,小组课,Alba,L002882,06/29/2025,周日,domingo,Sunday,18:00,02:00,+8h,1.0,听力,11,完成本节内容
Liam_241,班课,Alba,L002882,2025-06-29,周日,domingo,Sunday,18:00,03:00,+9h,1.0,听力,9,完成本节内容
Isabela_370,班课,Alba,L002882,06/29/2025,周日,domingo,Sunday,18:00,17:00,-1h,1.0,阅读,11,完成本节内容
Snow_519,小组课,Alba,L002882,2025-06-29,周日,domingo,Sunday,18:00,10:00,-8h,1.0,阅读,7,完成本节内容
Luna_233,小组课,Alba（教务）,L002883,2025-07-06,周日,domingo,Sunday,18:00,17:00,-1h,1.5,听力,4,完成本节内容
Luna033,班课,Alba,L002883,2025-07-06,周日,domingo,Sunday,18:00,02:00,+8h,1.5,听力,1,完成本节内容
Liam241,小组课,Alba,L002883,07/06/2025,周日,domingo,Sunday,18:00,02:00,+8h,1.5,听力,14,完成本节内容
Isabela_370,小组课,Alba,L002883,2025-07-06,周日,domingo,Sunday,18:00,14:00,-4h,1.5,阅读,4,完成本节内容
Snow_519,班课,Alba,L002883,2025-07-06,周日,domingo,Sunday,18:00,12:00,-6h,1.5,听力,10,完成本节内容
Luna_233,小组课,Alba,L002884,2025/07/13,周日,domingo,Sunday,18:00,14:00,-4h,1.0,口语,5,语法掌握一般
Luna033,班课,Alba,L002884,07/13/2025,周日,domingo,Sunday,18:00,02:00,+8h,1.0,语法,12,语法掌握一般
Liam_241,小组课,Alba,L002884,2025/07/13,周日,domingo,Sunday,18:00,02:00,+8h,1.0,语法,2,语法掌握一般
Isabela_370,班课,Alba,L002884,2025-07-13,周日,domingo,Sunday,18:00,16:00,-2h,1.0,口语,6,语法掌握一般
Snow_519,小组课,Alba,L002884,2025/07/13,周日,domingo,Sunday,18:00,12:00,-6h,1.0,复习,2,语法掌握一般
Luna_233,小组课,Alba,L002885,2025-07-20,周日,domingo,Sunday,18:00,17:00,-1h,1.0,听力,11,课堂参与积极
Luna_033,小组课,Alba,L002885,2025-07-20,周日,domingo,Sunday,18:00,02:00,+8h,1.0,听力,7,课堂参与积极
Liam_241,班课,Alba（教务）,L002885,2025-07-20,周日,domingo,Sunday,18:00,02:00,+8h,1.0,听力,2,课堂参与积极
Isabela_370,小组课,Alba,L002885,2025/07/20,周日,domingo,Sunday,18:00,17:00,-1h,1.0,阅读,13,课堂参与积极
Snow_519,班课,Alba（教务）,L002885,2025年7月20日,周日,domingo,Sunday,18:00,12:00,-6h,1.0,口语,3,课堂参与积极
Luna_233,班课,Alba,L002886,2025-07-27,周日,domingo,Sunday,18:00,17:00,-1h,1.0,语法,1,课堂参与积极
Luna033,小组课,Alba,L002886,2025-07-27,周日,domingo,Sunday,18:00,02:00,+8h,1.0,语法,12,课堂参与积极
Liam241,小组课,Alba,L002886,2025-07-27,周日,domingo,Sunday,18:00,01:00,+7h,1.0,语法,13,课堂参与积极
Isabela_370,小组课,Alba,L002886,07/27/2025,周日,domingo,Sunday,18:00,19:00,+1h,1.0,语法,8,课堂参与积极
Snow_519,班课,Alba,L002886,2025-07-27,周日,domingo,Sunday,18:00,12:00,-6h,1.0,口语,8,课堂参与积极
Luna_233,小组课,Alba,L002887,2025-08-03,周日,domingo,Sunday,18:00,17:00,-1h,1.67,语法,2,课堂参与积极
Luna_033,班课,Alba,L002887,2025-08-03,周日,domingo,Sunday,18:00,02:00,+8h,1.67,口语,13,课堂参与积极
Liam_241（教务）,小组课,Alba,L002887,2025年8月3日,周日,domingo,Sunday,18:00,02:00,+8h,1.67,语法,13,课堂参与积极
Isabela370,班课,Alba（教务）,L002887,2025-08-03,周日,domingo,Sunday,18:00,17:00,-1h,1.67,语法,12,课堂参与积极
Snow_519,小组课,Alba,L002887,2025/08/03,周日,domingo,Sunday,18:00,11:00,-7h,1.67,口语,12,课堂参与积极
Luna_233,班课,Alba,L002888,2025-08-10,周日,domingo,Sunday,18:00,18:00,+0h,1.0,口语,14,
Luna033,小组课,Alba（教务）,L002888,2025/08/10,周日,domingo,Sunday,18:00,02:00,+8h,1.0,口语,11,
Liam_241,班课,Alba,L002888,2025/08/10,周日,domingo,Sunday,18:00,02:00,+8h,1.0,阅读,10,
Isabela_370,班课,Alba,L002888,2025年8月10日,周日,domingo,Sunday,18:00,17:00,-1h,1.0,复习,4,
Snow_519,班课,Alba,L002888,2025年8月10日,周日,domingo,Sunday,18:00,12:00,-6h,1.0,语法,11,
Luna233,班课,Alba,L002889,2025/08/17,周日,domingo,Sunday,18:00,15:00,-3h,1.67,复习,1,需要加强口语练习
Luna_033,班课,Alba,L002889,2025-08-17,周日,domingo,Sunday,18:00,02:00,+8h,1.67,口语,12,需要加强口语练习
Liam241,班课,Alba,L002889,08/17/2025,周日,domingo,Sunday,18:00,02:00,+8h,1.67,口语,5,需要加强口语练习
Isabela_370,班课,Alba,L002889,08/17/2025,周日,domingo,Sunday,18:00,17:00,-1h,1.67,口语,1,需要加强口语练习
Snow_519,小组课,Alba,L002889,2025-08-17,周日,domingo,Sunday,18:00,13:00,-5h,1.67,口语,9,需要加强口语练习
Luna_233,班课,Alba,L002890,2025-08-24,周日,domingo,Sunday,18:00,17:00,-1h,1.5,复习,2,需要加强口语练习
Luna_033,小组课,Alba,L002890,2025/08/24,周日,domingo,Sunday,18:00,02:00,+8h,1.5,语法,9,需要加强口语练习
Liam241,小组课,Alba,L002890,2025/08/24,周日,domingo,Sunday,18:00,02:00,+8h,1.5,口语,7,需要加强口语练习
Isabela_370,班课,Alba,L002890,2025/08/24,周日,domingo,Sunday,18:00,17:00,-1h,1.5,阅读,7,需要加强口语练习
Snow_519,小组课,Alba,L002890,2025-08-24,周日,domingo,Sunday,18:00,12:00,-6h,1.5,语法,3,需要加强口语练习
Luna_233,小组课,Alba,L002891,08/31/2025,周日,domingo,Sunday,18:00,17:00,-1h,1.5,复习,12,课堂参与积极
Luna_033,小组课,Alba,L002891,2025-08-31,周日,domingo,Sunday,18:00,02:00,+8h,1.5,复习,4,课堂参与积极
Liam_241,班课,Alba,L002891,2025-08-31,周日,domingo,Sunday,18:00,02:00,+8h,1.5,复习,1,课堂参与积极
Isabela_370,小组课,Alba,L002891,2025/08/31,周日,domingo,Sunday,18:00,17:00,-1h,1.5,阅读,10,课堂参与积极
Snow_519,小组课,Alba,L002891,2025年8月31日,周日,domingo,Sunday,18:00,12:00,-6h,1.5,语法,3,课堂参与积极
Luna_233,班课,Alba（教务）,L002892,2025年9月7日,周日,domingo,Sunday,18:00,17:00,-1h,2.0,口语,5,课堂参与积极
Luna_033,班课,Alba,L002892,2025/09/07,周日,domingo,Sunday,18:00,02:00,+8h,2.0,复习,7,课堂参与积极
Liam_241,班课,Alba,L002892,09/07/2025,周日,domingo,Sunday,18:00,02:00,+8h,2.0,复习,14,课堂参与积极
Isabela370,班课,Alba,L002892,2025-09-07,周日,domingo,Sunday,18:00,17:00,-1h,2.0,复习,14,课堂参与积极
Snow_519,小组课,Alba,L002892,2025-09-07,周日,domingo,Sunday,18:00,12:00,-6h,2.0,口语,5,课堂参与积极
Luna_233,班课,Alba,L002893,2025年9月14日,周日,domingo,Sunday,18:00,16:00,-2h,1.0,语法,11,需要加强口语练习
Luna_033,班课,Alba（教务）,L002893,2025年9月14日,周日,domingo,Sunday,18:00,02:00,+8h,1.0,口语,8,需要加强口语练习
Liam241,小组课,Alba,L002893,2025年9月14日,周日,domingo,Sunday,18:00,02:00,+8h,1.0,口语,1,需要加强口语练习
Isabela_370,小组课,Alba,L002893,2025年9月14日,周日,domingo,Sunday,18:00,17:00,-1h,1.0,口语,11,需要加强口语练习
Snow_519,班课,Alba,L002893,2025年9月14日,周日,domingo,Sunday,18:00,12:00,-6h,1.0,阅读,11,需要加强口语练习
Luna_233,班课,Alba,L002894,2025-09-21,周日,domingo,Sunday,18:00,18:00,+0h,1.67,语法,9,完成本节内容
Luna_033,小组课,Alba,L002894,2025/09/21,周日,domingo,Sunday,18:00,03:00,+9h,1.67,阅读,11,完成本节内容
Liam241,班课,Alba,L002894,2025-09-21,周日,domingo,Sunday,18:00,02:00,+8h,1.67,语法,12,完成本节内容
Isabela_370,小组课,Alba,L002894,2025-09-21,周日,domingo,Sunday,18:00,17:00,-1h,1.67,听力,5,完成本节内容
Snow_519,班课,Alba,L002894,2025/09/21,周日,domingo,Sunday,18:00,12:00,-6h,1.67,复习,14,完成本节内容
Luna_233,班课,Alba,L002895,2025年9月28日,周日,domingo,Sunday,18:00,18:00,+0h,1.0,复习,4,课堂参与积极
Luna_033,小组课,Alba,L002895,2025年9月28日,周日,domingo,Sunday,18:00,02:00,+8h,1.0,阅读,10,课堂参与积极
Liam_241,小组课,Alba,L002895,2025-09-28,周日,domingo,Sunday,18:00,02:00,+8h,1.0,阅读,7,课堂参与积极
Isabela_370,班课,Alba,L002895,2025年9月28日,周日,domingo,Sunday,18:00,17:00,-1h,1.0,口语,9,课堂参与积极
Snow_519,小组课,Alba,L002895,2025/09/28,周日,domingo,Sunday,18:00,12:00,-6h,1.0,口语,12,课堂参与积极
Luna_233,小组课,Alba,L002896,2025/10/05,周日,domingo,Sunday,18:00,16:00,-2h,1.67,语法,5,完成本节内容
Luna_033（教务）,小组课,Alba（教务）,L002896,2025/10/05,周日,domingo,Sunday,18:00,03:00,+9h,1.67,口语,2,完成本节内容
Liam_241,小组课,Alba,L002896,2025/10/05,周日,domingo,Sunday,18:00,03:00,+9h,1.67,语法,13,完成本节内容
Isabela_370,小组课,Alba,L002896,2025-10-05,周日,domingo,Sunday,18:00,17:00,-1h,1.67,阅读,7,完成本节内容
Snow_519,班课,Alba,L002896,2025年10月5日,周日,domingo,Sunday,18:00,12:00,-6h,1.67,语法,9,完成本节内容
Luna233,班课,Alba,L002897,2025-10-12,周日,domingo,Sunday,18:00,17:00,-1h,1.5,阅读,12,课堂参与积极
Luna_033,班课,Alba,L002897,2025/10/12,周日,domingo,Sunday,18:00,03:00,+9h,1.5,听力,11,课堂参与积极
Liam_241,班课,Alba,L002897,10/12/2025,周日,domingo,Sunday,18:00,03:00,+9h,1.5,语法,1,课堂参与积极
Isabela_370（教务）,小组课,Alba,L002897,2025-10-12,周日,domingo,Sunday,18:00,17:00,-1h,1.5,阅读,12,课堂参与积极
Snow_519（教务）,小组课,Alba,L002897,2025-10-12,周日,domingo,Sunday,18:00,12:00,-6h,1.5,口语,3,课堂参与积极
Luna_233,小组课,Alba,L002898,2025-10-19,周日,domingo,Sunday,18:00,17:00,-1h,1.5,口语,1,语法掌握一般
Luna033,班课,Alba,L002898,2025年10月19日,周日,domingo,Sunday,18:00,03:00,+9h,1.5,阅读,10,语法掌握一般
Liam_241,班课,Alba,L002898,2025/10/19,周日,domingo,Sunday,18:00,03:00,+9h,1.5,语法,2,语法掌握一般
Isabela_370,小组课,Alba,L002898,2025-10-19,周日,domingo,Sunday,18:00,17:00,-1h,1.5,阅读,6,语法掌握一般
Snow_519（教务）,小组课,Alba（教务）,L002898,2025-10-19,周日,domingo,Sunday,18:00,12:00,-6h,1.5,语法,8,语法掌握一般
Luna_233（教务）,小组课,Alba,L002899,2025-10-26,周日,domingo,Sunday,18:00,17:00,-1h,1.67,语法,10,需要加强口语练习
Luna_033,班课,Alba,L002899,2025-10-26,周日,domingo,Sunday,18:00,04:00,+10h,1.67,口语,7,需要加强口语练习
Liam_241,班课,Alba,L002899,2025/10/26,周日,domingo,Sunday,18:00,04:00,+10h,1.67,口语,9,需要加强口语练习
Isabela370,小组课,Alba,L002899,2025-10-26,周日,domingo,Sunday,18:00,17:00,-1h,1.67,口语,2,需要加强口语练习
Snow519,小组课,Alba,L002899,2025/10/26,周日,domingo,Sunday,18:00,12:00,-6h,1.67,阅读,13,需要加强口语练习
Luna_233,小组课,Alba,L002900,2025年11月2日,周日,domingo,Sunday,18:00,17:00,-1h,1.0,口语,7,
Luna_033（教务）,小组课,Alba,L002900,2025/11/02,周日,domingo,Sunday,18:00,04:00,+10h,1.0,语法,7,
Liam_241（教务）,小组课,Alba,L002900,2025/11/02,周日,domingo,Sunday,18:00,04:00,+10h,1.0,复习,14,
Isabela_370,小组课,Alba,L002900,2025-11-02,周日,domingo,Sunday,18:00,17:00,-1h,1.0,听力,13,
Snow_519,班课,Alba,L002900,2025-11-02,周日,domingo,Sunday,18:00,12:00,-6h,1.0,阅读,10,
Luna_233,小组课,Alba,L002901,2025-11-09,周日,domingo,Sunday,18:00,16:00,-2h,2.0,阅读,13,完成本节内容
Luna_033,小组课,Alba（教务）,L002901,2025/11/09,周日,domingo,Sunday,18:00,04:00,+10h,2.0,阅读,7,完成本节内容
Liam241,小组课,Alba,L002901,2025/11/09,周日,domingo,Sunday,18:00,04:00,+10h,2.0,口语,7,完成本节内容
Isabela_370,小组课,Alba,L002901,2025年11月9日,周日,domingo,Sunday,18:00,17:00,-1h,2.0,听力,13,完成本节内容
Snow_519,小组课,Alba,L002901,2025/11/09,周日,domingo,Sunday,18:00,12:00,-6h,2.0,语法,11,完成本节内容
Luna_233,班课,Alba,L002902,2025-11-16,周日,domingo,Sunday,18:00,17:00,-1h,1.0,口语,13,需要加强口语练习
Luna_033,小组课,Alba,L002902,2025/11/16,周日,domingo,Sunday,18:00,05:00,+11h,1.0,口语,14,需要加强口语练习
Liam_241,小组课,Alba,L002902,2025-11-16,周日,domingo,Sunday,18:00,03:00,+9h,1.0,语法,7,需要加强口语练习
Isabela_370,小组课,Alba,L002902,2025/11/16,周日,domingo,Sunday,18:00,17:00,-1h,1.0,复习,7,需要加强口语练习
Snow_519（教务）,班课,Alba,L002902,11/16/2025,周日,domingo,Sunday,18:00,12:00,-6h,1.0,语法,4,需要加强口语练习
Luna233,小组课,Alba,L002903,2025-11-23,周日,domingo,Sunday,18:00,17:00,-1h,1.0,复习,14,需要加强口语练习
Luna033,班课,Alba,L002903,2025-11-23,周日,domingo,Sunday,18:00,04:00,+10h,1.0,口语,3,需要加强口语练习
Liam241,班课,Alba（教务）,L002903,2025/11/23,周日,domingo,Sunday,18:00,04:00,+10h,1.0,听力,2,需要加强口语练习
Isabela_370,班课,Alba,L002903,2025年11月23日,周日,domingo,Sunday,18:00,17:00,-1h,1.0,复习,14,需要加强口语练习
Snow_519,班课,Alba,L002903,11/23/2025,周日,domingo,Sunday,18:00,12:00,-6h,1.0,阅读,2,需要加强口语练习
Luna_233,班课,Alba,L002904,2025-11-30,周日,domingo,Sunday,18:00,17:00,-1h,1.67,语法,7,语法掌握一般
Luna033,班课,Alba,L002904,2025-11-30,周日,domingo,Sunday,18:00,04:00,+10h,1.67,听力,4,语法掌握一般
Liam_241,班课,Alba,L002904,11/30/2025,周日,domingo,Sunday,18:00,04:00,+10h,1.67,阅读,7,语法掌握一般
Isabela370,小组课,Alba,L002904,2025/11/30,周日,domingo,Sunday,18:00,17:00,-1h,1.67,阅读,5,语法掌握一般
Snow_519,班课,Alba,L002904,2025-11-30,周日,domingo,Sunday,18:00,12:00,-6h,1.67,阅读,3,语法掌握一般
Luna_233（教务）,班课,Alba,L002905,12/07/2025,周日,domingo,Sunday,18:00,16:00,-2h,1.0,听力,4,课堂参与积极
Luna_033,班课,Alba,L002905,2025-12-07,周日,domingo,Sunday,18:00,04:00,+10h,1.0,语法,10,课堂参与积极
Liam_241,小组课,Alba（教务）,L002905,2025-12-07,周日,domingo,Sunday,18:00,04:00,+10h,1.0,语法,8,课堂参与积极
Isabela_370,班课,Alba,L002905,2025年12月7日,周日,domingo,Sunday,18:00,17:00,-1h,1.0,口语,2,课堂参与积极
Snow_519,小组课,Alba（教务）,L002905,2025-12-07,周日,domingo,Sunday,18:00,12:00,-6h,1.0,阅读,11,课堂参与积极
Luna_233,小组课,Alba,L002906,2025/12/14,周日,domingo,Sunday,18:00,17:00,-1h,1.0,复习,11,需要加强口语练习
Luna_033（教务）,班课,Alba,L002906,2025/12/14,周日,domingo,Sunday,18:00,03:00,+9h,1.0,阅读,9,需要加强口语练习
Liam_241,班课,Alba,L002906,2025-12-14,周日,domingo,Sunday,18:00,06:00,+12h,1.0,口语,4,需要加强口语练习
Isabela_370,小组课,Alba,L002906,2025/12/14,周日,domingo,Sunday,18:00,17:00,-1h,1.0,语法,1,需要加强口语练习
Snow_519（教务）,班课,Alba,L002906,2025/12/14,周日,domingo,Sunday,18:00,12:00,-6h,1.0,复习,6,需要加强口语练习
Luna_233,班课,Alba,L002907,2025年12月21日,周日,domingo,Sunday,18:00,17:00,-1h,1.0,阅读,7,语法掌握一般
Luna_033,班课,Alba,L002907,12/21/2025,周日,domingo,Sunday,18:00,04:00,+10h,1.0,语法,4,语法掌握一般
Liam_241,小组课,Alba,L002907,2025-12-21,周日,domingo,Sunday,18:00,04:00,+10h,1.0,语法,4,语法掌握一般
Isabela_370,班课,Alba,L002907,2025/12/21,周日,domingo,Sunday,18:00,17:00,-1h,1.0,复习,11,语法掌握一般
Snow_519,班课,Alba,L002907,2025/12/21,周日,domingo,Sunday,18:00,12:00,-6h,1.0,复习,11,语法掌握一般
Luna_233（教务）,小组课,Alba,L002908,2025-12-28,周日,domingo,Sunday,18:00,16:00,-2h,1.67,语法,8,完成本节内容
Luna_033,班课,Alba,L002908,2025-12-28,周日,domingo,Sunday,18:00,04:00,+10h,1.67,听力,11,完成本节内容
Liam_241（教务）,班课,Alba,L002908,2025-12-28,周日,domingo,Sunday,18:00,04:00,+10h,1.67,复习,9,完成本节内容
Isabela_370,小组课,Alba,L002908,2025-12-28,周日,domingo,Sunday,18:00,17:00,-1h,1.67,口语,14,完成本节内容
Snow519,小组课,Alba（教务）,L002908,2025-12-28,周日,domingo,Sunday,18:00,11:00,-7h,1.67,语法,11,完成本节内容
Luna_233,班课,Alba,L002909,2026年1月4日,周日,domingo,Sunday,18:00,18:00,+0h,1.0,语法,5,课堂参与积极
Luna_033,班课,Alba,L002909,01/04/2026,周日,domingo,Sunday,18:00,04:00,+10h,1.0,语法,7,课堂参与积极
Liam_241,小组课,Alba,L002909,2026-01-04,周日,domingo,Sunday,18:00,04:00,+10h,1.0,语法,2,课堂参与积极
Isabela_370,小组课,Alba,L002909,2026/01/04,周日,domingo,Sunday,18:00,17:00,-1h,1.0,口语,5,课堂参与积极
Snow519,班课,Alba,L002909,01/04/2026,周日,domingo,Sunday,18:00,12:00,-6h,1.0,听力,9,课堂参与积极
Luna_233,小组课,Alba,L002910,2026/01/11,周日,domingo,Sunday,18:00,17:00,-1h,1.5,语法,7,完成本节内容
Luna_033,小组课,Alba,L002910,2026年1月11日,周日,domingo,Sunday,18:00,01:00,+7h,1.5,语法,9,完成本节内容
Liam_241,班课,Alba,L002910,2026年1月11日,周日,domingo,Sunday,18:00,04:00,+10h,1.5,阅读,11,完成本节内容
Isabela370,小组课,Alba,L002910,2026-01-11,周日,domingo,Sunday,18:00,17:00,-1h,1.5,口语,9,完成本节内容
Snow_519,小组课,Alba,L002910,2026-01-11,周日,domingo,Sunday,18:00,13:00,-5h,1.5,口语,3,完成本节内容
Luna_233,小组课,Alba,L002911,2026年1月18日,周日,domingo,Sunday,18:00,17:00,-1h,1.0,语法,3,语法掌握一般
Luna_033,小组课,Alba（教务）,L002911,2026-01-18,周日,domingo,Sunday,18:00,04:00,+10h,1.0,语法,7,语法掌握一般
Liam_241,小组课,Alba（教务）,L002911,2026年1月18日,周日,domingo,Sunday,18:00,04:00,+10h,1.0,听力,1,语法掌握一般
Isabela_370,班课,Alba,L002911,2026年1月18日,周日,domingo,Sunday,18:00,17:00,-1h,1.0,口语,3,语法掌握一般
Snow_519,班课,Alba,L002911,2026-01-18,周日,domingo,Sunday,18:00,12:00,-6h,1.0,语法,14,语法掌握一般
Luna_233,班课,Alba（教务）,L002912,2026/01/25,周日,domingo,Sunday,18:00,17:00,-1h,1.67,口语,1,课堂参与积极
Luna_033,小组课,Alba,L002912,01/25/2026,周日,domingo,Sunday,18:00,04:00,+10h,1.67,复习,4,课堂参与积极
Liam_241,班课,Alba,L002912,2026-01-25,周日,domingo,Sunday,18:00,04:00,+10h,1.67,口语,4,课堂参与积极
Isabela_370,小组课,Alba,L002912,2026-01-25,周日,domingo,Sunday,18:00,17:00,-1h,1.67,语法,2,课堂参与积极
Snow519,小组课,Alba,L002912,2026-01-25,周日,domingo,Sunday,18:00,12:00,-6h,1.67,语法,4,课堂参与积极
Luna_233,小组课,Alba,L002913,02/01/2026,周日,domingo,Sunday,18:00,17:00,-1h,1.67,口语,11,完成本节内容
Luna_033,班课,Alba（教务）,L002913,2026年2月1日,周日,domingo,Sunday,18:00,04:00,+10h,1.67,语法,14,完成本节内容
Liam_241,小组课,Alba,L002913,02/01/2026,周日,domingo,Sunday,18:00,04:00,+10h,1.67,语法,6,完成本节内容
Isabela370,小组课,Alba,L002913,2026-02-01,周日,domingo,Sunday,18:00,17:00,-1h,1.67,口语,1,完成本节内容
Snow_519,小组课,Alba,L002913,2026-02-01,周日,domingo,Sunday,18:00,12:00,-6h,1.67,复习,1,完成本节内容
Luna_233,小组课,Alba,L002914,2026/02/08,周日,domingo,Sunday,18:00,17:00,-1h,1.0,阅读,14,完成本节内容
Luna_033（教务）,班课,Alba（教务）,L002914,2026/02/08,周日,domingo,Sunday,18:00,04:00,+10h,1.0,口语,2,完成本节内容
Liam_241,小组课,Alba,L002914,2026/02/08,周日,domingo,Sunday,18:00,05:00,+11h,1.0,口语,1,完成本节内容
Isabela_370,班课,Alba,L002914,02/08/2026,周日,domingo,Sunday,18:00,17:00,-1h,1.0,语法,9,完成本节内容
Snow_519,班课,Alba,L002914,2026-02-08,周日,domingo,Sunday,18:00,12:00,-6h,1.0,听力,11,完成本节内容
Luna233,班课,Alba,L002915,2026/02/15,周日,domingo,Sunday,18:00,17:00,-1h,1.0,复习,7,完成本节内容
Luna033,小组课,Alba,L002915,2026/02/15,周日,domingo,Sunday,18:00,02:00,+8h,1.0,语法,13,完成本节内容
Liam241,小组课,Alba,L002915,2026-02-15,周日,domingo,Sunday,18:00,04:00,+10h,1.0,语法,12,完成本节内容
Isabela_370,班课,Alba,L002915,02/15/2026,周日,domingo,Sunday,18:00,17:00,-1h,1.0,语法,4,完成本节内容
Snow_519,班课,Alba,L002915,2026-02-15,周日,domingo,Sunday,18:00,12:00,-6h,1.0,口语,13,完成本节内容
Luna_233（教务）,班课,Alba（教务）,L002916,2026-02-22,周日,domingo,Sunday,18:00,17:00,-1h,1.0,听力,6,课堂参与积极
Luna_033,小组课,Alba,L002916,2026-02-22,周日,domingo,Sunday,18:00,04:00,+10h,1.0,口语,6,课堂参与积极
Liam_241,班课,Alba,L002916,2026-02-22,周日,domingo,Sunday,18:00,04:00,+10h,1.0,口语,6,课堂参与积极
Isabela_370,班课,Alba,L002916,02/22/2026,周日,domingo,Sunday,18:00,17:00,-1h,1.0,听力,10,课堂参与积极
Snow_519,班课,Alba,L002916,2026-02-22,周日,domingo,Sunday,18:00,12:00,-6h,1.0,阅读,13,课堂参与积极
Luna_233（教务）,小组课,Alba,L002917,2026/03/01,周日,domingo,Sunday,18:00,14:00,-4h,1.0,阅读,14,需要加强口语练习
Luna_033,小组课,Alba,L002917,2026-03-01,周日,domingo,Sunday,18:00,04:00,+10h,1.0,阅读,8,需要加强口语练习
Liam241,班课,Alba,L002917,2026/03/01,周日,domingo,Sunday,18:00,04:00,+10h,1.0,阅读,12,需要加强口语练习
Isabela_370,班课,Alba,L002917,2026年3月1日,周日,domingo,Sunday,18:00,17:00,-1h,1.0,阅读,4,需要加强口语练习
Snow_519,小组课,Alba,L002917,2026/03/01,周日,domingo,Sunday,18:00,12:00,-6h,1.0,复习,3,需要加强口语练习
Luna_233,小组课,Alba,L002918,2026-03-08,周日,domingo,Sunday,18:00,17:00,-1h,1.67,听力,3,课堂参与积极
Luna_033,小组课,Alba,L002918,2026年3月8日,周日,domingo,Sunday,18:00,04:00,+10h,1.67,阅读,10,课堂参与积极
Liam241,小组课,Alba（教务）,L002918,2026年3月8日,周日,domingo,Sunday,18:00,04:00,+10h,1.67,听力,9,课堂参与积极
Isabela_370（教务）,班课,Alba,L002918,2026-03-08,周日,domingo,Sunday,18:00,17:00,-1h,1.67,口语,3,课堂参与积极
Snow519,班课,Alba,L002918,2026-03-08,周日,domingo,Sunday,18:00,13:00,-5h,1.67,语法,2,课堂参与积极
Luna_233,班课,Alba（教务）,L002919,03/15/2026,周日,domingo,Sunday,18:00,20:00,+2h,1.67,口语,12,完成本节内容
Luna_033,班课,Alba,L002919,2026-03-15,周日,domingo,Sunday,18:00,04:00,+10h,1.67,口语,9,完成本节内容
Liam_241,班课,Alba,L002919,2026/03/15,周日,domingo,Sunday,18:00,04:00,+10h,1.67,语法,9,完成本节内容
Isabela370,小组课,Alba,L002919,2026-03-15,周日,domingo,Sunday,18:00,17:00,-1h,1.67,语法,9,完成本节内容
Snow519,班课,Alba,L002919,2026-03-15,周日,domingo,Sunday,18:00,10:00,-8h,1.67,口语,10,完成本节内容
Luna_233,小组课,Alba,L002920,2026-03-22,周日,domingo,Sunday,18:00,17:00,-1h,1.67,语法,8,语法掌握一般
Luna_033,班课,Alba,L002920,2026-03-22,周日,domingo,Sunday,18:00,04:00,+10h,1.67,语法,4,语法掌握一般
Liam_241,班课,Alba（教务）,L002920,2026-03-22,周日,domingo,Sunday,18:00,04:00,+10h,1.67,口语,7,语法掌握一般
Isabela_370（教务）,小组课,Alba,L002920,2026-03-22,周日,domingo,Sunday,18:00,17:00,-1h,1.67,语法,13,语法掌握一般
Snow_519,小组课,Alba,L002920,2026-03-22,周日,domingo,Sunday,18:00,12:00,-6h,1.67,阅读,8,语法掌握一般
Luna_233,班课,Alba,L002921,2026-03-29,周日,domingo,Sunday,18:00,17:00,-1h,1.67,阅读,6,语法掌握一般
Luna_033,班课,Alba,L002921,2026-03-29,周日,domingo,Sunday,18:00,03:00,+9h,1.67,语法,10,语法掌握一般
Liam_241,班课,Alba,L002921,2026-03-29,周日,domingo,Sunday,18:00,03:00,+9h,1.67,语法,12,语法掌握一般
Isabela_370,小组课,Alba,L002921,2026-03-29,周日,domingo,Sunday,18:00,17:00,-1h,1.67,语法,11,语法掌握一般
Snow_519,班课,Alba,L002921,2026/03/29,周日,domingo,Sunday,18:00,12:00,-6h,1.67,口语,7,语法掌握一般
Luna_233,班课,Alba,L002922,2026-04-05,周日,domingo,Sunday,18:00,17:00,-1h,1.5,复习,11,语法掌握一般
Luna_033（教务）,班课,Alba,L002922,2026-04-05,周日,domingo,Sunday,18:00,02:00,+8h,1.5,听力,14,语法掌握一般
Liam241,班课,Alba,L002922,2026-04-05,周日,domingo,Sunday,18:00,23:00,+5h,1.5,听力,7,语法掌握一般
Isabela_370,小组课,Alba,L002922,2026/04/05,周日,domingo,Sunday,18:00,17:00,-1h,1.5,口语,13,语法掌握一般
Snow519,班课,Alba,L002922,04/05/2026,周日,domingo,Sunday,18:00,12:00,-6h,1.5,语法,9,语法掌握一般
Luna_233,小组课,Alba,L002923,2026/04/12,周日,domingo,Sunday,18:00,17:00,-1h,1.67,口语,12,语法掌握一般
Luna_033,班课,Alba（教务）,L002923,2026-04-12,周日,domingo,Sunday,18:00,02:00,+8h,1.67,阅读,4,语法掌握一般
Liam241,小组课,Alba,L002923,2026/04/12,周日,domingo,Sunday,18:00,02:00,+8h,1.67,语法,12,语法掌握一般
Isabela_370,班课,Alba,L002923,2026-04-12,周日,domingo,Sunday,18:00,16:00,-2h,1.67,阅读,1,语法掌握一般
Snow_519,班课,Alba（教务）,L002923,04/12/2026,周日,domingo,Sunday,18:00,12:00,-6h,1.67,口语,1,语法掌握一般
Luna_233,班课,Alba,L002924,2026-04-19,周日,domingo,Sunday,18:00,17:00,-1h,1.67,复习,5,完成本节内容
Luna_033（教务）,班课,Alba,L002924,2026-04-19,周日,domingo,Sunday,18:00,02:00,+8h,1.67,阅读,10,完成本节内容
Liam_241,小组课,Alba,L002924,04/19/2026,周日,domingo,Sunday,18:00,03:00,+9h,1.67,听力,12,完成本节内容
Isabela_370,小组课,Alba,L002924,2026-04-19,周日,domingo,Sunday,18:00,17:00,-1h,1.67,复习,13,完成本节内容
Snow_519,班课,Alba,L002924,2026年4月19日,周日,domingo,Sunday,18:00,12:00,-6h,1.67,口语,10,完成本节内容
Luna_233（教务）,班课,Alba,L002925,2026/04/26,周日,domingo,Sunday,18:00,18:00,+0h,1.0,口语,4,课堂参与积极
Luna_033,小组课,Alba,L002925,2026-04-26,周日,domingo,Sunday,18:00,02:00,+8h,1.0,复习,2,课堂参与积极
Liam241,班课,Alba,L002925,2026年4月26日,周日,domingo,Sunday,18:00,02:00,+8h,1.0,阅读,13,课堂参与积极
Isabela_370（教务）,班课,Alba,L002925,2026/04/26,周日,domingo,Sunday,18:00,16:00,-2h,1.0,语法,5,课堂参与积极
Snow519,班课,Alba,L002925,04/26/2026,周日,domingo,Sunday,18:00,12:00,-6h,1.0,复习,8,课堂参与积极
Luna_233,小组课,Alba,L002926,2026-05-03,周日,domingo,Sunday,18:00,17:00,-1h,1.5,口语,14,课堂参与积极
Luna033,小组课,Alba,L002926,2026-05-03,周日,domingo,Sunday,18:00,05:00,+11h,1.5,听力,9,课堂参与积极
Liam_241,小组课,Alba,L002926,05/03/2026,周日,domingo,Sunday,18:00,02:00,+8h,1.5,听力,8,课堂参与积极
Isabela370,小组课,Alba,L002926,2026-05-03,周日,domingo,Sunday,18:00,17:00,-1h,1.5,语法,2,课堂参与积极
Snow_519,小组课,Alba,L002926,2026-05-03,周日,domingo,Sunday,18:00,12:00,-6h,1.5,听力,6,课堂参与积极
Luna_233,小组课,Alba,L002927,05/10/2026,周日,domingo,Sunday,18:00,17:00,-1h,2.0,语法,14,完成本节内容
Luna_033,小组课,Alba,L002927,2026-05-10,周日,domingo,Sunday,18:00,02:00,+8h,2.0,阅读,8,完成本节内容
Liam_241,小组课,Alba,L002927,2026/05/10,周日,domingo,Sunday,18:00,02:00,+8h,2.0,语法,11,完成本节内容
Isabela_370,班课,Alba,L002927,2026-05-10,周日,domingo,Sunday,18:00,17:00,-1h,2.0,口语,8,完成本节内容
Snow_519,班课,Alba,L002927,2026年5月10日,周日,domingo,Sunday,18:00,12:00,-6h,2.0,听力,5,完成本节内容
Luna_233,班课,Alba,L002928,2026/05/17,周日,domingo,Sunday,18:00,18:00,+0h,1.5,阅读,4,语法掌握一般
Luna_033,小组课,Alba,L002928,2026-05-17,周日,domingo,Sunday,18:00,02:00,+8h,1.5,听力,7,语法掌握一般
Liam_241,班课,Alba,L002928,2026/05/17,周日,domingo,Sunday,18:00,02:00,+8h,1.5,口语,10,语法掌握一般
Isabela_370,班课,Alba,L002928,2026年5月17日,周日,domingo,Sunday,18:00,17:00,-1h,1.5,听力,8,语法掌握一般
Snow_519,小组课,Alba,L002928,2026-05-17,周日,domingo,Sunday,18:00,12:00,-6h,1.5,语法,6,语法掌握一般
Luna233,班课,Alba,L002929,2026-05-24,周日,domingo,Sunday,18:00,17:00,-1h,1.67,阅读,5,需要加强口语练习
Luna033,班课,Alba,L002929,2026/05/24,周日,domingo,Sunday,18:00,02:00,+8h,1.67,语法,2,需要加强口语练习
Liam_241,班课,Alba（教务）,L002929,2026-05-24,周日,domingo,Sunday,18:00,02:00,+8h,1.67,阅读,14,需要加强口语练习
Isabela_370,小组课,Alba,L002929,2026/05/24,周日,domingo,Sunday,18:00,17:00,-1h,1.67,语法,7,需要加强口语练习
Snow519,班课,Alba,L002929,2026/05/24,周日,domingo,Sunday,18:00,12:00,-6h,1.67,阅读,13,需要加强口语练习
Luna_233,班课,Alba,L002930,2026-05-31,周日,domingo,Sunday,18:00,17:00,-1h,1.0,口语,7,
Luna_033,小组课,Alba,L002930,2026-05-31,周日,domingo,Sunday,18:00,02:00,+8h,1.0,阅读,4,
Liam_241,小组课,Alba,L002930,2026-05-31,周日,domingo,Sunday,18:00,02:00,+8h,1.0,口语,13,
Isabela_370,小组课,Alba,L002930,2026-05-31,周日,domingo,Sunday,18:00,17:00,-1h,1.0,口语,9,
Snow519,小组课,Alba,L002930,2026-05-31,周日,domingo,Sunday,18:00,13:00,-5h,1.0,听力,1,
Luna233,班课,Alba,L002931,2026/06/07,周日,domingo,Sunday,18:00,17:00,-1h,1.0,语法,5,语法掌握一般
Luna_033,班课,Alba,L002931,2026/06/07,周日,domingo,Sunday,18:00,02:00,+8h,1.0,口语,14,语法掌握一般
Liam_241,小组课,Alba,L002931,06/07/2026,周日,domingo,Sunday,18:00,02:00,+8h,1.0,复习,1,语法掌握一般
Isabela_370,小组课,Alba,L002931,2026-06-07,周日,domingo,Sunday,18:00,17:00,-1h,1.0,口语,2,语法掌握一般
Snow_519,班课,Alba,L002931,2026-06-07,周日,domingo,Sunday,18:00,12:00,-6h,1.0,阅读,3,语法掌握一般
Luna233,小组课,Alba,L002932,2026/06/14,周日,domingo,Sunday,18:00,17:00,-1h,1.5,口语,13,语法掌握一般
Luna_033,班课,Alba,L002932,2026-06-14,周日,domingo,Sunday,18:00,02:00,+8h,1.5,阅读,14,语法掌握一般
Liam_241,班课,Alba（教务）,L002932,2026-06-14,周日,domingo,Sunday,18:00,02:00,+8h,1.5,口语,13,语法掌握一般
Isabela_370,小组课,Alba,L002932,06/14/2026,周日,domingo,Sunday,18:00,17:00,-1h,1.5,听力,4,语法掌握一般
Snow_519,班课,Alba,L002932,2026年6月14日,周日,domingo,Sunday,18:00,12:00,-6h,1.5,语法,10,语法掌握一般
Luna_233,班课,Alba,L002933,2026-06-21,周日,domingo,Sunday,18:00,15:00,-3h,1.5,口语,10,课堂参与积极
Luna_033,班课,Alba（教务）,L002933,2026年6月21日,周日,domingo,Sunday,18:00,02:00,+8h,1.5,听力,6,课堂参与积极
Liam_241,班课,Alba,L002933,2026-06-21,周日,domingo,Sunday,18:00,02:00,+8h,1.5,口语,6,课堂参与积极
Isabela_370,小组课,Alba,L002933,2026-06-21,周日,domingo,Sunday,18:00,17:00,-1h,1.5,语法,6,课堂参与积极
Snow_519（教务）,小组课,Alba,L002933,2026-06-21,周日,domingo,Sunday,18:00,12:00,-6h,1.5,阅读,14,课堂参与积极
Luna_233,小组课,Alba,L002934,2026-06-28,周日,domingo,Sunday,18:00,17:00,-1h,1.0,阅读,14,需要加强口语练习
Luna033,小组课,Alba,L002934,06/28/2026,周日,domingo,Sunday,18:00,02:00,+8h,1.0,阅读,9,需要加强口语练习
Liam_241,班课,Alba,L002934,2026-06-28,周日,domingo,Sunday,18:00,02:00,+8h,1.0,听力,1,需要加强口语练习
Isabela370,班课,Alba,L002934,2026/06/28,周日,domingo,Sunday,18:00,17:00,-1h,1.0,口语,2,需要加强口语练习
Snow519,班课,Alba,L002934,2026-06-28,周日,domingo,Sunday,18:00,12:00,-6h,1.0,语法,14,需要加强口语练习
Luna_233,班课,Alba,L002935,2026年7月5日,周日,domingo,Sunday,18:00,17:00,-1h,1.0,语法,14,
Luna_033,班课,Alba,L002935,2026/07/05,周日,domingo,Sunday,18:00,02:00,+8h,1.0,复习,6,
Liam_241,班课,Alba,L002935,2026-07-05,周日,domingo,Sunday,18:00,02:00,+8h,1.0,语法,6,
Isabela_370,班课,Alba,L002935,2026-07-05,周日,domingo,Sunday,18:00,17:00,-1h,1.0,阅读,12,
Snow_519,小组课,Alba（教务）,L002935,2026年7月5日,周日,domingo,Sunday,18:00,12:00,-6h,1.0,听力,14,
Luna233,小组课,Alba,L002936,07/12/2026,周日,domingo,Sunday,18:00,17:00,-1h,1.0,阅读,4,课堂参与积极
Luna_033,班课,Alba,L002936,2026/07/12,周日,domingo,Sunday,18:00,00:00,+6h,1.0,听力,13,课堂参与积极
Liam_241,班课,Alba,L002936,2026-07-12,周日,domingo,Sunday,18:00,02:00,+8h,1.0,口语,10,课堂参与积极
Isabela_370,班课,Alba,L002936,2026-07-12,周日,domingo,Sunday,18:00,17:00,-1h,1.0,复习,1,课堂参与积极
Snow519,班课,Alba,L002936,2026-07-12,周日,domingo,Sunday,18:00,12:00,-6h,1.0,听力,9,课堂参与积极
Luna_233,小组课,Alba,L002937,07/19/2026,周日,domingo,Sunday,18:00,17:00,-1h,1.0,听力,11,需要加强口语练习
Luna_033,小组课,Alba,L002937,07/19/2026,周日,domingo,Sunday,18:00,02:00,+8h,1.0,阅读,3,需要加强口语练习
Liam_241,班课,Alba,L002937,07/19/2026,周日,domingo,Sunday,18:00,02:00,+8h,1.0,阅读,9,需要加强口语练习
Isabela_370,小组课,Alba（教务）,L002937,2026/07/19,周日,domingo,Sunday,18:00,17:00,-1h,1.0,听力,13,需要加强口语练习
Snow_519（教务）,小组课,Alba,L002937,2026-07-19,周日,domingo,Sunday,18:00,12:00,-6h,1.0,阅读,9,需要加强口语练习
Luna_233,班课,Alba,L002938,2026-07-26,周日,domingo,Sunday,18:00,17:00,-1h,2.0,听力,10,
Luna_033,小组课,Alba,L002938,2026-07-26,周日,domingo,Sunday,18:00,02:00,+8h,2.0,口语,12,
Liam_241,班课,Alba,L002938,2026/07/26,周日,domingo,Sunday,18:00,02:00,+8h,2.0,阅读,2,
Isabela_370,小组课,Alba,L002938,2026-07-26,周日,domingo,Sunday,18:00,18:00,+0h,2.0,阅读,10,
Snow_519（教务）,小组课,Alba,L002938,2026/07/26,周日,domingo,Sunday,18:00,13:00,-5h,2.0,口语,3,
Luna_233,班课,Alba,L002939,2026-08-02,周日,domingo,Sunday,18:00,17:00,-1h,1.0,阅读,2,完成本节内容
Luna_033（教务）,小组课,Alba,L002939,2026-08-02,周日,domingo,Sunday,18:00,00:00,+6h,1.0,阅读,1,完成本节内容
Liam_241,班课,Alba,L002939,2026-08-02,周日,domingo,Sunday,18:00,02:00,+8h,1.0,语法,11,完成本节内容
Isabela_370,班课,Alba,L002939,2026-08-02,周日,domingo,Sunday,18:00,17:00,-1h,1.0,阅读,14,完成本节内容
Snow_519,班课,Alba,L002939,2026-08-02,周日,domingo,Sunday,18:00,12:00,-6h,1.0,听力,12,完成本节内容
Luna_233,小组课,Alba,L002940,2026/08/09,周日,domingo,Sunday,18:00,17:00,-1h,1.5,复习,11,需要加强口语练习
Luna_033（教务）,小组课,Alba,L002940,2026/08/09,周日,domingo,Sunday,18:00,02:00,+8h,1.5,复习,2,需要加强口语练习
Liam241,小组课,Alba（教务）,L002940,2026-08-09,周日,domingo,Sunday,18:00,02:00,+8h,1.5,语法,5,需要加强口语练习
Isabela_370,小组课,Alba,L002940,2026-08-09,周日,domingo,Sunday,18:00,17:00,-1h,1.5,语法,8,需要加强口语练习
Snow519,班课,Alba,L002940,08/09/2026,周日,domingo,Sunday,18:00,12:00,-6h,1.5,口语,11,需要加强口语练习
Luna_233,班课,Alba,L002941,08/16/2026,周日,domingo,Sunday,18:00,17:00,-1h,1.5,口语,14,完成本节内容
Luna033,班课,Alba,L002941,2026-08-16,周日,domingo,Sunday,18:00,03:00,+9h,1.5,语法,6,完成本节内容
Liam_241,小组课,Alba,L002941,08/16/2026,周日,domingo,Sunday,18:00,02:00,+8h,1.5,听力,2,完成本节内容
Isabela_370,班课,Alba（教务）,L002941,2026-08-16,周日,domingo,Sunday,18:00,17:00,-1h,1.5,语法,10,完成本节内容
Snow_519,小组课,Alba,L002941,2026-08-16,周日,domingo,Sunday,18:00,12:00,-6h,1.5,听力,6,完成本节内容
Luna_233,班课,Alba,L002942,2026年8月23日,周日,domingo,Sunday,18:00,17:00,-1h,1.0,复习,8,完成本节内容
Luna_033,小组课,Alba,L002942,2026-08-23,周日,domingo,Sunday,18:00,03:00,+9h,1.0,口语,1,完成本节内容
Liam241,小组课,Alba,L002942,2026/08/23,周日,domingo,Sunday,18:00,02:00,+8h,1.0,听力,8,完成本节内容
Isabela_370,小组课,Alba,L002942,2026-08-23,周日,domingo,Sunday,18:00,17:00,-1h,1.0,复习,14,完成本节内容
Snow_519,小组课,Alba,L002942,2026年8月23日,周日,domingo,Sunday,18:00,12:00,-6h,1.0,复习,10,完成本节内容
Luna_233,小组课,Alba,L002943,2026年8月30日,周日,domingo,Sunday,18:00,17:00,-1h,1.67,口语,13,
Luna_033,班课,Alba（教务）,L002943,2026-08-30,周日,domingo,Sunday,18:00,02:00,+8h,1.67,口语,3,
Liam_241,小组课,Alba,L002943,2026年8月30日,周日,domingo,Sunday,18:00,03:00,+9h,1.67,语法,7,
Isabela370,小组课,Alba,L002943,2026-08-30,周日,domingo,Sunday,18:00,17:00,-1h,1.67,听力,10,
Snow_519,小组课,Alba,L002943,2026年8月30日,周日,domingo,Sunday,18:00,12:00,-6h,1.67,复习,11,
Etta371,小组课,Sara,L002944,2025-11-12,周三,miércoles,Wednesday,15:00,09:00,-6h,2.0,口语,6,
Lawrence_224,班课,Sara,L002944,2025/11/12,周三,miércoles,Wednesday,15:00,08:00,-7h,2.0,口语,3,
Alice_349,班课,Sara,L002944,11/12/2025,周三,miércoles,Wednesday,15:00,22:00,+7h,2.0,语法,6,
Henry_490,班课,Sara,L002944,2025/11/12,周三,miércoles,Wednesday,15:00,14:00,-1h,2.0,阅读,14,
Ivy139,班课,Sara（教务）,L002944,2025-11-12,周三,miércoles,Wednesday,15:00,22:00,+7h,2.0,阅读,3,
Snow_119,小组课,Sara,L002944,11/12/2025,周三,miércoles,Wednesday,15:00,08:00,-7h,2.0,口语,3,
Etta371,班课,Sara,L002945,2025-11-19,周三,miércoles,Wednesday,15:00,09:00,-6h,1.0,复习,3,语法掌握一般
Lawrence_224,班课,Sara,L002945,2025/11/19,周三,miércoles,Wednesday,15:00,09:00,-6h,1.0,阅读,5,语法掌握一般
Alice349,班课,Sara,L002945,2025/11/19,周三,miércoles,Wednesday,15:00,22:00,+7h,1.0,复习,9,语法掌握一般
Henry_490,小组课,Sara,L002945,2025/11/19,周三,miércoles,Wednesday,15:00,14:00,-1h,1.0,语法,14,语法掌握一般
Ivy139,班课,Sara,L002945,11/19/2025,周三,miércoles,Wednesday,15:00,22:00,+7h,1.0,复习,10,语法掌握一般
Snow119,小组课,Sara,L002945,2025/11/19,周三,miércoles,Wednesday,15:00,09:00,-6h,1.0,口语,1,语法掌握一般
Etta_371,班课,Sara,L002946,2025/11/26,周三,miércoles,Wednesday,15:00,09:00,-6h,1.0,语法,10,完成本节内容
Lawrence224,小组课,Sara,L002946,2025-11-26,周三,miércoles,Wednesday,15:00,09:00,-6h,1.0,复习,9,完成本节内容
Alice_349,班课,Sara,L002946,11/26/2025,周三,miércoles,Wednesday,15:00,22:00,+7h,1.0,口语,6,完成本节内容
Henry_490（教务）,班课,Sara,L002946,11/26/2025,周三,miércoles,Wednesday,15:00,14:00,-1h,1.0,听力,2,完成本节内容
Ivy_139,小组课,Sara（教务）,L002946,2025/11/26,周三,miércoles,Wednesday,15:00,22:00,+7h,1.0,语法,14,完成本节内容
Snow_119,班课,Sara,L002946,2025年11月26日,周三,miércoles,Wednesday,15:00,09:00,-6h,1.0,听力,5,完成本节内容
Etta_371,小组课,Sara（教务）,L002947,2025/12/03,周三,miércoles,Wednesday,15:00,09:00,-6h,1.5,复习,13,需要加强口语练习
Lawrence_224,小组课,Sara（教务）,L002947,2025-12-03,周三,miércoles,Wednesday,15:00,09:00,-6h,1.5,口语,10,需要加强口语练习
Alice_349,班课,Sara,L002947,2025年12月3日,周三,miércoles,Wednesday,15:00,22:00,+7h,1.5,复习,10,需要加强口语练习
Henry_490,班课,Sara,L002947,2025/12/03,周三,miércoles,Wednesday,15:00,14:00,-1h,1.5,复习,8,需要加强口语练习
Ivy139,小组课,Sara,L002947,2025/12/03,周三,miércoles,Wednesday,15:00,22:00,+7h,1.5,听力,11,需要加强口语练习
Snow_119,小组课,Sara,L002947,2025-12-03,周三,miércoles,Wednesday,15:00,10:00,-5h,1.5,听力,3,需要加强口语练习
Etta_371,小组课,Sara,L002948,2025/12/10,周三,miércoles,Wednesday,15:00,08:00,-7h,1.0,阅读,1,完成本节内容
Lawrence224,班课,Sara,L002948,2025/12/10,周三,miércoles,Wednesday,15:00,09:00,-6h,1.0,口语,12,完成本节内容
Alice_349,班课,Sara,L002948,2025-12-10,周三,miércoles,Wednesday,15:00,22:00,+7h,1.0,口语,1,完成本节内容
Henry_490,班课,Sara,L002948,2025/12/10,周三,miércoles,Wednesday,15:00,14:00,-1h,1.0,复习,11,完成本节内容
Ivy_139,小组课,Sara,L002948,2025/12/10,周三,miércoles,Wednesday,15:00,22:00,+7h,1.0,口语,7,完成本节内容
Snow_119,班课,Sara,L002948,2025-12-10,周三,miércoles,Wednesday,15:00,09:00,-6h,1.0,语法,4,完成本节内容
Etta_371（教务）,班课,Sara,L002949,2025/12/17,周三,miércoles,Wednesday,15:00,09:00,-6h,1.0,听力,8,课堂参与积极
Lawrence_224,班课,Sara,L002949,2025-12-17,周三,miércoles,Wednesday,15:00,09:00,-6h,1.0,语法,10,课堂参与积极
Alice349,班课,Sara,L002949,12/17/2025,周三,miércoles,Wednesday,15:00,22:00,+7h,1.0,口语,7,课堂参与积极
Henry_490,小组课,Sara,L002949,2025/12/17,周三,miércoles,Wednesday,15:00,13:00,-2h,1.0,阅读,4,课堂参与积极
Ivy_139,小组课,Sara,L002949,2025年12月17日,周三,miércoles,Wednesday,15:00,22:00,+7h,1.0,阅读,12,课堂参与积极
Snow_119,小组课,Sara,L002949,2025-12-17,周三,miércoles,Wednesday,15:00,09:00,-6h,1.0,阅读,2,课堂参与积极
Etta_371（教务）,小组课,Sara,L002950,2025/12/24,周三,miércoles,Wednesday,15:00,09:00,-6h,1.0,口语,8,需要加强口语练习
Lawrence224,小组课,Sara,L002950,2025/12/24,周三,miércoles,Wednesday,15:00,09:00,-6h,1.0,口语,2,需要加强口语练习
Alice_349（教务）,小组课,Sara,L002950,12/24/2025,周三,miércoles,Wednesday,15:00,22:00,+7h,1.0,复习,9,需要加强口语练习
Henry_490,小组课,Sara,L002950,2025/12/24,周三,miércoles,Wednesday,15:00,14:00,-1h,1.0,听力,13,需要加强口语练习
Ivy_139,小组课,Sara,L002950,2025年12月24日,周三,miércoles,Wednesday,15:00,22:00,+7h,1.0,听力,1,需要加强口语练习
Snow_119,班课,Sara,L002950,2025-12-24,周三,miércoles,Wednesday,15:00,09:00,-6h,1.0,语法,11,需要加强口语练习
Etta_371,班课,Sara（教务）,L002951,2025/12/31,周三,miércoles,Wednesday,15:00,09:00,-6h,1.0,语法,9,完成本节内容
Lawrence_224,班课,Sara,L002951,12/31/2025,周三,miércoles,Wednesday,15:00,08:00,-7h,1.0,语法,11,完成本节内容
Alice_349,小组课,Sara,L002951,2025年12月31日,周三,miércoles,Wednesday,15:00,22:00,+7h,1.0,听力,11,完成本节内容
Henry_490,班课,Sara（教务）,L002951,2025年12月31日,周三,miércoles,Wednesday,15:00,14:00,-1h,1.0,听力,3,完成本节内容
Ivy_139,小组课,Sara,L002951,2025-12-31,周三,miércoles,Wednesday,15:00,22:00,+7h,1.0,复习,12,完成本节内容
Snow_119,小组课,Sara,L002951,2025-12-31,周三,miércoles,Wednesday,15:00,09:00,-6h,1.0,口语,1,完成本节内容
Etta_371（教务）,小组课,Sara,L002952,2026-01-07,周三,miércoles,Wednesday,15:00,09:00,-6h,1.0,口语,6,
Lawrence_224,小组课,Sara,L002952,2026/01/07,周三,miércoles,Wednesday,15:00,09:00,-6h,1.0,口语,10,
Alice_349,班课,Sara,L002952,2026/01/07,周三,miércoles,Wednesday,15:00,22:00,+7h,1.0,语法,7,
Henry_490,小组课,Sara,L002952,2026-01-07,周三,miércoles,Wednesday,15:00,15:00,+0h,1.0,口语,11,
Ivy_139,班课,Sara,L002952,2026-01-07,周三,miércoles,Wednesday,15:00,22:00,+7h,1.0,口语,14,
Snow119,小组课,Sara,L002952,2026-01-07,周三,miércoles,Wednesday,15:00,09:00,-6h,1.0,口语,10,
Etta_371,班课,Sara,L002953,2026-01-14,周三,miércoles,Wednesday,15:00,09:00,-6h,1.0,语法,6,语法掌握一般
Lawrence_224,小组课,Sara,L002953,2026-01-14,周三,miércoles,Wednesday,15:00,09:00,-6h,1.0,口语,3,语法掌握一般
Alice_349,班课,Sara,L002953,2026-01-14,周三,miércoles,Wednesday,15:00,22:00,+7h,1.0,口语,8,语法掌握一般
Henry_490,小组课,Sara,L002953,2026-01-14,周三,miércoles,Wednesday,15:00,14:00,-1h,1.0,语法,8,语法掌握一般
Ivy_139（教务）,班课,Sara,L002953,2026-01-14,周三,miércoles,Wednesday,15:00,19:00,+4h,1.0,听力,14,语法掌握一般
Snow_119,班课,Sara,L002953,2026-01-14,周三,miércoles,Wednesday,15:00,09:00,-6h,1.0,复习,5,语法掌握一般
Etta_371,班课,Sara,L002954,2026-01-21,周三,miércoles,Wednesday,15:00,09:00,-6h,1.0,口语,3,
Lawrence_224,班课,Sara,L002954,2026-01-21,周三,miércoles,Wednesday,15:00,09:00,-6h,1.0,语法,12,
Alice349,班课,Sara,L002954,2026/01/21,周三,miércoles,Wednesday,15:00,22:00,+7h,1.0,阅读,14,
Henry_490,小组课,Sara,L002954,2026-01-21,周三,miércoles,Wednesday,15:00,14:00,-1h,1.0,听力,10,
Ivy139,班课,Sara,L002954,2026-01-21,周三,miércoles,Wednesday,15:00,22:00,+7h,1.0,口语,9,
Snow119,小组课,Sara,L002954,2026-01-21,周三,miércoles,Wednesday,15:00,06:00,-9h,1.0,听力,8,
Etta_371,班课,Sara（教务）,L002955,2026/01/28,周三,miércoles,Wednesday,15:00,09:00,-6h,1.0,阅读,12,完成本节内容
Lawrence224,班课,Sara,L002955,2026/01/28,周三,miércoles,Wednesday,15:00,09:00,-6h,1.0,听力,4,完成本节内容
Alice349,小组课,Sara,L002955,2026-01-28,周三,miércoles,Wednesday,15:00,22:00,+7h,1.0,阅读,13,完成本节内容
Henry_490,小组课,Sara,L002955,2026/01/28,周三,miércoles,Wednesday,15:00,14:00,-1h,1.0,口语,9,完成本节内容
Ivy_139（教务）,班课,Sara,L002955,2026-01-28,周三,miércoles,Wednesday,15:00,22:00,+7h,1.0,口语,1,完成本节内容
Snow119,班课,Sara,L002955,2026/01/28,周三,miércoles,Wednesday,15:00,09:00,-6h,1.0,口语,5,完成本节内容
Etta_371,小组课,Sara（教务）,L002956,2026-02-04,周三,miércoles,Wednesday,15:00,09:00,-6h,2.0,口语,13,需要加强口语练习
Lawrence224,小组课,Sara,L002956,2026-02-04,周三,miércoles,Wednesday,15:00,09:00,-6h,2.0,口语,8,需要加强口语练习
Alice_349,班课,Sara,L002956,2026年2月4日,周三,miércoles,Wednesday,15:00,22:00,+7h,2.0,口语,9,需要加强口语练习
Henry_490,小组课,Sara,L002956,2026-02-04,周三,miércoles,Wednesday,15:00,14:00,-1h,2.0,阅读,8,需要加强口语练习
Ivy_139,班课,Sara,L002956,2026/02/04,周三,miércoles,Wednesday,15:00,22:00,+7h,2.0,复习,9,需要加强口语练习
Snow_119（教务）,小组课,Sara,L002956,2026-02-04,周三,miércoles,Wednesday,15:00,09:00,-6h,2.0,口语,10,需要加强口语练习
Etta371,班课,Sara,L002957,2026年2月11日,周三,miércoles,Wednesday,15:00,09:00,-6h,1.5,语法,5,课堂参与积极
Lawrence_224,小组课,Sara,L002957,2026-02-11,周三,miércoles,Wednesday,15:00,09:00,-6h,1.5,口语,2,课堂参与积极
Alice_349,小组课,Sara（教务）,L002957,2026-02-11,周三,miércoles,Wednesday,15:00,23:00,+8h,1.5,语法,1,课堂参与积极
Henry_490,班课,Sara,L002957,2026-02-11,周三,miércoles,Wednesday,15:00,14:00,-1h,1.5,语法,8,课堂参与积极
Ivy_139,班课,Sara,L002957,2026-02-11,周三,miércoles,Wednesday,15:00,22:00,+7h,1.5,语法,11,课堂参与积极
Snow_119,班课,Sara,L002957,2026-02-11,周三,miércoles,Wednesday,15:00,08:00,-7h,1.5,口语,3,课堂参与积极
Etta_371,小组课,Sara,L002958,2026/02/18,周三,miércoles,Wednesday,15:00,09:00,-6h,1.5,口语,5,语法掌握一般
Lawrence_224,小组课,Sara,L002958,2026/02/18,周三,miércoles,Wednesday,15:00,09:00,-6h,1.5,复习,12,语法掌握一般
Alice_349,小组课,Sara,L002958,2026/02/18,周三,miércoles,Wednesday,15:00,00:00,+9h,1.5,复习,1,语法掌握一般
Henry_490,班课,Sara,L002958,2026-02-18,周三,miércoles,Wednesday,15:00,14:00,-1h,1.5,复习,9,语法掌握一般
Ivy_139,小组课,Sara,L002958,2026/02/18,周三,miércoles,Wednesday,15:00,22:00,+7h,1.5,复习,7,语法掌握一般
Snow119,小组课,Sara,L002958,2026-02-18,周三,miércoles,Wednesday,15:00,09:00,-6h,1.5,语法,8,语法掌握一般
Etta_371,班课,Sara,L002959,02/25/2026,周三,miércoles,Wednesday,15:00,09:00,-6h,1.0,听力,1,完成本节内容
Lawrence_224,班课,Sara,L002959,2026-02-25,周三,miércoles,Wednesday,15:00,09:00,-6h,1.0,阅读,6,完成本节内容
Alice_349,小组课,Sara（教务）,L002959,2026/02/25,周三,miércoles,Wednesday,15:00,22:00,+7h,1.0,阅读,5,完成本节内容
Henry_490,班课,Sara,L002959,02/25/2026,周三,miércoles,Wednesday,15:00,14:00,-1h,1.0,听力,11,完成本节内容
Ivy139,小组课,Sara,L002959,02/25/2026,周三,miércoles,Wednesday,15:00,22:00,+7h,1.0,语法,12,完成本节内容
Snow_119,小组课,Sara,L002959,2026/02/25,周三,miércoles,Wednesday,15:00,09:00,-6h,1.0,复习,5,完成本节内容
Etta_371,班课,Sara（教务）,L002960,2026-03-04,周三,miércoles,Wednesday,15:00,09:00,-6h,1.0,听力,1,课堂参与积极
Lawrence_224,班课,Sara,L002960,2026/03/04,周三,miércoles,Wednesday,15:00,11:00,-4h,1.0,听力,7,课堂参与积极
Alice_349,班课,Sara（教务）,L002960,2026-03-04,周三,miércoles,Wednesday,15:00,22:00,+7h,1.0,听力,12,课堂参与积极
Henry_490,班课,Sara,L002960,2026-03-04,周三,miércoles,Wednesday,15:00,14:00,-1h,1.0,语法,4,课堂参与积极
Ivy139,小组课,Sara,L002960,2026-03-04,周三,miércoles,Wednesday,15:00,22:00,+7h,1.0,语法,14,课堂参与积极
Snow_119,小组课,Sara,L002960,2026-03-04,周三,miércoles,Wednesday,15:00,09:00,-6h,1.0,听力,5,课堂参与积极
Etta_371,小组课,Sara,L002961,2026-03-11,周三,miércoles,Wednesday,15:00,10:00,-5h,1.67,复习,13,语法掌握一般
Lawrence_224,小组课,Sara,L002961,2026-03-11,周三,miércoles,Wednesday,15:00,10:00,-5h,1.67,复习,2,语法掌握一般
Alice_349,小组课,Sara,L002961,2026/03/11,周三,miércoles,Wednesday,15:00,21:00,+6h,1.67,阅读,5,语法掌握一般
Henry_490（教务）,小组课,Sara,L002961,2026-03-11,周三,miércoles,Wednesday,15:00,14:00,-1h,1.67,复习,9,语法掌握一般
Ivy139,小组课,Sara,L002961,2026-03-11,周三,miércoles,Wednesday,15:00,22:00,+7h,1.67,口语,7,语法掌握一般
Snow_119,小组课,Sara,L002961,2026-03-11,周三,miércoles,Wednesday,15:00,10:00,-5h,1.67,阅读,3,语法掌握一般
Etta371,小组课,Sara,L002962,2026/03/18,周三,miércoles,Wednesday,15:00,10:00,-5h,1.5,阅读,9,语法掌握一般
Lawrence_224,班课,Sara,L002962,2026/03/18,周三,miércoles,Wednesday,15:00,10:00,-5h,1.5,语法,2,语法掌握一般
Alice_349,班课,Sara,L002962,2026-03-18,周三,miércoles,Wednesday,15:00,22:00,+7h,1.5,复习,7,语法掌握一般
Henry490,小组课,Sara,L002962,2026/03/18,周三,miércoles,Wednesday,15:00,14:00,-1h,1.5,阅读,5,语法掌握一般
Ivy_139,小组课,Sara,L002962,2026年3月18日,周三,miércoles,Wednesday,15:00,22:00,+7h,1.5,阅读,3,语法掌握一般
Snow119,小组课,Sara,L002962,2026-03-18,周三,miércoles,Wednesday,15:00,10:00,-5h,1.5,复习,10,语法掌握一般
Etta_371,班课,Sara,L002963,2026-03-25,周三,miércoles,Wednesday,15:00,10:00,-5h,1.67,复习,14,课堂参与积极
Lawrence224,小组课,Sara,L002963,2026年3月25日,周三,miércoles,Wednesday,15:00,10:00,-5h,1.67,阅读,6,课堂参与积极
Alice349,班课,Sara,L002963,2026-03-25,周三,miércoles,Wednesday,15:00,22:00,+7h,1.67,听力,7,课堂参与积极
Henry_490,小组课,Sara,L002963,2026年3月25日,周三,miércoles,Wednesday,15:00,14:00,-1h,1.67,复习,8,课堂参与积极
Ivy_139,小组课,Sara,L002963,2026-03-25,周三,miércoles,Wednesday,15:00,22:00,+7h,1.67,阅读,5,课堂参与积极
Snow_119,小组课,Sara,L002963,2026-03-25,周三,miércoles,Wednesday,15:00,10:00,-5h,1.67,复习,4,课堂参与积极
Etta_371（教务）,小组课,Sara,L002964,2026/04/01,周三,miércoles,Wednesday,15:00,09:00,-6h,1.0,阅读,14,完成本节内容
Lawrence_224,小组课,Sara,L002964,2026-04-01,周三,miércoles,Wednesday,15:00,09:00,-6h,1.0,阅读,10,完成本节内容
Alice349,小组课,Sara,L002964,2026/04/01,周三,miércoles,Wednesday,15:00,21:00,+6h,1.0,语法,11,完成本节内容
Henry_490,班课,Sara,L002964,2026-04-01,周三,miércoles,Wednesday,15:00,14:00,-1h,1.0,口语,10,完成本节内容
Ivy_139（教务）,小组课,Sara,L002964,04/01/2026,周三,miércoles,Wednesday,15:00,21:00,+6h,1.0,复习,10,完成本节内容
Snow_119（教务）,小组课,Sara,L002964,2026/04/01,周三,miércoles,Wednesday,15:00,09:00,-6h,1.0,复习,4,完成本节内容
Etta_371,班课,Sara,L002965,2026/04/08,周三,miércoles,Wednesday,15:00,09:00,-6h,1.0,听力,5,完成本节内容
Lawrence_224,班课,Sara,L002965,2026-04-08,周三,miércoles,Wednesday,15:00,09:00,-6h,1.0,口语,1,完成本节内容
Alice_349,班课,Sara,L002965,2026-04-08,周三,miércoles,Wednesday,15:00,20:00,+5h,1.0,口语,7,完成本节内容
Henry490,小组课,Sara,L002965,04/08/2026,周三,miércoles,Wednesday,15:00,14:00,-1h,1.0,复习,2,完成本节内容
Ivy_139,班课,Sara,L002965,2026-04-08,周三,miércoles,Wednesday,15:00,21:00,+6h,1.0,听力,1,完成本节内容
Snow_119,小组课,Sara,L002965,2026-04-08,周三,miércoles,Wednesday,15:00,08:00,-7h,1.0,口语,12,完成本节内容
Etta371,小组课,Sara,L002966,2026/04/15,周三,miércoles,Wednesday,15:00,09:00,-6h,1.0,阅读,14,语法掌握一般
Lawrence_224,小组课,Sara,L002966,2026-04-15,周三,miércoles,Wednesday,15:00,09:00,-6h,1.0,阅读,10,语法掌握一般
Alice_349（教务）,小组课,Sara,L002966,2026-04-15,周三,miércoles,Wednesday,15:00,21:00,+6h,1.0,听力,10,语法掌握一般
Henry_490,班课,Sara,L002966,2026年4月15日,周三,miércoles,Wednesday,15:00,14:00,-1h,1.0,听力,2,语法掌握一般
Ivy_139,班课,Sara,L002966,2026-04-15,周三,miércoles,Wednesday,15:00,21:00,+6h,1.0,口语,3,语法掌握一般
Snow_119,班课,Sara,L002966,2026-04-15,周三,miércoles,Wednesday,15:00,09:00,-6h,1.0,口语,12,语法掌握一般
Etta_371（教务）,班课,Sara（教务）,L002967,04/22/2026,周三,miércoles,Wednesday,15:00,09:00,-6h,2.0,口语,6,
Lawrence_224,班课,Sara,L002967,2026-04-22,周三,miércoles,Wednesday,15:00,09:00,-6h,2.0,听力,12,
Alice_349,小组课,Sara,L002967,04/22/2026,周三,miércoles,Wednesday,15:00,21:00,+6h,2.0,听力,2,
Henry_490,班课,Sara,L002967,2026-04-22,周三,miércoles,Wednesday,15:00,14:00,-1h,2.0,语法,11,
Ivy_139,班课,Sara,L002967,04/22/2026,周三,miércoles,Wednesday,15:00,18:00,+3h,2.0,口语,10,
Snow_119,班课,Sara,L002967,2026-04-22,周三,miércoles,Wednesday,15:00,09:00,-6h,2.0,语法,1,
Etta_371,小组课,Sara,L002968,2026年4月29日,周三,miércoles,Wednesday,15:00,08:00,-7h,1.0,语法,14,课堂参与积极
Lawrence_224,班课,Sara,L002968,2026-04-29,周三,miércoles,Wednesday,15:00,08:00,-7h,1.0,口语,9,课堂参与积极
Alice349,小组课,Sara,L002968,2026年4月29日,周三,miércoles,Wednesday,15:00,22:00,+7h,1.0,阅读,10,课堂参与积极
Henry_490,小组课,Sara,L002968,2026-04-29,周三,miércoles,Wednesday,15:00,14:00,-1h,1.0,口语,8,课堂参与积极
Ivy139,小组课,Sara（教务）,L002968,2026-04-29,周三,miércoles,Wednesday,15:00,21:00,+6h,1.0,语法,9,课堂参与积极
Snow_119（教务）,班课,Sara,L002968,04/29/2026,周三,miércoles,Wednesday,15:00,09:00,-6h,1.0,口语,6,课堂参与积极
Etta_371,班课,Sara,L002969,2026年5月6日,周三,miércoles,Wednesday,15:00,09:00,-6h,1.67,听力,1,语法掌握一般
Lawrence_224,小组课,Sara,L002969,2026-05-06,周三,miércoles,Wednesday,15:00,10:00,-5h,1.67,阅读,14,语法掌握一般
Alice_349（教务）,班课,Sara,L002969,2026年5月6日,周三,miércoles,Wednesday,15:00,21:00,+6h,1.67,语法,7,语法掌握一般
Henry_490,班课,Sara,L002969,2026-05-06,周三,miércoles,Wednesday,15:00,15:00,+0h,1.67,阅读,5,语法掌握一般
Ivy_139,班课,Sara（教务）,L002969,2026-05-06,周三,miércoles,Wednesday,15:00,21:00,+6h,1.67,口语,13,语法掌握一般
Snow_119,班课,Sara,L002969,2026-05-06,周三,miércoles,Wednesday,15:00,09:00,-6h,1.67,口语,7,语法掌握一般
Etta371,班课,Sara（教务）,L002970,2026-05-13,周三,miércoles,Wednesday,15:00,09:00,-6h,1.0,阅读,2,需要加强口语练习
Lawrence224,班课,Sara,L002970,2026-05-13,周三,miércoles,Wednesday,15:00,09:00,-6h,1.0,阅读,14,需要加强口语练习
Alice349,小组课,Sara,L002970,2026-05-13,周三,miércoles,Wednesday,15:00,21:00,+6h,1.0,阅读,8,需要加强口语练习
Henry_490,小组课,Sara,L002970,2026年5月13日,周三,miércoles,Wednesday,15:00,14:00,-1h,1.0,语法,6,需要加强口语练习
Ivy139,班课,Sara,L002970,2026-05-13,周三,miércoles,Wednesday,15:00,21:00,+6h,1.0,阅读,13,需要加强口语练习
Snow_119,班课,Sara,L002970,2026-05-13,周三,miércoles,Wednesday,15:00,09:00,-6h,1.0,语法,10,需要加强口语练习
Etta_371,小组课,Sara,L002971,2026-05-20,周三,miércoles,Wednesday,15:00,09:00,-6h,1.0,口语,1,需要加强口语练习
Lawrence_224,班课,Sara,L002971,2026/05/20,周三,miércoles,Wednesday,15:00,09:00,-6h,1.0,语法,11,需要加强口语练习
Alice_349,班课,Sara,L002971,2026-05-20,周三,miércoles,Wednesday,15:00,21:00,+6h,1.0,听力,12,需要加强口语练习
Henry_490（教务）,小组课,Sara,L002971,05/20/2026,周三,miércoles,Wednesday,15:00,14:00,-1h,1.0,阅读,4,需要加强口语练习
Ivy_139（教务）,小组课,Sara,L002971,2026年5月20日,周三,miércoles,Wednesday,15:00,21:00,+6h,1.0,口语,1,需要加强口语练习
Snow_119,班课,Sara,L002971,2026-05-20,周三,miércoles,Wednesday,15:00,09:00,-6h,1.0,口语,1,需要加强口语练习
Etta_371,小组课,Sara（教务）,L002972,2026/05/27,周三,miércoles,Wednesday,15:00,09:00,-6h,1.67,语法,9,需要加强口语练习
Lawrence_224,班课,Sara,L002972,2026年5月27日,周三,miércoles,Wednesday,15:00,09:00,-6h,1.67,语法,9,需要加强口语练习
Alice_349,班课,Sara（教务）,L002972,2026-05-27,周三,miércoles,Wednesday,15:00,21:00,+6h,1.67,听力,5,需要加强口语练习
Henry_490,小组课,Sara（教务）,L002972,2026年5月27日,周三,miércoles,Wednesday,15:00,14:00,-1h,1.67,语法,13,需要加强口语练习
Ivy_139,小组课,Sara（教务）,L002972,2026/05/27,周三,miércoles,Wednesday,15:00,21:00,+6h,1.67,口语,5,需要加强口语练习
Snow119,小组课,Sara,L002972,2026/05/27,周三,miércoles,Wednesday,15:00,09:00,-6h,1.67,听力,13,需要加强口语练习
Etta_371,班课,Sara,L002973,2026-06-03,周三,miércoles,Wednesday,15:00,09:00,-6h,1.67,口语,10,完成本节内容
Lawrence_224,小组课,Sara,L002973,2026-06-03,周三,miércoles,Wednesday,15:00,09:00,-6h,1.67,阅读,1,完成本节内容
Alice_349,班课,Sara,L002973,2026-06-03,周三,miércoles,Wednesday,15:00,21:00,+6h,1.67,口语,9,完成本节内容
Henry490,小组课,Sara,L002973,2026-06-03,周三,miércoles,Wednesday,15:00,14:00,-1h,1.67,语法,6,完成本节内容
Ivy139,班课,Sara,L002973,2026-06-03,周三,miércoles,Wednesday,15:00,21:00,+6h,1.67,口语,12,完成本节内容
Snow_119,小组课,Sara（教务）,L002973,2026/06/03,周三,miércoles,Wednesday,15:00,09:00,-6h,1.67,复习,7,完成本节内容
Etta_371,班课,Sara（教务）,L002974,2026-06-10,周三,miércoles,Wednesday,15:00,09:00,-6h,1.5,口语,5,课堂参与积极
Lawrence_224,小组课,Sara（教务）,L002974,06/10/2026,周三,miércoles,Wednesday,15:00,09:00,-6h,1.5,阅读,14,课堂参与积极
Alice_349,班课,Sara,L002974,2026/06/10,周三,miércoles,Wednesday,15:00,21:00,+6h,1.5,语法,1,课堂参与积极
Henry_490,班课,Sara,L002974,2026-06-10,周三,miércoles,Wednesday,15:00,14:00,-1h,1.5,口语,4,课堂参与积极
Ivy_139,小组课,Sara,L002974,2026年6月10日,周三,miércoles,Wednesday,15:00,22:00,+7h,1.5,语法,5,课堂参与积极
Snow_119,班课,Sara,L002974,2026/06/10,周三,miércoles,Wednesday,15:00,09:00,-6h,1.5,听力,1,课堂参与积极
Etta_371,小组课,Sara,L002975,2026-06-17,周三,miércoles,Wednesday,15:00,09:00,-6h,1.0,听力,4,完成本节内容
Lawrence_224,班课,Sara,L002975,2026/06/17,周三,miércoles,Wednesday,15:00,09:00,-6h,1.0,听力,11,完成本节内容
Alice_349,班课,Sara（教务）,L002975,06/17/2026,周三,miércoles,Wednesday,15:00,21:00,+6h,1.0,阅读,12,完成本节内容
Henry490,小组课,Sara,L002975,2026-06-17,周三,miércoles,Wednesday,15:00,13:00,-2h,1.0,阅读,4,完成本节内容
Ivy_139,班课,Sara（教务）,L002975,06/17/2026,周三,miércoles,Wednesday,15:00,21:00,+6h,1.0,复习,13,完成本节内容
Snow_119,班课,Sara,L002975,06/17/2026,周三,miércoles,Wednesday,15:00,09:00,-6h,1.0,语法,7,完成本节内容
Etta_371（教务）,小组课,Sara,L002976,2026年6月24日,周三,miércoles,Wednesday,15:00,09:00,-6h,1.67,语法,12,课堂参与积极
Lawrence_224,班课,Sara,L002976,2026-06-24,周三,miércoles,Wednesday,15:00,09:00,-6h,1.67,听力,2,课堂参与积极
Alice_349,小组课,Sara（教务）,L002976,2026/06/24,周三,miércoles,Wednesday,15:00,21:00,+6h,1.67,语法,9,课堂参与积极
Henry_490,小组课,Sara,L002976,06/24/2026,周三,miércoles,Wednesday,15:00,14:00,-1h,1.67,听力,3,课堂参与积极
Ivy_139,小组课,Sara,L002976,2026/06/24,周三,miércoles,Wednesday,15:00,21:00,+6h,1.67,口语,7,课堂参与积极
Snow_119,班课,Sara（教务）,L002976,06/24/2026,周三,miércoles,Wednesday,15:00,09:00,-6h,1.67,听力,14,课堂参与积极
Etta_371（教务）,班课,Sara,L002977,2026-07-01,周三,miércoles,Wednesday,15:00,09:00,-6h,1.0,复习,2,语法掌握一般
Lawrence_224,小组课,Sara,L002977,2026-07-01,周三,miércoles,Wednesday,15:00,09:00,-6h,1.0,语法,2,语法掌握一般
Alice_349（教务）,小组课,Sara,L002977,07/01/2026,周三,miércoles,Wednesday,15:00,21:00,+6h,1.0,听力,4,语法掌握一般
Henry_490,小组课,Sara,L002977,2026年7月1日,周三,miércoles,Wednesday,15:00,14:00,-1h,1.0,阅读,6,语法掌握一般
Ivy_139,小组课,Sara,L002977,2026年7月1日,周三,miércoles,Wednesday,15:00,21:00,+6h,1.0,口语,5,语法掌握一般
Snow_119,班课,Sara,L002977,07/01/2026,周三,miércoles,Wednesday,15:00,09:00,-6h,1.0,听力,12,语法掌握一般
Etta_371,班课,Sara,L002978,2026/07/08,周三,miércoles,Wednesday,15:00,09:00,-6h,1.0,阅读,2,完成本节内容
Lawrence_224,小组课,Sara（教务）,L002978,2026-07-08,周三,miércoles,Wednesday,15:00,09:00,-6h,1.0,阅读,2,完成本节内容
Alice_349,小组课,Sara,L002978,2026/07/08,周三,miércoles,Wednesday,15:00,00:00,+9h,1.0,复习,5,完成本节内容
Henry490,班课,Sara,L002978,07/08/2026,周三,miércoles,Wednesday,15:00,14:00,-1h,1.0,复习,11,完成本节内容
Ivy139,小组课,Sara（教务）,L002978,07/08/2026,周三,miércoles,Wednesday,15:00,21:00,+6h,1.0,语法,13,完成本节内容
Snow_119（教务）,班课,Sara,L002978,2026/07/08,周三,miércoles,Wednesday,15:00,09:00,-6h,1.0,阅读,12,完成本节内容
Etta_371,班课,Sara,L002979,07/15/2026,周三,miércoles,Wednesday,15:00,09:00,-6h,1.0,听力,8,完成本节内容
Lawrence_224,小组课,Sara,L002979,2026-07-15,周三,miércoles,Wednesday,15:00,09:00,-6h,1.0,听力,3,完成本节内容
Alice349,班课,Sara,L002979,2026/07/15,周三,miércoles,Wednesday,15:00,21:00,+6h,1.0,语法,6,完成本节内容
Henry490,班课,Sara,L002979,2026/07/15,周三,miércoles,Wednesday,15:00,14:00,-1h,1.0,口语,7,完成本节内容
Ivy_139,班课,Sara,L002979,2026/07/15,周三,miércoles,Wednesday,15:00,21:00,+6h,1.0,语法,7,完成本节内容
Snow119,小组课,Sara,L002979,2026-07-15,周三,miércoles,Wednesday,15:00,09:00,-6h,1.0,口语,13,完成本节内容
Etta_371,小组课,Sara,L002980,2026/07/22,周三,miércoles,Wednesday,15:00,09:00,-6h,1.0,阅读,10,
Lawrence_224,班课,Sara,L002980,2026/07/22,周三,miércoles,Wednesday,15:00,09:00,-6h,1.0,语法,1,
Alice_349,班课,Sara,L002980,2026/07/22,周三,miércoles,Wednesday,15:00,21:00,+6h,1.0,复习,8,
Henry_490,小组课,Sara,L002980,2026-07-22,周三,miércoles,Wednesday,15:00,14:00,-1h,1.0,语法,7,
Ivy_139,小组课,Sara,L002980,2026-07-22,周三,miércoles,Wednesday,15:00,21:00,+6h,1.0,口语,12,
Snow_119,小组课,Sara,L002980,2026-07-22,周三,miércoles,Wednesday,15:00,09:00,-6h,1.0,复习,7,
Etta371,小组课,Sara,L002981,2026/07/29,周三,miércoles,Wednesday,15:00,09:00,-6h,1.0,口语,3,语法掌握一般
Lawrence224,班课,Sara,L002981,2026/07/29,周三,miércoles,Wednesday,15:00,09:00,-6h,1.0,口语,8,语法掌握一般
Alice_349,小组课,Sara,L002981,2026年7月29日,周三,miércoles,Wednesday,15:00,19:00,+4h,1.0,口语,5,语法掌握一般
Henry_490,班课,Sara,L002981,2026-07-29,周三,miércoles,Wednesday,15:00,14:00,-1h,1.0,阅读,10,语法掌握一般
Ivy_139,班课,Sara,L002981,2026-07-29,周三,miércoles,Wednesday,15:00,21:00,+6h,1.0,语法,3,语法掌握一般
Snow_119,小组课,Sara,L002981,2026年7月29日,周三,miércoles,Wednesday,15:00,09:00,-6h,1.0,阅读,5,语法掌握一般
Etta_371,小组课,Sara,L002982,2026/08/05,周三,miércoles,Wednesday,15:00,09:00,-6h,1.67,阅读,12,课堂参与积极
Lawrence224,班课,Sara,L002982,2026/08/05,周三,miércoles,Wednesday,15:00,09:00,-6h,1.67,阅读,7,课堂参与积极
Alice349,小组课,Sara,L002982,2026年8月5日,周三,miércoles,Wednesday,15:00,21:00,+6h,1.67,复习,4,课堂参与积极
Henry_490,小组课,Sara,L002982,2026-08-05,周三,miércoles,Wednesday,15:00,14:00,-1h,1.67,阅读,13,课堂参与积极
Ivy_139,小组课,Sara,L002982,2026-08-05,周三,miércoles,Wednesday,15:00,23:00,+8h,1.67,听力,14,课堂参与积极
Snow_119,班课,Sara（教务）,L002982,2026-08-05,周三,miércoles,Wednesday,15:00,09:00,-6h,1.67,阅读,11,课堂参与积极
Etta_371（教务）,班课,Sara,L002983,08/12/2026,周三,miércoles,Wednesday,15:00,09:00,-6h,2.0,阅读,4,完成本节内容
Lawrence224,小组课,Sara,L002983,2026-08-12,周三,miércoles,Wednesday,15:00,09:00,-6h,2.0,听力,8,完成本节内容
Alice_349,班课,Sara,L002983,2026-08-12,周三,miércoles,Wednesday,15:00,21:00,+6h,2.0,口语,11,完成本节内容
Henry490,小组课,Sara,L002983,2026-08-12,周三,miércoles,Wednesday,15:00,14:00,-1h,2.0,听力,5,完成本节内容
Ivy_139,小组课,Sara,L002983,2026/08/12,周三,miércoles,Wednesday,15:00,21:00,+6h,2.0,口语,7,完成本节内容
Snow_119,班课,Sara,L002983,2026-08-12,周三,miércoles,Wednesday,15:00,09:00,-6h,2.0,口语,5,完成本节内容
Etta_371,小组课,Sara,L002984,2026-08-19,周三,miércoles,Wednesday,15:00,09:00,-6h,1.0,语法,5,
Lawrence_224,班课,Sara,L002984,2026-08-19,周三,miércoles,Wednesday,15:00,09:00,-6h,1.0,听力,3,
Alice_349,小组课,Sara,L002984,2026/08/19,周三,miércoles,Wednesday,15:00,22:00,+7h,1.0,口语,8,
Henry490,班课,Sara,L002984,2026/08/19,周三,miércoles,Wednesday,15:00,14:00,-1h,1.0,听力,5,
Ivy_139,班课,Sara（教务）,L002984,2026-08-19,周三,miércoles,Wednesday,15:00,21:00,+6h,1.0,语法,14,
Snow_119,班课,Sara,L002984,2026-08-19,周三,miércoles,Wednesday,15:00,08:00,-7h,1.0,语法,6,
Etta_371,小组课,Sara,L002985,2026/08/26,周三,miércoles,Wednesday,15:00,12:00,-3h,1.0,语法,3,
Lawrence_224,班课,Sara,L002985,2026/08/26,周三,miércoles,Wednesday,15:00,09:00,-6h,1.0,语法,8,
Alice_349,班课,Sara,L002985,2026-08-26,周三,miércoles,Wednesday,15:00,20:00,+5h,1.0,口语,2,
Henry_490,班课,Sara,L002985,2026-08-26,周三,miércoles,Wednesday,15:00,14:00,-1h,1.0,口语,2,
Ivy_139,小组课,Sara,L002985,08/26/2026,周三,miércoles,Wednesday,15:00,21:00,+6h,1.0,语法,11,
Snow119,小组课,Sara,L002985,2026/08/26,周三,miércoles,Wednesday,15:00,09:00,-6h,1.0,口语,12,
Lydia_014,班课,Natalia,L002986,2025-11-18,周二,martes,Tuesday,18:00,18:00,+0h,1.0,听力,7,语法掌握一般
Mia_325,小组课,Natalia,L002986,2025-11-18,周二,martes,Tuesday,18:00,04:00,+10h,1.0,口语,5,语法掌握一般
Lydia_014,班课,Natalia,L002987,2025-11-25,周二,martes,Tuesday,18:00,18:00,+0h,2.0,口语,13,需要加强口语练习
Mia_325,班课,Natalia,L002987,2025年11月25日,周二,martes,Tuesday,18:00,04:00,+10h,2.0,听力,9,需要加强口语练习
Lydia_014,班课,Natalia,L002988,2025/12/02,周二,martes,Tuesday,18:00,18:00,+0h,2.0,听力,3,课堂参与积极
Mia_325,班课,Natalia,L002988,2025/12/02,周二,martes,Tuesday,18:00,03:00,+9h,2.0,复习,13,课堂参与积极
Lydia_014,小组课,Natalia,L002989,12/09/2025,周二,martes,Tuesday,18:00,18:00,+0h,1.5,阅读,3,课堂参与积极
Mia_325,小组课,Natalia,L002989,2025-12-09,周二,martes,Tuesday,18:00,04:00,+10h,1.5,口语,14,课堂参与积极
Lydia_014,小组课,Natalia,L002990,2025-12-16,周二,martes,Tuesday,18:00,18:00,+0h,2.0,阅读,7,语法掌握一般
Mia_325,小组课,Natalia,L002990,2025年12月16日,周二,martes,Tuesday,18:00,04:00,+10h,2.0,语法,7,语法掌握一般
Lydia_014,班课,Natalia,L002991,2025/12/23,周二,martes,Tuesday,18:00,18:00,+0h,1.0,复习,12,完成本节内容
Mia325,班课,Natalia,L002991,2025-12-23,周二,martes,Tuesday,18:00,04:00,+10h,1.0,阅读,3,完成本节内容
Lydia_014,班课,Natalia,L002992,2025-12-30,周二,martes,Tuesday,18:00,18:00,+0h,1.0,语法,7,
Mia_325,小组课,Natalia（教务）,L002992,12/30/2025,周二,martes,Tuesday,18:00,04:00,+10h,1.0,听力,8,
Lydia_014,班课,Natalia,L002993,01/06/2026,周二,martes,Tuesday,18:00,18:00,+0h,1.0,复习,4,完成本节内容
Mia325,班课,Natalia,L002993,2026/01/06,周二,martes,Tuesday,18:00,04:00,+10h,1.0,阅读,9,完成本节内容
Lydia_014,小组课,Natalia,L002994,2026-01-13,周二,martes,Tuesday,18:00,18:00,+0h,1.0,听力,13,语法掌握一般
Mia_325,班课,Natalia,L002994,2026-01-13,周二,martes,Tuesday,18:00,04:00,+10h,1.0,口语,7,语法掌握一般
Lydia_014,班课,Natalia,L002995,2026年1月20日,周二,martes,Tuesday,18:00,18:00,+0h,1.0,听力,14,完成本节内容
Mia325,小组课,Natalia,L002995,2026-01-20,周二,martes,Tuesday,18:00,04:00,+10h,1.0,复习,4,完成本节内容
Lydia_014,小组课,Natalia,L002996,2026年1月27日,周二,martes,Tuesday,18:00,18:00,+0h,1.67,口语,14,完成本节内容
Mia325,小组课,Natalia,L002996,2026年1月27日,周二,martes,Tuesday,18:00,04:00,+10h,1.67,听力,2,完成本节内容
Lydia_014,班课,Natalia,L002997,2026-02-03,周二,martes,Tuesday,18:00,18:00,+0h,1.67,口语,4,语法掌握一般
Mia325,班课,Natalia,L002997,2026-02-03,周二,martes,Tuesday,18:00,04:00,+10h,1.67,口语,11,语法掌握一般
Lydia014,班课,Natalia,L002998,2026-02-10,周二,martes,Tuesday,18:00,18:00,+0h,1.5,语法,6,完成本节内容
Mia_325,班课,Natalia,L002998,2026年2月10日,周二,martes,Tuesday,18:00,04:00,+10h,1.5,语法,3,完成本节内容
Lydia014,小组课,Natalia,L002999,02/17/2026,周二,martes,Tuesday,18:00,18:00,+0h,1.5,复习,3,课堂参与积极
Mia_325,班课,Natalia,L002999,02/17/2026,周二,martes,Tuesday,18:00,04:00,+10h,1.5,听力,7,课堂参与积极
Lydia_014,小组课,Natalia（教务）,L003000,02/24/2026,周二,martes,Tuesday,18:00,18:00,+0h,1.67,语法,10,
Mia_325,班课,Natalia,L003000,02/24/2026,周二,martes,Tuesday,18:00,04:00,+10h,1.67,语法,4,
Lydia_014,小组课,Natalia,L003001,2026年3月3日,周二,martes,Tuesday,18:00,18:00,+0h,1.0,听力,12,完成本节内容
Mia_325,班课,Natalia,L003001,03/03/2026,周二,martes,Tuesday,18:00,05:00,+11h,1.0,语法,13,完成本节内容
Lydia_014,小组课,Natalia,L003002,2026-03-10,周二,martes,Tuesday,18:00,18:00,+0h,1.5,语法,3,需要加强口语练习
Mia_325,小组课,Natalia,L003002,2026年3月10日,周二,martes,Tuesday,18:00,04:00,+10h,1.5,复习,5,需要加强口语练习
Lydia_014,小组课,Natalia,L003003,2026/03/17,周二,martes,Tuesday,18:00,18:00,+0h,1.67,阅读,8,语法掌握一般
Mia_325,班课,Natalia,L003003,2026-03-17,周二,martes,Tuesday,18:00,04:00,+10h,1.67,口语,9,语法掌握一般
Lydia_014,班课,Natalia,L003004,2026年3月24日,周二,martes,Tuesday,18:00,18:00,+0h,1.67,语法,7,课堂参与积极
Mia_325,小组课,Natalia,L003004,03/24/2026,周二,martes,Tuesday,18:00,04:00,+10h,1.67,复习,12,课堂参与积极
Lydia_014,小组课,Natalia,L003005,2026/03/31,周二,martes,Tuesday,18:00,18:00,+0h,1.5,阅读,4,语法掌握一般
Mia_325,班课,Natalia,L003005,2026/03/31,周二,martes,Tuesday,18:00,03:00,+9h,1.5,阅读,14,语法掌握一般
Lydia_014,小组课,Natalia（教务）,L003006,04/07/2026,周二,martes,Tuesday,18:00,18:00,+0h,2.0,口语,11,课堂参与积极
Mia_325,班课,Natalia,L003006,2026年4月7日,周二,martes,Tuesday,18:00,02:00,+8h,2.0,阅读,1,课堂参与积极
Lydia_014,班课,Natalia,L003007,2026年4月14日,周二,martes,Tuesday,18:00,18:00,+0h,1.5,口语,12,完成本节内容
Mia_325,小组课,Natalia,L003007,2026/04/14,周二,martes,Tuesday,18:00,02:00,+8h,1.5,语法,2,完成本节内容
Lydia_014,小组课,Natalia,L003008,2026-04-21,周二,martes,Tuesday,18:00,18:00,+0h,1.0,复习,13,语法掌握一般
Mia_325,小组课,Natalia,L003008,2026-04-21,周二,martes,Tuesday,18:00,02:00,+8h,1.0,复习,9,语法掌握一般
Lydia_014,班课,Natalia（教务）,L003009,2026-04-28,周二,martes,Tuesday,18:00,18:00,+0h,1.0,听力,13,语法掌握一般
Mia_325,小组课,Natalia,L003009,2026-04-28,周二,martes,Tuesday,18:00,02:00,+8h,1.0,阅读,14,语法掌握一般
Lydia_014,小组课,Natalia,L003010,2026-05-05,周二,martes,Tuesday,18:00,18:00,+0h,1.67,复习,5,课堂参与积极
Mia_325,小组课,Natalia,L003010,2026/05/05,周二,martes,Tuesday,18:00,02:00,+8h,1.67,语法,6,课堂参与积极
Lydia_014,班课,Natalia,L003011,2026年5月12日,周二,martes,Tuesday,18:00,17:00,-1h,1.0,语法,6,课堂参与积极
Mia_325,小组课,Natalia,L003011,2026-05-12,周二,martes,Tuesday,18:00,02:00,+8h,1.0,语法,14,课堂参与积极
Lydia_014,小组课,Natalia,L003012,05/19/2026,周二,martes,Tuesday,18:00,18:00,+0h,1.5,复习,5,课堂参与积极
Mia325,班课,Natalia（教务）,L003012,05/19/2026,周二,martes,Tuesday,18:00,02:00,+8h,1.5,语法,1,课堂参与积极
Lydia_014,小组课,Natalia,L003013,2026/05/26,周二,martes,Tuesday,18:00,18:00,+0h,1.0,语法,14,完成本节内容
Mia_325,班课,Natalia,L003013,2026-05-26,周二,martes,Tuesday,18:00,02:00,+8h,1.0,语法,3,完成本节内容
Lydia014,小组课,Natalia,L003014,06/02/2026,周二,martes,Tuesday,18:00,18:00,+0h,1.5,语法,9,语法掌握一般
Mia325,小组课,Natalia,L003014,2026-06-02,周二,martes,Tuesday,18:00,23:00,+5h,1.5,阅读,6,语法掌握一般
Lydia_014,小组课,Natalia,L003015,2026-06-09,周二,martes,Tuesday,18:00,18:00,+0h,1.0,语法,1,需要加强口语练习
Mia_325（教务）,班课,Natalia,L003015,2026-06-09,周二,martes,Tuesday,18:00,02:00,+8h,1.0,口语,2,需要加强口语练习
Lydia_014,小组课,Natalia,L003016,06/16/2026,周二,martes,Tuesday,18:00,18:00,+0h,1.0,听力,9,完成本节内容
Mia_325,小组课,Natalia,L003016,2026/06/16,周二,martes,Tuesday,18:00,02:00,+8h,1.0,口语,5,完成本节内容
Lydia_014,班课,Natalia（教务）,L003017,06/23/2026,周二,martes,Tuesday,18:00,17:00,-1h,1.5,口语,1,语法掌握一般
Mia_325,班课,Natalia,L003017,06/23/2026,周二,martes,Tuesday,18:00,02:00,+8h,1.5,语法,12,语法掌握一般
Lydia_014,小组课,Natalia,L003018,06/30/2026,周二,martes,Tuesday,18:00,18:00,+0h,1.67,口语,10,课堂参与积极
Mia_325,小组课,Natalia,L003018,2026-06-30,周二,martes,Tuesday,18:00,02:00,+8h,1.67,听力,8,课堂参与积极
Lydia_014,班课,Natalia,L003019,2026-07-07,周二,martes,Tuesday,18:00,18:00,+0h,1.0,口语,1,需要加强口语练习
Mia_325,班课,Natalia,L003019,2026/07/07,周二,martes,Tuesday,18:00,02:00,+8h,1.0,复习,10,需要加强口语练习
Lydia_014,班课,Natalia,L003020,2026-07-14,周二,martes,Tuesday,18:00,18:00,+0h,1.0,语法,9,课堂参与积极
Mia_325,小组课,Natalia,L003020,2026-07-14,周二,martes,Tuesday,18:00,02:00,+8h,1.0,口语,2,课堂参与积极
Lydia_014,小组课,Natalia（教务）,L003021,2026/07/21,周二,martes,Tuesday,18:00,18:00,+0h,1.0,听力,5,完成本节内容
Mia_325,班课,Natalia,L003021,2026-07-21,周二,martes,Tuesday,18:00,02:00,+8h,1.0,口语,9,完成本节内容
Lydia_014,小组课,Natalia（教务）,L003022,2026-07-28,周二,martes,Tuesday,18:00,18:00,+0h,1.5,阅读,8,需要加强口语练习
Mia_325,小组课,Natalia,L003022,2026/07/28,周二,martes,Tuesday,18:00,02:00,+8h,1.5,语法,8,需要加强口语练习
Lydia014,小组课,Natalia,L003023,2026/08/04,周二,martes,Tuesday,18:00,18:00,+0h,1.0,语法,2,完成本节内容
Mia_325,班课,Natalia,L003023,2026-08-04,周二,martes,Tuesday,18:00,02:00,+8h,1.0,听力,14,完成本节内容
Lydia_014,小组课,Natalia,L003024,2026-08-11,周二,martes,Tuesday,18:00,18:00,+0h,1.0,语法,9,需要加强口语练习
Mia_325（教务）,小组课,Natalia,L003024,2026-08-11,周二,martes,Tuesday,18:00,02:00,+8h,1.0,阅读,6,需要加强口语练习
Lydia_014,班课,Natalia,L003025,2026-08-18,周二,martes,Tuesday,18:00,21:00,+3h,1.67,听力,5,
Mia_325,班课,Natalia,L003025,2026-08-18,周二,martes,Tuesday,18:00,02:00,+8h,1.67,语法,2,
Lydia_014,班课,Natalia,L003026,2026-08-25,周二,martes,Tuesday,18:00,18:00,+0h,2.0,口语,2,课堂参与积极
Mia_325,班课,Natalia,L003026,08/25/2026,周二,martes,Tuesday,18:00,02:00,+8h,2.0,语法,1,课堂参与积极
Tommy_204,小组课,Lucia,L003027,2025/06/29,周日,domingo,Sunday,18:00,18:00,+0h,1.0,语法,5,课堂参与积极
Ella_242（教务）,班课,Lucia,L003027,2025-06-29,周日,domingo,Sunday,18:00,18:00,+0h,1.0,复习,14,课堂参与积极
Tommy_204,小组课,Lucia,L003028,2025/07/06,周日,domingo,Sunday,18:00,18:00,+0h,1.0,阅读,3,完成本节内容
Ella_242（教务）,小组课,Lucia,L003028,2025-07-06,周日,domingo,Sunday,18:00,18:00,+0h,1.0,听力,8,完成本节内容
Tommy_204,班课,Lucia,L003029,2025/07/13,周日,domingo,Sunday,18:00,18:00,+0h,1.67,语法,9,完成本节内容
Ella_242,班课,Lucia,L003029,2025-07-13,周日,domingo,Sunday,18:00,18:00,+0h,1.67,口语,3,完成本节内容
Tommy_204,班课,Lucia,L003030,2025-07-20,周日,domingo,Sunday,18:00,18:00,+0h,1.67,听力,2,课堂参与积极
Ella_242,小组课,Lucia,L003030,2025-07-20,周日,domingo,Sunday,18:00,18:00,+0h,1.67,阅读,4,课堂参与积极
Tommy_204（教务）,班课,Lucia,L003031,2025/07/27,周日,domingo,Sunday,18:00,17:00,-1h,1.0,听力,10,课堂参与积极
Ella_242（教务）,班课,Lucia,L003031,2025/07/27,周日,domingo,Sunday,18:00,18:00,+0h,1.0,口语,7,课堂参与积极
Tommy_204,班课,Lucia,L003032,2025/08/03,周日,domingo,Sunday,18:00,18:00,+0h,2.0,口语,6,课堂参与积极
Ella_242,小组课,Lucia,L003032,2025/08/03,周日,domingo,Sunday,18:00,18:00,+0h,2.0,听力,1,课堂参与积极
Tommy_204,班课,Lucia,L003033,2025-08-10,周日,domingo,Sunday,18:00,18:00,+0h,1.5,阅读,5,完成本节内容
Ella_242,班课,Lucia,L003033,2025-08-10,周日,domingo,Sunday,18:00,18:00,+0h,1.5,口语,14,完成本节内容
Tommy_204（教务）,班课,Lucia,L003034,2025-08-17,周日,domingo,Sunday,18:00,18:00,+0h,1.0,语法,14,需要加强口语练习
Ella242,小组课,Lucia,L003034,2025/08/17,周日,domingo,Sunday,18:00,18:00,+0h,1.0,听力,12,需要加强口语练习
Tommy_204,班课,Lucia,L003035,2025-08-24,周日,domingo,Sunday,18:00,18:00,+0h,1.0,语法,14,完成本节内容
Ella_242,班课,Lucia（教务）,L003035,2025-08-24,周日,domingo,Sunday,18:00,18:00,+0h,1.0,复习,7,完成本节内容
Tommy204,小组课,Lucia,L003036,2025年8月31日,周日,domingo,Sunday,18:00,19:00,+1h,1.0,复习,13,完成本节内容
Ella242,班课,Lucia,L003036,2025-08-31,周日,domingo,Sunday,18:00,17:00,-1h,1.0,口语,8,完成本节内容
Tommy_204,班课,Lucia,L003037,2025-09-07,周日,domingo,Sunday,18:00,18:00,+0h,1.0,阅读,4,完成本节内容
Ella_242,小组课,Lucia,L003037,2025-09-07,周日,domingo,Sunday,18:00,18:00,+0h,1.0,复习,8,完成本节内容
Tommy_204,班课,Lucia,L003038,2025/09/14,周日,domingo,Sunday,18:00,18:00,+0h,1.0,阅读,11,课堂参与积极
Ella_242,小组课,Lucia,L003038,2025-09-14,周日,domingo,Sunday,18:00,18:00,+0h,1.0,口语,9,课堂参与积极
Tommy_204,班课,Lucia,L003039,2025年9月21日,周日,domingo,Sunday,18:00,18:00,+0h,1.0,复习,13,需要加强口语练习
Ella_242,班课,Lucia,L003039,2025年9月21日,周日,domingo,Sunday,18:00,18:00,+0h,1.0,语法,9,需要加强口语练习
Tommy_204,小组课,Lucia（教务）,L003040,2025/09/28,周日,domingo,Sunday,18:00,18:00,+0h,1.67,阅读,2,
Ella242,班课,Lucia,L003040,09/28/2025,周日,domingo,Sunday,18:00,18:00,+0h,1.67,阅读,4,
Tommy204,班课,Lucia（教务）,L003041,2025-10-05,周日,domingo,Sunday,18:00,18:00,+0h,1.0,口语,13,语法掌握一般
Ella_242,班课,Lucia,L003041,2025-10-05,周日,domingo,Sunday,18:00,18:00,+0h,1.0,口语,2,语法掌握一般
Tommy_204,班课,Lucia,L003042,2025-10-12,周日,domingo,Sunday,18:00,18:00,+0h,1.0,复习,1,完成本节内容
Ella_242,班课,Lucia,L003042,2025-10-12,周日,domingo,Sunday,18:00,18:00,+0h,1.0,阅读,3,完成本节内容
Tommy_204,小组课,Lucia,L003043,2025年10月19日,周日,domingo,Sunday,18:00,18:00,+0h,1.0,复习,6,完成本节内容
Ella_242,小组课,Lucia,L003043,2025/10/19,周日,domingo,Sunday,18:00,18:00,+0h,1.0,复习,8,完成本节内容
Tommy_204,小组课,Lucia,L003044,2025-10-26,周日,domingo,Sunday,18:00,17:00,-1h,1.5,听力,9,完成本节内容
Ella_242,班课,Lucia,L003044,2025年10月26日,周日,domingo,Sunday,18:00,18:00,+0h,1.5,复习,14,完成本节内容
Tommy_204,班课,Lucia,L003045,2025年11月2日,周日,domingo,Sunday,18:00,18:00,+0h,1.0,复习,4,语法掌握一般
Ella242,班课,Lucia,L003045,11/02/2025,周日,domingo,Sunday,18:00,17:00,-1h,1.0,语法,2,语法掌握一般
Tommy_204,班课,Lucia,L003046,2025年11月9日,周日,domingo,Sunday,18:00,18:00,+0h,1.5,口语,14,
Ella242,班课,Lucia,L003046,2025-11-09,周日,domingo,Sunday,18:00,18:00,+0h,1.5,复习,1,
Tommy_204,班课,Lucia（教务）,L003047,2025/11/16,周日,domingo,Sunday,18:00,19:00,+1h,1.5,语法,11,语法掌握一般
Ella242,小组课,Lucia（教务）,L003047,11/16/2025,周日,domingo,Sunday,18:00,18:00,+0h,1.5,听力,13,语法掌握一般
Tommy_204,小组课,Lucia,L003048,2025-11-23,周日,domingo,Sunday,18:00,18:00,+0h,1.0,听力,14,语法掌握一般
Ella_242,班课,Lucia,L003048,2025/11/23,周日,domingo,Sunday,18:00,18:00,+0h,1.0,语法,2,语法掌握一般
Tommy_204,小组课,Lucia,L003049,2025-11-30,周日,domingo,Sunday,18:00,18:00,+0h,1.0,复习,14,完成本节内容
Ella242,班课,Lucia,L003049,2025-11-30,周日,domingo,Sunday,18:00,18:00,+0h,1.0,口语,3,完成本节内容
Tommy_204,小组课,Lucia,L003050,2025年12月7日,周日,domingo,Sunday,18:00,16:00,-2h,1.67,口语,14,语法掌握一般
Ella_242（教务）,小组课,Lucia,L003050,2025/12/07,周日,domingo,Sunday,18:00,18:00,+0h,1.67,口语,7,语法掌握一般
Tommy_204（教务）,班课,Lucia,L003051,2025年12月14日,周日,domingo,Sunday,18:00,18:00,+0h,1.0,复习,14,课堂参与积极
Ella242,班课,Lucia,L003051,2025年12月14日,周日,domingo,Sunday,18:00,19:00,+1h,1.0,阅读,7,课堂参与积极
Tommy_204,班课,Lucia,L003052,2025-12-21,周日,domingo,Sunday,18:00,18:00,+0h,2.0,口语,5,课堂参与积极
Ella_242,班课,Lucia,L003052,2025-12-21,周日,domingo,Sunday,18:00,18:00,+0h,2.0,口语,8,课堂参与积极
Tommy_204,班课,Lucia,L003053,12/28/2025,周日,domingo,Sunday,18:00,18:00,+0h,1.0,复习,7,完成本节内容
Ella_242,小组课,Lucia,L003053,2025-12-28,周日,domingo,Sunday,18:00,18:00,+0h,1.0,语法,3,完成本节内容
Tommy_204（教务）,小组课,Lucia,L003054,01/04/2026,周日,domingo,Sunday,18:00,18:00,+0h,1.0,阅读,4,语法掌握一般
Ella_242（教务）,小组课,Lucia,L003054,2026/01/04,周日,domingo,Sunday,18:00,18:00,+0h,1.0,阅读,7,语法掌握一般
Tommy204,班课,Lucia,L003055,01/11/2026,周日,domingo,Sunday,18:00,18:00,+0h,1.67,语法,9,需要加强口语练习
Ella_242,小组课,Lucia,L003055,2026/01/11,周日,domingo,Sunday,18:00,18:00,+0h,1.67,阅读,1,需要加强口语练习
Tommy_204,班课,Lucia,L003056,2026-01-18,周日,domingo,Sunday,18:00,18:00,+0h,2.0,复习,7,完成本节内容
Ella242,班课,Lucia,L003056,01/18/2026,周日,domingo,Sunday,18:00,18:00,+0h,2.0,复习,8,完成本节内容
Tommy_204,小组课,Lucia,L003057,2026/01/25,周日,domingo,Sunday,18:00,17:00,-1h,1.67,口语,9,语法掌握一般
Ella_242,小组课,Lucia,L003057,01/25/2026,周日,domingo,Sunday,18:00,18:00,+0h,1.67,听力,7,语法掌握一般
Tommy204,小组课,Lucia,L003058,2026-02-01,周日,domingo,Sunday,18:00,18:00,+0h,1.5,口语,7,课堂参与积极
Ella242,班课,Lucia,L003058,2026年2月1日,周日,domingo,Sunday,18:00,18:00,+0h,1.5,语法,5,课堂参与积极
Tommy_204,小组课,Lucia,L003059,02/08/2026,周日,domingo,Sunday,18:00,18:00,+0h,1.0,语法,4,需要加强口语练习
Ella_242,小组课,Lucia,L003059,2026-02-08,周日,domingo,Sunday,18:00,19:00,+1h,1.0,语法,14,需要加强口语练习
Tommy_204,班课,Lucia,L003060,2026/02/15,周日,domingo,Sunday,18:00,18:00,+0h,1.5,语法,12,
Ella_242,班课,Lucia,L003060,2026-02-15,周日,domingo,Sunday,18:00,18:00,+0h,1.5,阅读,12,
Tommy_204,小组课,Lucia,L003061,2026/02/22,周日,domingo,Sunday,18:00,18:00,+0h,1.67,语法,14,语法掌握一般
Ella_242,小组课,Lucia（教务）,L003061,2026-02-22,周日,domingo,Sunday,18:00,17:00,-1h,1.67,语法,5,语法掌握一般
Tommy_204,班课,Lucia,L003062,2026/03/01,周日,domingo,Sunday,18:00,18:00,+0h,2.0,口语,13,语法掌握一般
Ella_242,小组课,Lucia,L003062,2026-03-01,周日,domingo,Sunday,18:00,19:00,+1h,2.0,复习,5,语法掌握一般
Tommy_204,班课,Lucia,L003063,03/08/2026,周日,domingo,Sunday,18:00,18:00,+0h,1.67,口语,11,课堂参与积极
Ella_242,班课,Lucia（教务）,L003063,03/08/2026,周日,domingo,Sunday,18:00,18:00,+0h,1.67,复习,6,课堂参与积极
Tommy204,班课,Lucia,L003064,2026年3月15日,周日,domingo,Sunday,18:00,18:00,+0h,1.67,口语,7,需要加强口语练习
Ella_242（教务）,班课,Lucia,L003064,2026/03/15,周日,domingo,Sunday,18:00,18:00,+0h,1.67,阅读,5,需要加强口语练习
Tommy_204,小组课,Lucia,L003065,2026-03-22,周日,domingo,Sunday,18:00,18:00,+0h,1.0,口语,10,完成本节内容
Ella_242,小组课,Lucia,L003065,2026/03/22,周日,domingo,Sunday,18:00,18:00,+0h,1.0,口语,14,完成本节内容
Tommy_204,班课,Lucia,L003066,2026年3月29日,周日,domingo,Sunday,18:00,18:00,+0h,1.67,听力,14,语法掌握一般
Ella_242,班课,Lucia,L003066,2026-03-29,周日,domingo,Sunday,18:00,18:00,+0h,1.67,复习,1,语法掌握一般
Tommy_204,小组课,Lucia,L003067,2026/04/05,周日,domingo,Sunday,18:00,18:00,+0h,2.0,口语,14,课堂参与积极
Ella_242,班课,Lucia（教务）,L003067,2026年4月5日,周日,domingo,Sunday,18:00,18:00,+0h,2.0,听力,10,课堂参与积极
Tommy_204,小组课,Lucia,L003068,2026-04-12,周日,domingo,Sunday,18:00,18:00,+0h,1.0,复习,13,需要加强口语练习
Ella_242,班课,Lucia,L003068,2026-04-12,周日,domingo,Sunday,18:00,18:00,+0h,1.0,阅读,12,需要加强口语练习
Tommy_204,班课,Lucia,L003069,2026年4月19日,周日,domingo,Sunday,18:00,18:00,+0h,1.0,阅读,13,完成本节内容
Ella242,小组课,Lucia,L003069,2026-04-19,周日,domingo,Sunday,18:00,18:00,+0h,1.0,语法,12,完成本节内容
Tommy_204（教务）,班课,Lucia,L003070,2026-04-26,周日,domingo,Sunday,18:00,18:00,+0h,2.0,口语,3,完成本节内容
Ella242,小组课,Lucia,L003070,2026年4月26日,周日,domingo,Sunday,18:00,21:00,+3h,2.0,口语,9,完成本节内容
Tommy_204,小组课,Lucia,L003071,2026-05-03,周日,domingo,Sunday,18:00,18:00,+0h,1.5,听力,14,完成本节内容
Ella_242（教务）,班课,Lucia,L003071,05/03/2026,周日,domingo,Sunday,18:00,21:00,+3h,1.5,听力,3,完成本节内容
Tommy_204,小组课,Lucia（教务）,L003072,2026年5月10日,周日,domingo,Sunday,18:00,18:00,+0h,1.67,听力,1,完成本节内容
Ella_242,班课,Lucia,L003072,2026年5月10日,周日,domingo,Sunday,18:00,18:00,+0h,1.67,语法,1,完成本节内容
Tommy_204,小组课,Lucia,L003073,2026/05/17,周日,domingo,Sunday,18:00,18:00,+0h,1.67,口语,13,需要加强口语练习
Ella_242,小组课,Lucia,L003073,2026-05-17,周日,domingo,Sunday,18:00,18:00,+0h,1.67,语法,5,需要加强口语练习
Tommy204,班课,Lucia,L003074,2026-05-24,周日,domingo,Sunday,18:00,18:00,+0h,1.0,阅读,5,完成本节内容
Ella_242,班课,Lucia,L003074,2026/05/24,周日,domingo,Sunday,18:00,18:00,+0h,1.0,语法,13,完成本节内容
Tommy_204,小组课,Lucia,L003075,2026-05-31,周日,domingo,Sunday,18:00,18:00,+0h,1.0,阅读,14,完成本节内容
Ella_242,班课,Lucia,L003075,2026/05/31,周日,domingo,Sunday,18:00,18:00,+0h,1.0,复习,12,完成本节内容
Tommy_204,班课,Lucia,L003076,2026年6月7日,周日,domingo,Sunday,18:00,18:00,+0h,1.0,听力,1,语法掌握一般
Ella_242,小组课,Lucia,L003076,2026-06-07,周日,domingo,Sunday,18:00,18:00,+0h,1.0,阅读,14,语法掌握一般
Tommy_204,小组课,Lucia,L003077,2026年6月14日,周日,domingo,Sunday,18:00,17:00,-1h,1.5,听力,9,完成本节内容
Ella_242,班课,Lucia,L003077,2026-06-14,周日,domingo,Sunday,18:00,18:00,+0h,1.5,语法,11,完成本节内容
Tommy_204,班课,Lucia,L003078,2026/06/21,周日,domingo,Sunday,18:00,18:00,+0h,1.5,听力,1,课堂参与积极
Ella_242,小组课,Lucia,L003078,2026/06/21,周日,domingo,Sunday,18:00,18:00,+0h,1.5,口语,12,课堂参与积极
Tommy_204,小组课,Lucia,L003079,2026-06-28,周日,domingo,Sunday,18:00,18:00,+0h,2.0,口语,7,课堂参与积极
Ella_242,班课,Lucia,L003079,2026-06-28,周日,domingo,Sunday,18:00,18:00,+0h,2.0,复习,13,课堂参与积极
Tommy_204,班课,Lucia,L003080,2026-07-05,周日,domingo,Sunday,18:00,18:00,+0h,1.67,口语,1,课堂参与积极
Ella_242,班课,Lucia（教务）,L003080,2026-07-05,周日,domingo,Sunday,18:00,16:00,-2h,1.67,语法,11,课堂参与积极
Tommy_204,班课,Lucia,L003081,2026年7月12日,周日,domingo,Sunday,18:00,18:00,+0h,1.0,阅读,14,
Ella_242,小组课,Lucia（教务）,L003081,07/12/2026,周日,domingo,Sunday,18:00,18:00,+0h,1.0,口语,8,
Tommy_204（教务）,小组课,Lucia,L003082,2026/07/19,周日,domingo,Sunday,18:00,18:00,+0h,1.67,口语,2,课堂参与积极
Ella_242,班课,Lucia,L003082,2026年7月19日,周日,domingo,Sunday,18:00,18:00,+0h,1.67,听力,14,课堂参与积极
Tommy_204,班课,Lucia,L003083,2026-07-26,周日,domingo,Sunday,18:00,17:00,-1h,1.5,复习,12,完成本节内容
Ella_242,班课,Lucia,L003083,2026年7月26日,周日,domingo,Sunday,18:00,18:00,+0h,1.5,语法,1,完成本节内容
Tommy_204,小组课,Lucia,L003084,2026年8月2日,周日,domingo,Sunday,18:00,19:00,+1h,2.0,口语,11,语法掌握一般
Ella_242,小组课,Lucia,L003084,08/02/2026,周日,domingo,Sunday,18:00,18:00,+0h,2.0,语法,5,语法掌握一般
Tommy_204,小组课,Lucia,L003085,2026-08-09,周日,domingo,Sunday,18:00,18:00,+0h,1.67,口语,11,需要加强口语练习
Ella_242,小组课,Lucia,L003085,2026-08-09,周日,domingo,Sunday,18:00,18:00,+0h,1.67,口语,6,需要加强口语练习
Tommy_204,小组课,Lucia,L003086,08/16/2026,周日,domingo,Sunday,18:00,18:00,+0h,1.0,阅读,12,完成本节内容
Ella_242（教务）,班课,Lucia（教务）,L003086,2026年8月16日,周日,domingo,Sunday,18:00,17:00,-1h,1.0,听力,1,完成本节内容
Tommy_204,班课,Lucia,L003087,2026-08-23,周日,domingo,Sunday,18:00,18:00,+0h,2.0,阅读,11,语法掌握一般
Ella_242,小组课,Lucia,L003087,2026/08/23,周日,domingo,Sunday,18:00,18:00,+0h,2.0,阅读,9,语法掌握一般
Tommy_204,班课,Lucia,L003088,2026-08-30,周日,domingo,Sunday,18:00,19:00,+1h,1.0,复习,2,完成本节内容
Ella_242,小组课,Lucia,L003088,2026/08/30,周日,domingo,Sunday,18:00,18:00,+0h,1.0,阅读,1,完成本节内容
Elva_213,小组课,Pilar（教务）,L000751,2026-01-30,周五,viernes,Friday,18:00,01:00,+7h,1.0,口语,2,课堂参与积极
Alice_349,班课,Sara（教务）,L002975,06/17/2026,周三,miércoles,Wednesday,15:00,21:00,+6h,1.0,阅读,12,完成本节内容
Nina_145,小组课,Alba,L001931,2026-02-22,周日,domingo,Sunday,18:00,09:00,-9h,1.0,口语,7,语法掌握一般
Liam_441,小组课,Javier,L002828,2025年11月9日,周日,domingo,Sunday,16:00,16:00,+0h,1.0,阅读,13,完成本节内容
Leo026,小组课,Anna,L002481,2025-11-27,周四,jueves,Thursday,17:00,08:00,-9h,1.0,听力,14,课堂参与积极
Liam291,班课,Anna,L001853,2026/07/02,周四,jueves,Thursday,15:00,21:00,+6h,1.0,语法,12,完成本节内容
Ava_135（教务）,班课,Rocio,L002295,2026/07/24,周五,viernes,Friday,08:00,07:00,-1h,1.0,语法,11,语法掌握一般
Alice_249,小组课,Javier,L001115,2026/05/10,周日,domingo,Sunday,16:00,00:00,+8h,1.0,复习,2,完成本节内容
Hannah_165,班课,Pablo,L001449,2025/05/21,周三,miércoles,Wednesday,18:00,02:00,+8h,1.67,口语,6,课堂参与积极
Lawrence_074,小组课,Daniel（教务）,L002225,2026年8月6日,周四,jueves,Thursday,13:00,18:00,+5h,1.0,复习,11,语法掌握一般
Wilson_066,小组课,Sara,L002761,2026-04-22,周三,miércoles,Wednesday,11:00,19:00,+8h,1.67,阅读,12,完成本节内容
Jason_194,小组课,Pablo,L001917,2026-07-29,周三,miércoles,Wednesday,18:00,12:00,-6h,1.67,复习,9,课堂参与积极
Ethan130,班课,Sandra,L000557,2026-01-11,周日,domingo,Sunday,15:00,22:00,+7h,1.67,听力,11,课堂参与积极
Alice_449（教务）,私教,Alba,L000408,2025-09-30,周二,martes,Tuesday,09:00,15:00,+6h,1.67,复习,11,完成本节内容
Ella_442,1V1,Natalia,L000269,2026年1月6日,周二,martes,Tuesday,16:00,23:00,+7h,1.0,语法,4,需要加强口语练习
Mia_275,小组课,Pablo,L001909,06/03/2026,周三,miércoles,Wednesday,18:00,02:00,+8h,1.67,语法,14,
Noah_178,班课,Elena,L002537,2025/11/19,周三,miércoles,Wednesday,08:00,15:00,+7h,1.0,复习,6,完成本节内容
Lucy356,班课,Pilar,L002060,2025年12月21日,周日,domingo,Sunday,08:00,07:00,-1h,1.0,复习,3,需要加强口语练习
Sarah_248,私教,Alba,L001321,2026/02/09,周一,lunes,Monday,20:00,06:00,+10h,1.67,语法,13,课堂参与积极
Luna_233,班课,Alba,L002895,2025年9月28日,周日,domingo,Sunday,18:00,18:00,+0h,1.0,复习,4,课堂参与积极
Nina_145（教务）,小组课,Alba,L001952,2026/07/19,周日,domingo,Sunday,18:00,09:00,-9h,1.67,阅读,10,需要加强口语练习
Lawrence_224,班课,Sara,L002954,2026-01-21,周三,miércoles,Wednesday,15:00,09:00,-6h,1.0,语法,12,
Emma_477（教务）,班课,Rocio,L002277,2026年3月20日,周五,viernes,Friday,08:00,07:00,-1h,1.0,阅读,5,完成本节内容
Snow_369,班课,Anna,L002455,2025-05-29,周四,jueves,Thursday,17:00,23:00,+6h,1.0,语法,8,
Lydia214,班课,Pilar,L001626,08/30/2026,周日,domingo,Sunday,14:00,22:00,+8h,1.67,复习,8,完成本节内容
Grace_337,班课,Javier,L001090,2025-11-16,周日,domingo,Sunday,16:00,16:00,+0h,1.67,阅读,10,完成本节内容
Nina_345,班课,Carlos,L000128,01/15/2026,周四,jueves,Thursday,17:00,17:00,+0h,1.67,听力,14,语法掌握一般
Ivy489,班课,Elena,L002543,12/31/2025,周三,miércoles,Wednesday,08:00,15:00,+7h,1.5,阅读,1,语法掌握一般
Tommy_304,小组课,Rocio,L000179,06/15/2026,周一,lunes,Monday,18:00,17:00,-1h,2.0,听力,1,需要加强口语练习
Nina295,班课,Daniel,L002219,2026/06/25,周四,jueves,Thursday,13:00,13:00,+0h,1.0,听力,3,语法掌握一般
Isabela_320,小组课,Miguel,L002602,2025-12-14,周日,domingo,Sunday,15:00,22:00,+7h,2.0,听力,12,语法掌握一般
Jack218,班课,Pilar,L001991,2025-12-30,周二,martes,Tuesday,16:00,07:00,-9h,2.0,语法,2,需要加强口语练习
Sarah248,私教,Alba,L001331,2026-04-20,周一,lunes,Monday,20:00,06:00,+10h,1.67,口语,11,课堂参与积极
Sarah_298,班课,Natalia,L000062,2026年2月14日,周六,sábado,Saturday,18:00,01:00,+7h,1.0,语法,6,需要加强口语练习
Sarah_248,一对一,Alba,L001314,2025年12月22日,周一,lunes,Monday,20:00,06:00,+10h,1.0,口语,9,完成本节内容
Isabela_520,小组课,Pilar,L001983,2025年11月4日,周二,martes,Tuesday,16:00,15:00,-1h,1.0,阅读,7,需要加强口语练习
Hannah_365（教务）,班课,Miguel,L002139,2026/04/12,周日,domingo,Sunday,15:00,09:00,-6h,1.0,听力,12,课堂参与积极
Xuan_508,小组课,Rocio,L002665,2025/09/26,周五,viernes,Friday,12:00,18:00,+6h,1.0,语法,6,
Elynn_473,班课,Rocio,L002653,2025年7月4日,周五,viernes,Friday,12:00,18:00,+6h,1.67,语法,10,需要加强口语练习
Noah178,班课,Elena,L002572,2026年7月22日,周三,miércoles,Wednesday,08:00,14:00,+6h,1.67,听力,9,完成本节内容
Xuan_508,小组课,Rocio,L002663,09/12/2025,周五,viernes,Friday,12:00,18:00,+6h,1.67,复习,3,完成本节内容
Wilson116,小组课,Javier,L001112,2026/04/19,周日,domingo,Sunday,16:00,07:00,-9h,2.0,复习,6,完成本节内容
Nina_345,班课,Carlos,L000107,08/21/2025,周四,jueves,Thursday,17:00,17:00,+0h,1.0,语法,1,语法掌握一般
Tiger_010,班课,Javier,L000390,2026-08-18,周二,martes,Tuesday,09:00,15:00,+6h,1.0,复习,10,
Brian409,小组课,Sara,L002720,2025/07/09,周三,miércoles,Wednesday,11:00,20:00,+9h,1.0,听力,1,
Isabela_470,班课,Javier,L000862,2026-07-09,周四,jueves,Thursday,09:00,00:00,-9h,2.0,听力,8,课堂参与积极
Ella042,小组课,Pilar,L000768,2026/05/29,周五,viernes,Friday,18:00,23:00,+5h,1.0,听力,2,完成本节内容
Tommy_054,班课,Carlos,L000116,2025/10/23,周四,jueves,Thursday,17:00,23:00,+6h,1.0,口语,10,完成本节内容
Lydia_514,1V1,Natalia,L000609,2026/04/04,周六,sábado,Saturday,18:00,18:00,+0h,1.5,复习,6,语法掌握一般
Mia_275,小组课,Pablo,L001901,2026-04-08,周三,miércoles,Wednesday,18:00,02:00,+8h,1.67,口语,2,完成本节内容
Brian_409,班课,Sara（教务）,L002728,2025/09/03,周三,miércoles,Wednesday,11:00,17:00,+6h,1.5,阅读,6,课堂参与积极
Lucy_306,班课,Pilar,L001993,01/13/2026,周二,martes,Tuesday,16:00,10:00,-6h,1.0,阅读,2,完成本节内容
Sofia_205,小组课,Miguel,L002613,2026-03-01,周日,domingo,Sunday,15:00,15:00,+0h,1.0,阅读,2,完成本节内容
Olivia_179,小组课,Anna,L002496,2026年3月12日,周四,jueves,Thursday,17:00,00:00,+7h,1.0,口语,14,需要加强口语练习
Luis_153,1V1,Sara,L001600,2026/05/13,周三,miércoles,Wednesday,15:00,15:00,+0h,1.5,语法,8,完成本节内容
Alice_449,私教,Alba（教务）,L000393,2025年6月17日,周二,martes,Tuesday,09:00,15:00,+6h,1.5,语法,14,语法掌握一般
Ella_242,小组课,Lucia,L003065,2026/03/22,周日,domingo,Sunday,18:00,18:00,+0h,1.0,口语,14,完成本节内容
Etta271,班课,Pilar,L001971,2025-08-12,周二,martes,Tuesday,16:00,16:00,+0h,1.5,复习,4,需要加强口语练习
Henry_190,私教,Pilar,L001687,2026-04-17,周五,viernes,Friday,18:00,00:00,+6h,1.0,复习,9,完成本节内容
Chloe_431,班课,Pablo,L001506,2026年6月24日,周三,miércoles,Wednesday,18:00,09:00,-9h,1.0,口语,3,完成本节内容
Sarah_248,一对一,Alba（教务）,L001342,2026-07-06,周一,lunes,Monday,20:00,04:00,+8h,1.5,语法,7,课堂参与积极
Liam291,班课,Anna,L001810,2025/09/04,周四,jueves,Thursday,15:00,21:00,+6h,1.67,口语,5,语法掌握一般
Nina_395,小组课,Javier（教务）,L000379,2026-06-02,周二,martes,Tuesday,09:00,07:00,-2h,1.0,阅读,13,课堂参与积极
Alfred022,班课,Javier,L000837,2026-01-15,周四,jueves,Thursday,09:00,03:00,-6h,2.0,阅读,9,需要加强口语练习
Henry190,一对一,Pilar,L001695,2026/06/12,周五,viernes,Friday,18:00,00:00,+6h,1.0,语法,8,需要加强口语练习
Luis_153,1V1,Sara,L001610,07/22/2026,周三,miércoles,Wednesday,15:00,15:00,+0h,1.0,复习,9,课堂参与积极
Kevin_397,小组课,Javier,L000382,06/23/2026,周二,martes,Tuesday,09:00,10:00,+1h,2.0,语法,12,完成本节内容
Elva263,小组课,Elena（教务）,L001733,2025-07-23,周三,miércoles,Wednesday,08:00,23:00,-9h,1.0,复习,4,课堂参与积极
Sarah_248,私教,Alba,L001313,12/15/2025,周一,lunes,Monday,20:00,06:00,+10h,1.67,口语,8,语法掌握一般
Luna_133,小组课,Javier,L000387,2026年7月28日,周二,martes,Tuesday,09:00,00:00,-9h,1.0,口语,2,需要加强口语练习
Mia_325,班课,Natalia,L002994,2026-01-13,周二,martes,Tuesday,18:00,04:00,+10h,1.0,口语,7,语法掌握一般
Eric_396,私教,Carmen,L001226,2026-01-23,周五,viernes,Friday,10:00,10:00,+0h,1.5,口语,3,完成本节内容
Mason_188,小组课,Anna,L001848,2026-05-28,周四,jueves,Thursday,15:00,09:00,-6h,1.0,阅读,2,完成本节内容
Alfred472,班课,Elena,L002345,2026/07/08,周三,miércoles,Wednesday,08:00,16:00,+8h,1.67,语法,5,完成本节内容
Ryan282,小组课,Anna,L001840,04/02/2026,周四,jueves,Thursday,15:00,21:00,+6h,1.0,语法,11,课堂参与积极
Snow_369,班课,Anna,L002498,2026年3月26日,周四,jueves,Thursday,17:00,00:00,+7h,1.5,阅读,6,课堂参与积极
Henry_490,班课,Sara（教务）,L002951,2025年12月31日,周三,miércoles,Wednesday,15:00,14:00,-1h,1.0,听力,3,完成本节内容
Mia_475,小组课,Sara,L002744,2025年12月24日,周三,miércoles,Wednesday,11:00,10:00,-1h,1.0,阅读,3,需要加强口语练习
Liam291,班课,Anna,L001819,2025/11/06,周四,jueves,Thursday,15:00,22:00,+7h,1.5,语法,5,
Tiger_460,私教,Rocio,L000015,2026/01/10,周六,sábado,Saturday,10:00,17:00,+7h,1.0,语法,6,语法掌握一般
Nina_295,小组课,Daniel,L002204,2026年3月12日,周四,jueves,Thursday,13:00,12:00,-1h,1.0,语法,1,完成本节内容
Alfred222,班课,Anna,L002471,2025-09-18,周四,jueves,Thursday,17:00,17:00,+0h,1.0,阅读,11,课堂参与积极
Nina345,小组课,Carlos,L000106,2025/08/14,周四,jueves,Thursday,17:00,17:00,+0h,1.0,语法,4,需要加强口语练习
Luis053,小组课,Pilar,L000647,07/24/2026,周五,viernes,Friday,18:00,00:00,+6h,1.0,口语,8,
Tiger_460,1V1,Rocio,L000041,2026年7月11日,周六,sábado,Saturday,10:00,16:00,+6h,1.0,口语,4,课堂参与积极
Etta_321（教务）,小组课,Anna,L002474,2025-10-09,周四,jueves,Thursday,17:00,17:00,+0h,1.0,复习,8,课堂参与积极
Jerry217,小组课,Pablo,L001481,2025-12-31,周三,miércoles,Wednesday,18:00,10:00,-8h,1.67,口语,13,需要加强口语练习
Mia_475,班课,Sara,L002719,2025年7月2日,周三,miércoles,Wednesday,11:00,10:00,-1h,1.5,语法,9,需要加强口语练习
Chloe_431,班课,Pablo,L001498,2026-04-29,周三,miércoles,Wednesday,18:00,09:00,-9h,1.0,复习,11,课堂参与积极
Alice_399（教务）,班课,Elena,L002318,2025/12/31,周三,miércoles,Wednesday,08:00,08:00,+0h,2.0,阅读,7,语法掌握一般
Lucy_356,小组课,Pilar,L002032,2025-06-08,周日,domingo,Sunday,08:00,06:00,-2h,1.5,听力,14,完成本节内容
Eric046,小组课,Elena,L001754,2025年12月17日,周三,miércoles,Wednesday,08:00,08:00,+0h,1.0,语法,3,课堂参与积极
Alfred_222（教务）,小组课,Anna,L002457,2025年6月12日,周四,jueves,Thursday,17:00,17:00,+0h,1.67,语法,10,
Etta_321,班课,Anna,L002479,11/13/2025,周四,jueves,Thursday,17:00,17:00,+0h,1.0,阅读,3,课堂参与积极
Isabela_520（教务）,班课,Pilar,L001985,11/18/2025,周二,martes,Tuesday,16:00,15:00,-1h,1.0,阅读,8,语法掌握一般
Luna033,班课,Alba,L002884,07/13/2025,周日,domingo,Sunday,18:00,02:00,+8h,1.0,语法,12,语法掌握一般
Isabela070,班课,Pilar,L002021,2026-07-28,周二,martes,Tuesday,16:00,10:00,-6h,1.0,阅读,8,需要加强口语练习
Elynn_473（教务）,小组课,Rocio,L002709,2026年7月31日,周五,viernes,Friday,12:00,18:00,+6h,2.0,口语,2,课堂参与积极
Grace_337,小组课,Javier,L001093,2025-12-07,周日,domingo,Sunday,16:00,16:00,+0h,2.0,口语,11,完成本节内容
Oscar_336,小组课,Daniel,L002189,2025-11-27,周四,jueves,Thursday,13:00,13:00,+0h,1.0,语法,8,课堂参与积极
Liam_141（教务）,私教,Marina,L001006,2026/03/24,周二,martes,Tuesday,10:00,20:00,+10h,1.0,口语,10,完成本节内容
Alice_349,班课,Sara,L002947,2025年12月3日,周三,miércoles,Wednesday,15:00,22:00,+7h,1.5,复习,10,需要加强口语练习
Sofia_355（教务）,班课,Pilar,L000731,2025-09-12,周五,viernes,Friday,18:00,12:00,-6h,1.5,语法,8,语法掌握一般
Patrick_507,小组课,Sara（教务）,L002722,2025-07-23,周三,miércoles,Wednesday,11:00,11:00,+0h,1.0,口语,1,完成本节内容
Nina_345,班课,Carlos（教务）,L000118,2025-11-06,周四,jueves,Thursday,17:00,17:00,+0h,2.0,口语,8,需要加强口语练习
Daniel_034,小组课,Sandra,L000655,2025/11/29,周六,sábado,Saturday,17:00,00:00,+7h,1.67,听力,12,完成本节内容
Wilson_066,班课,Sara,L002736,2025-10-29,周三,miércoles,Wednesday,11:00,21:00,+10h,1.67,口语,7,语法掌握一般
Crystal_362,小组课,Rocio,L002269,2026-01-23,周五,viernes,Friday,08:00,15:00,+7h,1.0,口语,7,语法掌握一般
Mia_375,小组课,Anna,L001800,2025/06/26,周四,jueves,Thursday,15:00,09:00,-6h,1.5,口语,2,课堂参与积极
Sarah_248,一对一,Alba,L001322,2026-02-16,周一,lunes,Monday,20:00,07:00,+11h,1.0,听力,3,语法掌握一般
Noah_278,1V1,Carmen,L000593,2026-08-15,周六,sábado,Saturday,18:00,00:00,+6h,1.5,语法,8,需要加强口语练习
Emma_477,小组课,Rocio,L002251,2025年9月19日,周五,viernes,Friday,08:00,04:00,-4h,1.0,阅读,8,语法掌握一般
Lucy_056（教务）,小组课,Anna,L002456,06/05/2025,周四,jueves,Thursday,17:00,16:00,-1h,1.0,语法,5,完成本节内容
Emma_377,班课,Daniel,L002183,2025-10-16,周四,jueves,Thursday,13:00,13:00,+0h,1.67,口语,3,完成本节内容
Lydia_014,班课,Natalia,L002986,2025-11-18,周二,martes,Tuesday,18:00,18:00,+0h,1.0,听力,7,语法掌握一般
Xuan_508,小组课,Rocio,L002707,2026/07/17,周五,viernes,Friday,12:00,18:00,+6h,2.0,口语,6,需要加强口语练习
Isabela_520,班课,Pilar,L002011,2026/05/19,周二,martes,Tuesday,16:00,14:00,-2h,1.67,复习,8,需要加强口语练习
Olivia179,小组课,Anna（教务）,L002510,2026/06/18,周四,jueves,Thursday,17:00,23:00,+6h,1.67,听力,7,课堂参与积极
Lydia_514,1V1,Natalia,L000621,2026年6月27日,周六,sábado,Saturday,18:00,18:00,+0h,1.67,语法,6,完成本节内容
Lucas_202,小组课,Miguel,L002111,2025-09-28,周日,domingo,Sunday,15:00,14:00,-1h,1.0,听力,6,完成本节内容
Henry_190,私教,Pilar,L001653,2025/08/22,周五,viernes,Friday,18:00,00:00,+6h,1.0,语法,9,语法掌握一般
Tommy_454,班课,Rocio,L000186,2026-08-03,周一,lunes,Monday,18:00,00:00,+6h,1.5,听力,14,需要加强口语练习
Luna_033,小组课,Alba,L002871,2025/04/13,周日,domingo,Sunday,18:00,02:00,+8h,1.0,复习,3,完成本节内容
Emma_477,班课,Rocio,L002296,2026/07/31,周五,viernes,Friday,08:00,07:00,-1h,1.67,听力,2,需要加强口语练习
Elynn_473,小组课,Rocio,L002646,2025-05-16,周五,viernes,Friday,12:00,18:00,+6h,1.0,语法,9,需要加强口语练习
Noah178,小组课,Elena,L002551,2026/02/25,周三,miércoles,Wednesday,08:00,15:00,+7h,1.0,复习,13,
Wilson_066,小组课,Sara,L002719,07/02/2025,周三,miércoles,Wednesday,11:00,18:00,+7h,1.5,复习,1,需要加强口语练习
Eric_196,小组课,Miguel,L002627,06/07/2026,周日,domingo,Sunday,15:00,15:00,+0h,1.5,听力,14,完成本节内容
Mia_025（教务）,班课,Carmen,L000327,2025年10月31日,周五,viernes,Friday,10:00,02:00,-8h,1.0,复习,11,课堂参与积极
Crystal_362,小组课,Rocio,L002242,2025-07-18,周五,viernes,Friday,08:00,14:00,+6h,1.0,语法,10,完成本节内容
Hannah_015（教务）,班课,Javier,L000975,2026-07-03,周五,viernes,Friday,16:00,17:00,+1h,1.5,语法,11,完成本节内容
Tommy_304,班课,Rocio,L000165,2026/03/09,周一,lunes,Monday,18:00,17:00,-1h,1.0,语法,11,需要加强口语练习
Olivia_429,一对一,Pilar,L001633,2026-07-19,周日,domingo,Sunday,14:00,13:00,-1h,1.0,口语,8,完成本节内容
Jerry_217,班课,Pablo,L001462,2025-08-20,周三,miércoles,Wednesday,18:00,09:00,-9h,1.67,语法,4,需要加强口语练习
Hannah_015,班课,Javier,L000966,2026年5月1日,周五,viernes,Friday,16:00,16:00,+0h,1.5,听力,10,完成本节内容
Lucy_356,班课,Pilar,L002036,2025-07-06,周日,domingo,Sunday,08:00,07:00,-1h,1.0,复习,11,需要加强口语练习
Oscar_336,小组课,Daniel,L002210,2026-04-23,周四,jueves,Thursday,13:00,13:00,+0h,1.0,听力,9,完成本节内容
Jason_194,小组课,Pablo,L001919,2026/08/12,周三,miércoles,Wednesday,18:00,12:00,-6h,1.5,口语,8,
Elynn_473,班课,Rocio,L002701,2026-06-05,周五,viernes,Friday,12:00,18:00,+6h,1.0,口语,10,
Alice_249,班课,Javier,L001106,2026/03/08,周日,domingo,Sunday,16:00,02:00,+10h,1.0,语法,13,
Elva_213,班课,Pilar,L000733,2025-09-26,周五,viernes,Friday,18:00,00:00,+6h,1.0,语法,9,需要加强口语练习
Lydia_014,班课,Natalia,L002995,2026年1月20日,周二,martes,Tuesday,18:00,18:00,+0h,1.0,听力,14,完成本节内容
Elynn_173,小组课,Pablo（教务）,L001892,2026/02/04,周三,miércoles,Wednesday,18:00,18:00,+0h,1.5,口语,3,需要加强口语练习
Elva213,班课,Pilar,L000781,2026-08-28,周五,viernes,Friday,18:00,01:00,+7h,1.0,口语,12,需要加强口语练习
Mia_475,小组课,Sara,L002770,2026-06-24,周三,miércoles,Wednesday,11:00,10:00,-1h,1.0,听力,6,语法掌握一般
Etta_321,小组课,Anna,L002462,2025-07-17,周四,jueves,Thursday,17:00,18:00,+1h,1.5,听力,5,需要加强口语练习
MIA_375,班课,Anna,L001825,2025-12-18,周四,jueves,Thursday,15:00,09:00,-6h,2.0,语法,5,需要加强口语练习
TOMMY_454,小组课,Rocio,L000161,2026-02-09,周一,lunes,Monday,18:00,01:00,+7h,2.0,复习,4,语法掌握一般
MIA_275,小组课,Pablo,L001878,2025/10/29,周三,miércoles,Wednesday,18:00,04:00,+10h,1.67,阅读,9,语法掌握一般
LYDIA_264,班课,Elena,L001775,2026/05/13,周三,miércoles,Wednesday,08:00,08:00,+0h,1.0,听力,14,需要加强口语练习
LUCAS_252,班课,Elena,L001782,2026-07-01,周三,miércoles,Wednesday,08:00,08:00,+0h,2.0,语法,7,需要加强口语练习
NINA_145,班课,Alba,L001932,2026-03-01,周日,domingo,Sunday,18:00,09:00,-9h,1.67,语法,12,
MASON_388,私教,Sara,L000797,2026/07/01,周三,miércoles,Wednesday,15:00,06:00,-9h,1.67,语法,10,语法掌握一般
XUAN_508,小组课,Rocio,L002656,2025-07-25,周五,viernes,Friday,12:00,18:00,+6h,1.0,阅读,13,课堂参与积极
HENRY190,私教,Pilar,L001674,2026/01/16,周五,viernes,Friday,18:00,01:00,+7h,1.0,口语,4,需要加强口语练习
AVA135,小组课,Rocio,L002287,2026-05-29,周五,viernes,Friday,08:00,07:00,-1h,1.0,复习,2,需要加强口语练习
HENRY_090,班课,Sara,L001416,2026年1月28日,周三,miércoles,Wednesday,15:00,22:00,+7h,2.0,阅读,13,课堂参与积极
ALFRED_222,小组课,Anna,L002480,2025/11/20,周四,jueves,Thursday,17:00,17:00,+0h,1.0,口语,9,语法掌握一般
CRYSTAL_512,班课,Carmen,L000814,2026-07-11,周六,sábado,Saturday,18:00,18:00,+0h,1.0,听力,11,
HENRY_090,小组课,Sara,L001392,2025-08-13,周三,miércoles,Wednesday,15:00,21:00,+6h,1.67,复习,1,完成本节内容
ZOE_393（教务）,小组课,Sara,L002752,02/18/2026,周三,miércoles,Wednesday,11:00,11:00,+0h,1.0,语法,12,完成本节内容
BRIAN_009,班课,Sandra,L002405,2026-07-20,周一,lunes,Monday,11:00,10:00,-1h,1.0,口语,1,
LAWRENCE074,小组课,Daniel（教务）,L002185,2025/10/30,周四,jueves,Thursday,13:00,20:00,+7h,1.67,语法,14,课堂参与积极
NINA_245,班课,Pilar,L002068,2026-02-15,周日,domingo,Sunday,08:00,17:00,+9h,1.0,语法,12,
ETTA_321,小组课,Anna,L002476,2025/10/23,周四,jueves,Thursday,17:00,17:00,+0h,1.67,听力,6,语法掌握一般
ALICE_099,私教,Sandra（教务）,L000192,2026/05/12,周二,martes,Tuesday,18:00,17:00,-1h,1.0,阅读,1,语法掌握一般
ALICE_249,班课,Javier,L001104,02/22/2026,周日,domingo,Sunday,16:00,03:00,+11h,1.67,复习,8,需要加强口语练习
ALICE_449,私教,Alba,L000441,2026年5月19日,周二,martes,Tuesday,09:00,15:00,+6h,1.0,复习,6,完成本节内容
EMMA_377,小组课,Daniel,L002196,2026/01/15,周四,jueves,Thursday,13:00,13:00,+0h,1.0,复习,12,语法掌握一般
AVA_135,小组课,Rocio,L002259,2025年11月14日,周五,viernes,Friday,08:00,07:00,-1h,1.5,口语,14,需要加强口语练习
TOMMY_304,班课,Rocio,L000172,2026-04-27,周一,lunes,Monday,18:00,17:00,-1h,2.0,语法,6,课堂参与积极
ERIC_196,班课,Miguel,L002608,2026/01/25,周日,domingo,Sunday,15:00,15:00,+0h,1.67,语法,12,语法掌握一般
PATRICK_007,小组课,Anna,L001844,2026-04-30,周四,jueves,Thursday,15:00,14:00,-1h,1.0,口语,7,完成本节内容
MIA_375,小组课,Anna,L001810,2025-09-04,周四,jueves,Thursday,15:00,09:00,-6h,1.67,阅读,13,语法掌握一般
ISABELA_520,班课,Pilar,L001979,2025年10月7日,周二,martes,Tuesday,16:00,15:00,-1h,1.5,语法,5,完成本节内容
MIA_375,班课,Anna,L001846,2026/05/14,周四,jueves,Thursday,15:00,09:00,-6h,1.67,听力,13,课堂参与积极
SARAH_148,班课,Alba,L001924,2026-01-04,周日,domingo,Sunday,18:00,12:00,-6h,1.67,听力,4,完成本节内容
LIAM_391,班课,Alba,L001949,06/28/2026,周日,domingo,Sunday,18:00,09:00,-9h,1.67,口语,5,课堂参与积极
NINA345,小组课,Carlos,L000135,2026年3月5日,周四,jueves,Thursday,17:00,17:00,+0h,1.67,口语,8,
SOFIA_205,班课,Miguel（教务）,L002632,2026年7月12日,周日,domingo,Sunday,15:00,15:00,+0h,1.0,阅读,1,语法掌握一般
DANIEL_234（教务）,小组课,Javier,L000938,2025/10/17,周五,viernes,Friday,16:00,16:00,+0h,1.0,语法,4,完成本节内容
OLIVIA_179,班课,Anna,L002468,2025-08-28,周四,jueves,Thursday,17:00,23:00,+6h,1.5,阅读,6,课堂参与积极
NINA_195,私教,Raul,L001145,2025/10/01,周三,miércoles,Wednesday,16:00,00:00,+8h,1.5,复习,8,完成本节内容
ELYNN_473,班课,Rocio,L002697,2026-05-08,周五,viernes,Friday,12:00,18:00,+6h,1.67,复习,3,需要加强口语练习
LUCY356,班课,Pilar,L002039,2025-07-27,周日,domingo,Sunday,08:00,07:00,-1h,1.0,口语,11,完成本节内容
ALFRED_222,小组课,Anna,L002474,10/09/2025,周四,jueves,Thursday,17:00,17:00,+0h,1.0,复习,7,课堂参与积极
HANNAH_365,小组课,Miguel,L002132,02/22/2026,周日,domingo,Sunday,15:00,09:00,-6h,2.0,听力,9,语法掌握一般
CHLOE_381,班课,Rocio,L002697,2026/05/08,周五,viernes,Friday,12:00,11:00,-1h,1.67,语法,12,需要加强口语练习
GRACE_437,小组课,Rocio,L002233,2025年5月16日,周五,viernes,Friday,08:00,14:00,+6h,1.67,复习,11,语法掌握一般
LUNA_133,班课,Javier,L000374,2026-04-28,周二,martes,Tuesday,09:00,00:00,-9h,1.67,阅读,7,需要加强口语练习
ETTA_321,班课,Anna（教务）,L002513,2026年7月9日,周四,jueves,Thursday,17:00,17:00,+0h,1.0,复习,13,课堂参与积极
GRACE_437,小组课,Rocio,L002277,2026年3月20日,周五,viernes,Friday,08:00,15:00,+7h,1.0,复习,3,完成本节内容
ETTA_271,班课,Pilar（教务）,L001982,2025-10-28,周二,martes,Tuesday,16:00,16:00,+0h,1.0,语法,14,语法掌握一般
ISABELA_370,班课,Alba,L002917,2026年3月1日,周日,domingo,Sunday,18:00,17:00,-1h,1.0,阅读,4,需要加强口语练习
ALFRED472,班课,Elena（教务）,L002318,2025-12-31,周三,miércoles,Wednesday,08:00,18:00,+10h,2.0,复习,1,语法掌握一般
PATRICK_507,小组课,Sara,L002728,2025-09-03,周三,miércoles,Wednesday,11:00,11:00,+0h,1.5,语法,2,课堂参与积极
JACK_218,小组课,Pilar（教务）,L002019,2026/07/14,周二,martes,Tuesday,16:00,07:00,-9h,1.67,听力,9,
ALFRED022,小组课,Javier,L000838,2026/01/22,周四,jueves,Thursday,09:00,03:00,-6h,1.67,复习,6,需要加强口语练习
LUCY_156,小组课,Sara,L002437,2026-06-18,周四,jueves,Thursday,15:00,14:00,-1h,1.67,阅读,5,语法掌握一般
ALICE449,私教,Alba,L000453,08/11/2026,周二,martes,Tuesday,09:00,15:00,+6h,1.0,口语,5,需要加强口语练习
LUCY_206,私教,Natalia,L001350,2025-12-29,周一,lunes,Monday,14:00,05:00,-9h,1.0,阅读,6,完成本节内容
WILSON_066,小组课,Sara,L002757,2026-03-25,周三,miércoles,Wednesday,11:00,21:00,+10h,1.0,口语,2,完成本节内容
LAWRENCE_074,班课,Daniel,L002191,2025/12/11,周四,jueves,Thursday,13:00,20:00,+7h,1.5,听力,11,课堂参与积极
ZOE243,小组课,Pilar,L001993,2026-01-13,周二,martes,Tuesday,16:00,10:00,-6h,1.0,阅读,5,完成本节内容
ALICE_449,私教,Alba,L000454,2026-08-18,周二,martes,Tuesday,09:00,15:00,+6h,1.0,复习,6,完成本节内容
TOMMY_054,班课,Carlos,L000104,2025年7月31日,周四,jueves,Thursday,17:00,23:00,+6h,1.0,口语,9,课堂参与积极
CHLOE431,班课,Pablo,L001513,2026-08-12,周三,miércoles,Wednesday,18:00,09:00,-9h,1.0,阅读,6,完成本节内容
HENRY490,小组课,Sara,L002975,2026-06-17,周三,miércoles,Wednesday,15:00,13:00,-2h,1.0,阅读,4,完成本节内容
ELYNN173,班课,Pablo（教务）,L001921,2026-08-26,周三,miércoles,Wednesday,18:00,18:00,+0h,2.0,语法,14,完成本节内容
NOAH_178（教务）,小组课,Elena（教务）,L002571,07/15/2026,周三,miércoles,Wednesday,08:00,14:00,+6h,1.0,阅读,9,课堂参与积极
EMMA_377（教务）,小组课,Daniel,L002173,08/07/2025,周四,jueves,Thursday,13:00,13:00,+0h,1.67,听力,7,语法掌握一般
HANNAH_265,私教,Natalia,L001541,2026年6月1日,周一,lunes,Monday,11:00,05:00,-6h,1.0,语法,5,需要加强口语练习
TIGER460,私教,Rocio,L000002,10/11/2025,周六,sábado,Saturday,10:00,16:00,+6h,1.0,听力,2,语法掌握一般
ERIC396,私教,Carmen,L001218,2025-11-28,周五,viernes,Friday,10:00,10:00,+0h,2.0,阅读,8,完成本节内容
ZOE_393,小组课,Sara,L002764,2026/05/13,周三,miércoles,Wednesday,11:00,11:00,+0h,1.0,语法,5,完成本节内容
LUIS_153（教务）,私教,Sara,L001615,2026/08/26,周三,miércoles,Wednesday,15:00,15:00,+0h,1.0,阅读,6,完成本节内容
NINA_295（教务）,班课,Daniel（教务）,L002185,2025-10-30,周四,jueves,Thursday,13:00,12:00,-1h,1.67,语法,8,课堂参与积极
ETTA_321,小组课,Anna,L002450,2025-04-24,周四,jueves,Thursday,17:00,14:00,-3h,1.0,语法,1,课堂参与积极
OSCAR_336（教务）,小组课,Daniel,L002171,07/24/2025,周四,jueves,Thursday,13:00,12:00,-1h,1.67,口语,8,语法掌握一般
SARAH_298,班课,Natalia,L000073,2026/05/02,周六,sábado,Saturday,18:00,00:00,+6h,1.5,复习,3,课堂参与积极
TIGER_460,私教,Rocio（教务）,L000046,2026-08-15,周六,sábado,Saturday,10:00,15:00,+5h,1.0,语法,8,语法掌握一般
TIGER_460,私教,Rocio,L000022,2026年2月28日,周六,sábado,Saturday,10:00,17:00,+7h,1.5,听力,2,
ALFRED472,班课,Elena,L002330,2026-03-25,周三,miércoles,Wednesday,08:00,18:00,+10h,1.0,语法,8,课堂参与积极
SNOW_119,小组课,Sara,L002981,2026年7月29日,周三,miércoles,Wednesday,15:00,09:00,-6h,1.0,阅读,5,语法掌握一般
NINA_295,班课,Daniel（教务）,L002221,2026年7月9日,周四,jueves,Thursday,13:00,12:00,-1h,1.0,口语,9,语法掌握一般
TOMMY_204（教务）,班课,Lucia,L003051,2025年12月14日,周日,domingo,Sunday,18:00,18:00,+0h,1.0,复习,14,课堂参与积极
HANNAH_215,私教,Consuelo,L001267,2025-12-13,周六,sábado,Saturday,18:00,09:00,-9h,1.0,语法,5,课堂参与积极
NINA245,班课,Pilar,L002070,2026/03/01,周日,domingo,Sunday,08:00,18:00,+10h,1.0,语法,3,需要加强口语练习
LUNA_033（教务）,班课,Alba（教务）,L002914,2026/02/08,周日,domingo,Sunday,18:00,04:00,+10h,1.0,口语,2,完成本节内容
ELYNN473,小组课,Rocio,L002663,2025-09-12,周五,viernes,Friday,12:00,18:00,+6h,1.67,复习,3,完成本节内容
CHLOE231,班课,Sandra,L000587,2026-08-09,周日,domingo,Sunday,15:00,15:00,+0h,1.5,阅读,13,语法掌握一般
GRACE437,班课,Rocio,L002288,06/05/2026,周五,viernes,Friday,08:00,14:00,+6h,1.0,听力,3,完成本节内容
TOMMY_304,小组课,Rocio,L000187,2026-08-10,周一,lunes,Monday,18:00,17:00,-1h,1.67,口语,2,需要加强口语练习
JERRY_217,小组课,Pablo,L001509,2026-07-15,周三,miércoles,Wednesday,18:00,09:00,-9h,1.5,口语,7,语法掌握一般
ETTA321,小组课,Anna,L002512,2026-07-02,周四,jueves,Thursday,17:00,17:00,+0h,1.0,语法,11,
AVA_135（教务）,小组课,Rocio,L002244,2025-08-01,周五,viernes,Friday,08:00,07:00,-1h,1.5,复习,2,课堂参与积极
TOMMY_054,班课,Carlos,L000127,2026年1月8日,周四,jueves,Thursday,17:00,00:00,+7h,1.0,语法,10,需要加强口语练习
LARRY_411,班课,Rocio,L002669,2025-10-24,周五,viernes,Friday,12:00,18:00,+6h,1.67,复习,10,课堂参与积极
ISABELA_320（教务）,班课,Miguel,L002614,2026年3月8日,周日,domingo,Sunday,15:00,22:00,+7h,2.0,听力,13,需要加强口语练习
ZOE243,班课,Pilar,L002010,2026/05/12,周二,martes,Tuesday,16:00,10:00,-6h,1.0,口语,6,完成本节内容
ELVA_263,班课,Elena,L001755,2025/12/24,周三,miércoles,Wednesday,08:00,23:00,-9h,2.0,口语,7,完成本节内容
LIAM_341,班课,Sara,L001404,2025/11/05,周三,miércoles,Wednesday,15:00,22:00,+7h,1.0,口语,2,完成本节内容
ALFRED222,小组课,Anna,L002448,2025/04/10,周四,jueves,Thursday,17:00,17:00,+0h,1.0,口语,12,完成本节内容
